Copyright 1986-2017 Xilinx, Inc. All Rights Reserved.
---------------------------------------------------------------------------------------
| Tool Version : Vivado v.2017.4 (win64) Build 2086221 Fri Dec 15 20:55:39 MST 2017
| Date         : Thu May 22 21:18:31 2025
| Host         : Dupreeh running 64-bit major release  (build 9200)
| Command      : report_control_sets -verbose -file top_module_control_sets_placed.rpt
| Design       : top_module
| Device       : xc7a35t
---------------------------------------------------------------------------------------

Control Set Information

Table of Contents
-----------------
1. Summary
2. Flip-Flop Distribution
3. Detailed Control Set Information

1. Summary
----------

+----------------------------------------------------------+-------+
|                          Status                          | Count |
+----------------------------------------------------------+-------+
| Number of unique control sets                            |   782 |
| Unused register locations in slices containing registers |  4206 |
+----------------------------------------------------------+-------+


2. Flip-Flop Distribution
-------------------------

+--------------+-----------------------+------------------------+-----------------+--------------+
| Clock Enable | Synchronous Set/Reset | Asynchronous Set/Reset | Total Registers | Total Slices |
+--------------+-----------------------+------------------------+-----------------+--------------+
| No           | No                    | No                     |             190 |           89 |
| No           | No                    | Yes                    |             120 |           39 |
| No           | Yes                   | No                     |               0 |            0 |
| Yes          | No                    | No                     |              16 |            3 |
| Yes          | No                    | Yes                    |            3156 |         1256 |
| Yes          | Yes                   | No                     |               8 |            2 |
+--------------+-----------------------+------------------------+-----------------+--------------+


3. Detailed Control Set Information
-----------------------------------

+------------------------------------+-----------------------------------------------+------------------------------------------------+------------------+----------------+
|            Clock Signal            |                 Enable Signal                 |                Set/Reset Signal                | Slice Load Count | Bel Load Count |
+------------------------------------+-----------------------------------------------+------------------------------------------------+------------------+----------------+
|  clk_BUFG                          | uut_if/regs_reg[13][31][0]                    | uut_decoder/regs_reg[10][31]_0                 |                1 |              1 |
|  clk_BUFG                          | uut_if/regs_reg[23][31][0]                    | uut_uart/u_reg/u_uart32_8/tx_en_reg_0          |                1 |              1 |
|  clk_BUFG                          | uut_if/regs_reg[25][31][0]                    | uut_uart/last_regs_reg[3][5]_0                 |                1 |              1 |
|  clk_BUFG                          | uut_if/regs_reg[25][31][0]                    | uut_uart/last_regs_reg[3][14]_0                |                1 |              1 |
|  clk_BUFG                          | uut_if/regs_reg[5][31][0]                     | uut_decoder/regs_reg[10][31]_0                 |                1 |              1 |
|  clk_BUFG                          | uut_if/regs_reg[13][31][0]                    | uut_uart/last_regs_reg[3][5]_0                 |                1 |              1 |
|  clk_BUFG                          | uut_if/regs_reg[25][31][0]                    | uut_uart/u_reg/u_uart32_8/tx_en_reg_0          |                1 |              1 |
|  clk_BUFG                          | uut_if/regs_reg[24][31][0]                    | uut_uart/u_reg/u_uart32_8/tx_en_reg_0          |                1 |              1 |
|  clk_BUFG                          | uut_if/regs_reg[29][31][0]                    | uut_uart/last_regs_reg[3][29]_0                |                1 |              1 |
|  clk_BUFG                          | uut_if/regs_reg[29][31][0]                    | uut_uart/last_regs_reg[5][23]_0                |                1 |              1 |
|  clk_BUFG                          | uut_if/regs_reg[20][31][0]                    | uut_decoder/regs_reg[10][31]_0                 |                1 |              1 |
|  clk_BUFG                          | uut_if/regs_reg[9][31][0]                     | uut_uart/last_regs_reg[3][5]_0                 |                1 |              1 |
|  clk_BUFG                          | uut_if/regs_reg[2][31][0]                     | uut_decoder/regs_reg[10][31]_0                 |                1 |              1 |
|  clk_BUFG                          | uut_if/regs_reg[29][31][0]                    | uut_uart/last_regs_reg[3][14]_0                |                1 |              1 |
|  clk_BUFG                          | uut_if/regs_reg[9][31][0]                     | uut_decoder/regs_reg[10][31]_0                 |                1 |              1 |
|  clk_BUFG                          | uut_if/regs_reg[14][31][0]                    | uut_decoder/regs_reg[10][31]_0                 |                1 |              1 |
|  clk_BUFG                          | uut_if/regs_reg[15][31][0]                    | uut_decoder/regs_reg[10][31]_0                 |                1 |              1 |
|  clk_BUFG                          | uut_if/regs_reg[20][31][0]                    | uut_uart/last_regs_reg[3][5]_0                 |                1 |              1 |
|  clk_BUFG                          | uut_if/regs_reg[20][31][0]                    | uut_uart/last_regs_reg[3][14]_0                |                1 |              1 |
|  clk_BUFG                          | uut_if/regs_reg[22][31][0]                    | uut_decoder/regs_reg[10][31]_0                 |                1 |              1 |
|  clk_BUFG                          | uut_if/regs_reg[2][31][0]                     | uut_uart/last_regs_reg[3][29]_0                |                1 |              1 |
|  clk_BUFG                          | uut_if/regs_reg[15][31][0]                    | uut_uart/last_regs_reg[3][5]_0                 |                1 |              1 |
|  clk_BUFG                          | uut_if/regs_reg[14][31][0]                    | uut_uart/last_regs_reg[3][5]_0                 |                1 |              1 |
|  clk_BUFG                          | uut_if/regs_reg[2][31][0]                     | uut_uart/last_regs_reg[5][23]_0                |                1 |              1 |
|  clk_BUFG                          | uut_if/regs_reg[29][31][0]                    | uut_uart/u_reg/u_uart32_8/tx_en_reg_0          |                1 |              1 |
|  clk_BUFG                          | uut_if/regs_reg[2][31][0]                     | uut_uart/last_regs_reg[3][14]_0                |                1 |              1 |
|  clk_BUFG                          | uut_if/regs_reg[22][31][0]                    | uut_uart/last_regs_reg[3][5]_0                 |                1 |              1 |
|  clk_BUFG                          | uut_if/regs_reg[22][31][0]                    | uut_uart/last_regs_reg[3][14]_0                |                1 |              1 |
|  clk_BUFG                          | uut_if/regs_reg[30][31][0]                    | uut_uart/last_regs_reg[3][29]_0                |                1 |              1 |
|  clk_BUFG                          | uut_if/regs_reg[19][31][0]                    | uut_decoder/regs_reg[10][31]_0                 |                1 |              1 |
|  clk_BUFG                          | uut_if/regs_reg[30][31][0]                    | uut_uart/last_regs_reg[5][23]_0                |                1 |              1 |
|  clk_BUFG                          | uut_if/regs_reg[16][31][0]                    | uut_decoder/regs_reg[10][31]_0                 |                1 |              1 |
|  clk_BUFG                          | uut_if/regs_reg[26][31][0]                    | uut_uart/last_regs_reg[3][14]_0                |                1 |              1 |
|  clk_BUFG                          | uut_if/regs_reg[4][31][0]                     | uut_uart/last_regs_reg[5][23]_0                |                1 |              1 |
|  clk_BUFG                          | uut_if/regs_reg[18][31][0]                    | uut_decoder/regs_reg[10][31]_0                 |                1 |              1 |
|  clk_BUFG                          | uut_if/regs_reg[26][31][0]                    | uut_uart/u_reg/u_uart32_8/tx_en_reg_0          |                1 |              1 |
|  clk_BUFG                          | uut_if/regs_reg[16][31][0]                    | uut_uart/last_regs_reg[3][5]_0                 |                1 |              1 |
|  clk_BUFG                          | uut_if/regs_reg[19][31][0]                    | uut_uart/last_regs_reg[3][5]_0                 |                1 |              1 |
|  clk_BUFG                          | uut_if/regs_reg[19][31][0]                    | uut_uart/last_regs_reg[3][14]_0                |                1 |              1 |
|  clk_BUFG                          | uut_if/regs_reg[30][31][0]                    | uut_uart/last_regs_reg[3][14]_0                |                1 |              1 |
|  clk_BUFG                          | uut_if/regs_reg[18][31][0]                    | uut_uart/last_regs_reg[3][5]_0                 |                1 |              1 |
|  clk_BUFG                          | uut_if/regs_reg[3][31][0]                     | uut_decoder/regs_reg[10][31]_0                 |                1 |              1 |
|  clk_BUFG                          | uut_if/regs_reg[30][31][0]                    | uut_uart/u_reg/u_uart32_8/tx_en_reg_0          |                1 |              1 |
|  clk_BUFG                          | uut_if/regs_reg[1][31][0]                     | uut_decoder/regs_reg[10][31]_0                 |                1 |              1 |
|  clk_BUFG                          | uut_if/regs_reg[4][31][0]                     | uut_decoder/regs_reg[10][31]_0                 |                1 |              1 |
|  clk_BUFG                          | uut_if/regs_reg[7][31][0]                     | uut_decoder/regs_reg[10][31]_0                 |                1 |              1 |
|  clk_BUFG                          | uut_if/regs_reg[11][31][0]                    | uut_decoder/regs_reg[10][31]_0                 |                1 |              1 |
|  clk_BUFG                          | uut_if/regs_reg[1][31][0]                     | uut_uart/last_regs_reg[3][29]_0                |                1 |              1 |
|  clk_BUFG                          | uut_if/regs_reg[1][31][0]                     | uut_uart/last_regs_reg[5][23]_0                |                1 |              1 |
|  clk_BUFG                          | uut_if/regs_reg[21][31][0]                    | uut_decoder/regs_reg[10][31]_0                 |                1 |              1 |
|  clk_BUFG                          | uut_if/regs_reg[3][31][0]                     | uut_uart/last_regs_reg[3][29]_0                |                1 |              1 |
|  clk_BUFG                          | uut_if/regs_reg[11][31][0]                    | uut_uart/last_regs_reg[3][5]_0                 |                1 |              1 |
|  clk_BUFG                          | uut_if/regs_reg[1][31][0]                     | uut_uart/last_regs_reg[3][14]_0                |                1 |              1 |
|  clk_BUFG                          | uut_if/regs_reg[3][31][0]                     | uut_uart/last_regs_reg[5][23]_0                |                1 |              1 |
|  clk_BUFG                          | uut_if/regs_reg[31][31][0]                    | uut_uart/last_regs_reg[3][29]_0                |                1 |              1 |
|  clk_BUFG                          | uut_if/regs_reg[27][31][0]                    | uut_uart/last_regs_reg[5][23]_0                |                1 |              1 |
|  clk_BUFG                          | uut_if/regs_reg[21][31][0]                    | uut_uart/last_regs_reg[3][5]_0                 |                1 |              1 |
|  clk_BUFG                          | uut_if/regs_reg[27][31][0]                    | uut_uart/last_regs_reg[3][14]_0                |                1 |              1 |
|  clk_BUFG                          | uut_if/regs_reg[21][31][0]                    | uut_uart/last_regs_reg[3][14]_0                |                1 |              1 |
|  clk_BUFG                          | uut_if/regs_reg[27][31][0]                    | uut_uart/u_reg/u_uart32_8/tx_en_reg_0          |                1 |              1 |
|  clk_BUFG                          | uut_if/regs_reg[31][31][0]                    | uut_uart/last_regs_reg[5][23]_0                |                1 |              1 |
|  clk_BUFG                          | uut_if/regs_reg[12][31][0]                    | uut_decoder/regs_reg[10][31]_0                 |                1 |              1 |
|  init_clk_IBUF_BUFG                | uut_uart/u_tx/tx_i_1_n_3                      | uut_output/uut_clk_display/cnt_reg[24]_0       |                1 |              1 |
|  clk_BUFG                          | uut_if/regs_reg[28][31][0]                    | uut_uart/last_regs_reg[5][23]_0                |                1 |              1 |
|  clk_BUFG                          | uut_if/regs_reg[31][31][0]                    | uut_uart/last_regs_reg[3][14]_0                |                1 |              1 |
|  clk_BUFG                          | uut_if/regs_reg[28][31][0]                    | uut_uart/last_regs_reg[3][14]_0                |                1 |              1 |
|  clk_BUFG                          | uut_if/regs_reg[12][31][0]                    | uut_uart/last_regs_reg[3][5]_0                 |                1 |              1 |
|  clk_BUFG                          | uut_if/regs_reg[6][31][0]                     | uut_decoder/regs_reg[10][31]_0                 |                1 |              1 |
|  clk_BUFG                          | uut_if/regs_reg[28][31][0]                    | uut_uart/u_reg/u_uart32_8/tx_en_reg_0          |                1 |              1 |
|  clk_BUFG                          | uut_if/regs_reg[31][31][0]                    | uut_uart/u_reg/u_uart32_8/tx_en_reg_0          |                1 |              1 |
|  clk_BUFG                          | uut_if/regs_reg[8][31][0]                     | uut_decoder/regs_reg[10][31]_0                 |                1 |              1 |
|  n_0_8674_BUFG                     |                                               |                                                |                1 |              1 |
|  clk_BUFG                          | uut_if/regs_reg[24][31][0]                    | uut_uart/last_regs_reg[3][5]_0                 |                1 |              1 |
|  clk_BUFG                          | uut_if/regs_reg[23][31][0]                    | uut_uart/last_regs_reg[3][5]_0                 |                1 |              1 |
|  clk_BUFG                          | uut_if/regs_reg[23][31][0]                    | uut_uart/last_regs_reg[3][14]_0                |                1 |              1 |
|  clk_BUFG                          | uut_if/regs_reg[24][31][0]                    | uut_uart/last_regs_reg[3][14]_0                |                1 |              1 |
|  uut_debounce_divider/clk_de       |                                               | uut_uart/u_rx/data_valid_reg_0                 |                2 |              2 |
|  init_clk_IBUF_BUFG                | uut_decoder/last_regs_reg[24][31][0]          | uut_decoder/regs_reg[23][31]_0                 |                1 |              2 |
|  init_clk_IBUF_BUFG                | uut_decoder/last_regs_reg[26][31][0]          | uut_decoder/regs_reg[23][31]_0                 |                1 |              2 |
|  init_clk_IBUF_BUFG                | uut_decoder/last_regs_reg[25][31][0]          | uut_decoder/regs_reg[23][31]_0                 |                1 |              2 |
|  clk_BUFG                          | uut_if/regs_reg[30][31][0]                    | uut_decoder/regs_reg[13][6]_0                  |                1 |              2 |
|  init_clk_IBUF_BUFG                | uut_decoder/last_regs_reg[27][31][0]          | uut_decoder/regs_reg[23][31]_0                 |                1 |              2 |
|  clk_BUFG                          | uut_if/regs_reg[30][31][0]                    | uut_uart/last_regs_reg[3][5]_0                 |                1 |              2 |
|  clk_BUFG                          | uut_if/regs_reg[30][31][0]                    | uut_uart/last_regs_reg[3][20]_0                |                2 |              2 |
|  clk_BUFG                          | uut_if/regs_reg[29][31][0]                    | uut_decoder/regs_reg[9][2]_0                   |                1 |              2 |
|  init_clk_IBUF_BUFG                | uut_decoder/last_regs_reg[29][31][0]          | uut_decoder/regs_reg[23][31]_0                 |                1 |              2 |
|  clk_BUFG                          | uut_if/regs_reg[15][31][0]                    | uut_decoder/regs_reg[27][18]_0                 |                1 |              2 |
|  clk_BUFG                          | uut_if/regs_reg[15][31][0]                    | uut_decoder/regs_reg[19][11]_0                 |                2 |              2 |
|  clk_BUFG                          | uut_if/regs_reg[29][31][0]                    | uut_decoder/regs_reg[19][11]_0                 |                1 |              2 |
|  clk_BUFG                          | uut_if/regs_reg[15][31][0]                    | uut_decoder/regs_reg[18][24]_0                 |                2 |              2 |
|  clk_BUFG                          | uut_if/regs_reg[15][31][0]                    | uut_decoder/regs_reg[25][9]_0                  |                1 |              2 |
|  clk_BUFG                          | uut_if/regs_reg[15][31][0]                    | uut_decoder/regs_reg[23][31]_0                 |                1 |              2 |
|  init_clk_IBUF_BUFG                | uut_decoder/last_regs_reg[28][31][0]          | uut_decoder/regs_reg[23][31]_0                 |                1 |              2 |
|  init_clk_IBUF_BUFG                | uut_decoder/last_regs_reg[30][31][0]          | uut_decoder/regs_reg[23][31]_0                 |                1 |              2 |
|  clk_BUFG                          | uut_if/regs_reg[15][31][0]                    | uut_uart/last_regs_reg[3][29]_0                |                1 |              2 |
|  clk_BUFG                          | uut_if/regs_reg[15][31][0]                    | uut_uart/last_regs_reg[5][23]_0                |                1 |              2 |
|  clk_BUFG                          | uut_if/regs_reg[15][31][0]                    | uut_uart/last_regs_reg[3][14]_0                |                1 |              2 |
|  clk_BUFG                          | uut_if/regs_reg[15][31][0]                    | uut_uart/last_regs_reg[3][20]_0                |                1 |              2 |
|  init_clk_IBUF_BUFG                | uut_decoder/last_regs_reg[31][31][0]          | uut_decoder/regs_reg[23][31]_0                 |                1 |              2 |
|  clk_BUFG                          | uut_if/regs_reg[16][31][0]                    | uut_decoder/regs_reg[27][18]_0                 |                1 |              2 |
|  clk_BUFG                          | uut_if/regs_reg[16][31][0]                    | uut_decoder/regs_reg[19][11]_0                 |                1 |              2 |
|  init_clk_IBUF_BUFG                | uut_decoder/last_regs_reg[3][31][0]           | uut_decoder/regs_reg[23][31]_0                 |                1 |              2 |
|  clk_BUFG                          | uut_if/regs_reg[16][31][0]                    | uut_decoder/regs_reg[18][24]_0                 |                2 |              2 |
|  clk_BUFG                          | uut_if/regs_reg[16][31][0]                    | uut_decoder/regs_reg[25][9]_0                  |                1 |              2 |
|  clk_BUFG                          | uut_if/regs_reg[16][31][0]                    | uut_decoder/regs_reg[23][31]_0                 |                2 |              2 |
|  clk_BUFG                          | uut_if/regs_reg[29][31][0]                    | uut_decoder/regs_reg[13][6]_0                  |                1 |              2 |
|  init_clk_IBUF_BUFG                | uut_decoder/last_regs_reg[4][31][0]           | uut_decoder/regs_reg[23][31]_0                 |                1 |              2 |
|  clk_BUFG                          | uut_if/regs_reg[16][31][0]                    | uut_uart/last_regs_reg[3][29]_0                |                1 |              2 |
|  clk_BUFG                          | uut_if/regs_reg[16][31][0]                    | uut_uart/last_regs_reg[5][23]_0                |                1 |              2 |
|  clk_BUFG                          | uut_if/regs_reg[16][31][0]                    | uut_uart/last_regs_reg[3][14]_0                |                1 |              2 |
|  clk_BUFG                          | uut_if/regs_reg[16][31][0]                    | uut_uart/last_regs_reg[3][20]_0                |                1 |              2 |
|  clk_BUFG                          | uut_if/regs_reg[29][31][0]                    | uut_uart/last_regs_reg[3][5]_0                 |                1 |              2 |
|  clk_BUFG                          | uut_if/regs_reg[29][31][0]                    | uut_uart/last_regs_reg[3][20]_0                |                2 |              2 |
|  clk_BUFG                          | uut_if/regs_reg[11][31][0]                    | uut_decoder/regs_reg[19][11]_0                 |                1 |              2 |
|  clk_BUFG                          | uut_if/regs_reg[6][31][0]                     | uut_decoder/regs_reg[9][2]_0                   |                1 |              2 |
|  clk_BUFG                          | uut_if/regs_reg[11][31][0]                    | uut_decoder/regs_reg[18][24]_0                 |                2 |              2 |
|  init_clk_IBUF_BUFG                | uut_decoder/last_regs_reg[5][31][0]           | uut_decoder/regs_reg[23][31]_0                 |                1 |              2 |
|  clk_BUFG                          | uut_if/regs_reg[11][31][0]                    | uut_decoder/regs_reg[23][31]_0                 |                1 |              2 |
|  clk_BUFG                          | uut_if/regs_reg[11][31][0]                    | uut_decoder/regs_reg[13][6]_0                  |                1 |              2 |
|  clk_BUFG                          | uut_if/regs_reg[11][31][0]                    | uut_decoder/regs_reg[15][15]_0                 |                1 |              2 |
|  clk_BUFG                          | uut_if/regs_reg[11][31][0]                    | uut_uart/last_regs_reg[3][29]_0                |                1 |              2 |
|  clk_BUFG                          | uut_if/regs_reg[11][31][0]                    | uut_uart/last_regs_reg[5][23]_0                |                2 |              2 |
|  clk_BUFG                          | uut_if/regs_reg[11][31][0]                    | uut_uart/last_regs_reg[3][14]_0                |                1 |              2 |
|  clk_BUFG                          | uut_if/regs_reg[11][31][0]                    | uut_uart/last_regs_reg[3][20]_0                |                1 |              2 |
|  clk_BUFG                          | uut_if/regs_reg[6][31][0]                     | uut_decoder/regs_reg[19][11]_0                 |                1 |              2 |
|  init_clk_IBUF_BUFG                | uut_decoder/last_regs_reg[6][31][0]           | uut_decoder/regs_reg[23][31]_0                 |                1 |              2 |
|  clk_BUFG                          | uut_if/regs_reg[12][31][0]                    | uut_decoder/regs_reg[19][11]_0                 |                1 |              2 |
|  clk_BUFG                          | uut_if/regs_reg[6][31][0]                     | uut_decoder/regs_reg[18][24]_0                 |                2 |              2 |
|  clk_BUFG                          | uut_if/regs_reg[12][31][0]                    | uut_decoder/regs_reg[18][24]_0                 |                2 |              2 |
|  init_clk_IBUF_BUFG                | uut_decoder/last_regs_reg[7][31][0]           | uut_decoder/regs_reg[23][31]_0                 |                1 |              2 |
|  clk_BUFG                          | uut_if/regs_reg[12][31][0]                    | uut_decoder/regs_reg[23][31]_0                 |                1 |              2 |
|  clk_BUFG                          | uut_if/regs_reg[12][31][0]                    | uut_decoder/regs_reg[13][6]_0                  |                1 |              2 |
|  clk_BUFG                          | uut_if/regs_reg[12][31][0]                    | uut_decoder/regs_reg[15][15]_0                 |                1 |              2 |
|  clk_BUFG                          | uut_if/regs_reg[12][31][0]                    | uut_uart/last_regs_reg[3][29]_0                |                2 |              2 |
|  clk_BUFG                          | uut_if/regs_reg[12][31][0]                    | uut_uart/last_regs_reg[5][23]_0                |                2 |              2 |
|  clk_BUFG                          | uut_if/regs_reg[12][31][0]                    | uut_uart/last_regs_reg[3][14]_0                |                1 |              2 |
|  clk_BUFG                          | uut_if/regs_reg[12][31][0]                    | uut_uart/last_regs_reg[3][20]_0                |                1 |              2 |
|  clk_BUFG                          | uut_if/regs_reg[6][31][0]                     | uut_decoder/regs_reg[23][31]_0                 |                1 |              2 |
|  clk_BUFG                          | uut_if/regs_reg[6][31][0]                     | uut_decoder/regs_reg[13][6]_0                  |                1 |              2 |
|  clk_BUFG                          | uut_if/regs_reg[13][31][0]                    | uut_decoder/regs_reg[19][11]_0                 |                1 |              2 |
|  clk_BUFG                          | uut_if/regs_reg[6][31][0]                     | uut_decoder/regs_reg[15][15]_0                 |                1 |              2 |
|  clk_BUFG                          | uut_if/regs_reg[13][31][0]                    | uut_decoder/regs_reg[18][24]_0                 |                2 |              2 |
|  clk_BUFG                          | uut_if/regs_reg[13][31][0]                    | uut_decoder/regs_reg[25][9]_0                  |                1 |              2 |
|  clk_BUFG                          | uut_if/regs_reg[13][31][0]                    | uut_decoder/regs_reg[23][31]_0                 |                1 |              2 |
|  clk_BUFG                          | uut_if/regs_reg[6][31][0]                     | uut_uart/last_regs_reg[3][29]_0                |                1 |              2 |
|  clk_BUFG                          | uut_if/regs_reg[13][31][0]                    | uut_decoder/regs_reg[15][15]_0                 |                1 |              2 |
|  clk_BUFG                          | uut_if/regs_reg[13][31][0]                    | uut_uart/last_regs_reg[3][29]_0                |                2 |              2 |
|  clk_BUFG                          | uut_if/regs_reg[13][31][0]                    | uut_uart/last_regs_reg[5][23]_0                |                2 |              2 |
|  clk_BUFG                          | uut_if/regs_reg[13][31][0]                    | uut_uart/last_regs_reg[3][14]_0                |                1 |              2 |
|  clk_BUFG                          | uut_if/regs_reg[13][31][0]                    | uut_uart/last_regs_reg[3][20]_0                |                1 |              2 |
|  clk_BUFG                          | uut_if/regs_reg[6][31][0]                     | uut_uart/last_regs_reg[5][23]_0                |                2 |              2 |
|  clk_BUFG                          | uut_if/regs_reg[6][31][0]                     | uut_uart/last_regs_reg[3][5]_0                 |                2 |              2 |
|  clk_BUFG                          | uut_if/regs_reg[14][31][0]                    | uut_decoder/regs_reg[19][11]_0                 |                1 |              2 |
|  clk_BUFG                          | uut_if/regs_reg[6][31][0]                     | uut_uart/last_regs_reg[3][14]_0                |                1 |              2 |
|  clk_BUFG                          | uut_if/regs_reg[14][31][0]                    | uut_decoder/regs_reg[18][24]_0                 |                2 |              2 |
|  clk_BUFG                          | uut_if/regs_reg[14][31][0]                    | uut_decoder/regs_reg[25][9]_0                  |                1 |              2 |
|  clk_BUFG                          | uut_if/regs_reg[14][31][0]                    | uut_decoder/regs_reg[23][31]_0                 |                2 |              2 |
|  clk_BUFG                          | uut_if/regs_reg[6][31][0]                     | uut_uart/last_regs_reg[3][20]_0                |                2 |              2 |
|  clk_BUFG                          | uut_if/regs_reg[14][31][0]                    | uut_decoder/regs_reg[15][15]_0                 |                1 |              2 |
|  clk_BUFG                          | uut_if/regs_reg[14][31][0]                    | uut_uart/last_regs_reg[3][29]_0                |                1 |              2 |
|  clk_BUFG                          | uut_if/regs_reg[14][31][0]                    | uut_uart/last_regs_reg[5][23]_0                |                2 |              2 |
|  clk_BUFG                          | uut_if/regs_reg[14][31][0]                    | uut_uart/last_regs_reg[3][14]_0                |                2 |              2 |
|  clk_BUFG                          | uut_if/regs_reg[14][31][0]                    | uut_uart/last_regs_reg[3][20]_0                |                1 |              2 |
|  clk_BUFG                          | uut_if/regs_reg[5][31][0]                     | uut_decoder/regs_reg[9][2]_0                   |                1 |              2 |
|  init_clk_IBUF_BUFG                | uut_decoder/last_regs_reg[9][31][0]           | uut_decoder/regs_reg[23][31]_0                 |                1 |              2 |
|  clk_BUFG                          | uut_if/regs_reg[18][31][0]                    | uut_decoder/regs_reg[27][18]_0                 |                2 |              2 |
|  clk_BUFG                          | uut_if/regs_reg[18][31][0]                    | uut_decoder/regs_reg[19][11]_0                 |                1 |              2 |
|  clk_BUFG                          | uut_if/regs_reg[18][31][0]                    | uut_decoder/regs_reg[29][27]_0                 |                1 |              2 |
|  clk_BUFG                          | uut_if/regs_reg[5][31][0]                     | uut_decoder/regs_reg[19][11]_0                 |                1 |              2 |
|  clk_BUFG                          | uut_if/regs_reg[18][31][0]                    | uut_decoder/regs_reg[25][9]_0                  |                1 |              2 |
|  clk_BUFG                          | uut_if/regs_reg[18][31][0]                    | uut_decoder/regs_reg[23][31]_0                 |                2 |              2 |
|  init_clk_IBUF_BUFG                | uut_decoder/last_regs_reg[8][31][0]           | uut_decoder/regs_reg[23][31]_0                 |                1 |              2 |
|  clk_BUFG                          | uut_if/regs_reg[5][31][0]                     | uut_decoder/regs_reg[18][24]_0                 |                2 |              2 |
|  clk_BUFG                          | uut_if/regs_reg[18][31][0]                    | uut_uart/last_regs_reg[3][29]_0                |                2 |              2 |
|  clk_BUFG                          | uut_if/regs_reg[18][31][0]                    | uut_uart/last_regs_reg[5][23]_0                |                1 |              2 |
|  clk_BUFG                          | uut_if/regs_reg[18][31][0]                    | uut_uart/last_regs_reg[3][14]_0                |                1 |              2 |
|  clk_BUFG                          | uut_if/regs_reg[18][31][0]                    | uut_uart/last_regs_reg[3][20]_0                |                1 |              2 |
|  clk_BUFG                          | uut_if/regs_reg[27][31][0]                    | uut_decoder/regs_reg[9][2]_0                   |                1 |              2 |
|  init_clk_IBUF_BUFG                | uut_uart/u_reg/u_uart32_8/send_cnt_reg[0]_rep | uut_uart/u_reg/send_cnt_reg[0]_rep_0           |                1 |              2 |
|  clk_BUFG                          | uut_if/regs_reg[27][31][0]                    | uut_decoder/regs_reg[19][11]_0                 |                2 |              2 |
|  clk_BUFG                          | uut_if/regs_reg[27][31][0]                    | uut_decoder/regs_reg[29][27]_0                 |                1 |              2 |
|  clk_BUFG                          | uut_if/regs_reg[5][31][0]                     | uut_decoder/regs_reg[23][31]_0                 |                1 |              2 |
|  clk_BUFG                          | uut_if/regs_reg[5][31][0]                     | uut_decoder/regs_reg[13][6]_0                  |                1 |              2 |
|  clk_BUFG                          | uut_if/regs_reg[5][31][0]                     | uut_decoder/regs_reg[15][15]_0                 |                2 |              2 |
|  clk_BUFG                          | uut_if/regs_reg[27][31][0]                    | uut_decoder/regs_reg[13][6]_0                  |                2 |              2 |
|  clk_BUFG                          | uut_if/regs_reg[5][31][0]                     | uut_uart/last_regs_reg[3][29]_0                |                2 |              2 |
|  clk_BUFG                          | uut_if/regs_reg[27][31][0]                    | uut_uart/last_regs_reg[3][29]_0                |                1 |              2 |
|  clk_BUFG                          | uut_if/regs_reg[27][31][0]                    | uut_uart/last_regs_reg[3][5]_0                 |                1 |              2 |
|  clk_BUFG                          | uut_if/regs_reg[27][31][0]                    | uut_uart/last_regs_reg[3][20]_0                |                2 |              2 |
|  clk_BUFG                          | uut_if/regs_reg[23][31][0]                    | uut_decoder/regs_reg[9][2]_0                   |                1 |              2 |
|  clk_BUFG                          | uut_if/regs_reg[23][31][0]                    | uut_decoder/regs_reg[27][18]_0                 |                1 |              2 |
|  clk_BUFG                          | uut_if/regs_reg[5][31][0]                     | uut_uart/last_regs_reg[5][23]_0                |                1 |              2 |
|  clk_BUFG                          | uut_if/regs_reg[23][31][0]                    | uut_decoder/regs_reg[29][27]_0                 |                1 |              2 |
|  clk_BUFG                          | uut_if/regs_reg[5][31][0]                     | uut_uart/last_regs_reg[3][5]_0                 |                1 |              2 |
|  clk_BUFG                          | uut_if/regs_reg[23][31][0]                    | uut_decoder/regs_reg[25][9]_0                  |                2 |              2 |
|  clk_BUFG                          | uut_if/regs_reg[5][31][0]                     | uut_uart/last_regs_reg[3][14]_0                |                2 |              2 |
|  clk_BUFG                          | uut_if/regs_reg[5][31][0]                     | uut_uart/last_regs_reg[3][20]_0                |                1 |              2 |
|  clk_BUFG                          | uut_if/regs_reg[3][31][0]                     | uut_decoder/regs_reg[9][2]_0                   |                1 |              2 |
|  clk_BUFG                          | uut_if/regs_reg[23][31][0]                    | uut_uart/last_regs_reg[3][29]_0                |                1 |              2 |
|  clk_BUFG                          | uut_if/regs_reg[23][31][0]                    | uut_uart/last_regs_reg[5][23]_0                |                1 |              2 |
|  clk_BUFG                          | uut_if/regs_reg[23][31][0]                    | uut_uart/last_regs_reg[3][20]_0                |                1 |              2 |
|  clk_BUFG                          | uut_if/regs_reg[3][31][0]                     | uut_decoder/regs_reg[19][11]_0                 |                2 |              2 |
|  clk_BUFG                          | uut_if/regs_reg[20][31][0]                    | uut_decoder/regs_reg[27][18]_0                 |                2 |              2 |
|  clk_BUFG                          | uut_if/regs_reg[3][31][0]                     | uut_decoder/regs_reg[13][6]_0                  |                1 |              2 |
|  clk_BUFG                          | uut_if/regs_reg[20][31][0]                    | uut_decoder/regs_reg[29][27]_0                 |                2 |              2 |
|  clk_BUFG                          | uut_if/regs_reg[3][31][0]                     | uut_decoder/regs_reg[15][15]_0                 |                1 |              2 |
|  clk_BUFG                          | uut_if/regs_reg[20][31][0]                    | uut_decoder/regs_reg[25][9]_0                  |                1 |              2 |
|  clk_BUFG                          | uut_if/regs_reg[20][31][0]                    | uut_decoder/regs_reg[23][31]_0                 |                1 |              2 |
|  clk_BUFG                          | uut_if/regs_reg[3][31][0]                     | uut_uart/last_regs_reg[3][5]_0                 |                1 |              2 |
|  clk_BUFG                          | uut_if/regs_reg[3][31][0]                     | uut_uart/last_regs_reg[3][14]_0                |                2 |              2 |
|  clk_BUFG                          | uut_if/regs_reg[20][31][0]                    | uut_uart/last_regs_reg[3][29]_0                |                1 |              2 |
|  clk_BUFG                          | uut_if/regs_reg[20][31][0]                    | uut_uart/last_regs_reg[5][23]_0                |                1 |              2 |
|  clk_BUFG                          | uut_if/regs_reg[20][31][0]                    | uut_uart/last_regs_reg[3][20]_0                |                1 |              2 |
|  clk_BUFG                          | uut_if/regs_reg[3][31][0]                     | uut_uart/last_regs_reg[3][20]_0                |                1 |              2 |
|  clk_BUFG                          | uut_if/regs_reg[19][31][0]                    | uut_decoder/regs_reg[27][18]_0                 |                1 |              2 |
|  clk_BUFG                          | uut_if/regs_reg[7][31][0]                     | uut_decoder/regs_reg[9][2]_0                   |                1 |              2 |
|  clk_BUFG                          | uut_if/regs_reg[19][31][0]                    | uut_decoder/regs_reg[29][27]_0                 |                2 |              2 |
|  clk_BUFG                          | uut_if/regs_reg[7][31][0]                     | uut_decoder/regs_reg[19][11]_0                 |                1 |              2 |
|  clk_BUFG                          | uut_if/regs_reg[19][31][0]                    | uut_decoder/regs_reg[25][9]_0                  |                1 |              2 |
|  clk_BUFG                          | uut_if/regs_reg[19][31][0]                    | uut_decoder/regs_reg[23][31]_0                 |                2 |              2 |
|  clk_BUFG                          | uut_if/regs_reg[7][31][0]                     | uut_decoder/regs_reg[18][24]_0                 |                1 |              2 |
|  clk_BUFG                          | uut_if/regs_reg[7][31][0]                     | uut_decoder/regs_reg[23][31]_0                 |                1 |              2 |
|  clk_BUFG                          | uut_if/regs_reg[19][31][0]                    | uut_uart/last_regs_reg[3][29]_0                |                1 |              2 |
|  clk_BUFG                          | uut_if/regs_reg[19][31][0]                    | uut_uart/last_regs_reg[5][23]_0                |                1 |              2 |
|  clk_BUFG                          | uut_if/regs_reg[19][31][0]                    | uut_uart/last_regs_reg[3][20]_0                |                1 |              2 |
|  clk_BUFG                          | uut_if/regs_reg[7][31][0]                     | uut_decoder/regs_reg[13][6]_0                  |                2 |              2 |
|  clk_BUFG                          | uut_if/regs_reg[21][31][0]                    | uut_decoder/regs_reg[27][18]_0                 |                1 |              2 |
|  clk_BUFG                          | uut_if/regs_reg[7][31][0]                     | uut_decoder/regs_reg[15][15]_0                 |                1 |              2 |
|  clk_BUFG                          | uut_if/regs_reg[21][31][0]                    | uut_decoder/regs_reg[29][27]_0                 |                2 |              2 |
|  clk_BUFG                          | uut_if/regs_reg[7][31][0]                     | uut_uart/last_regs_reg[3][29]_0                |                2 |              2 |
|  clk_BUFG                          | uut_if/regs_reg[21][31][0]                    | uut_decoder/regs_reg[25][9]_0                  |                1 |              2 |
|  clk_BUFG                          | uut_if/regs_reg[21][31][0]                    | uut_decoder/regs_reg[23][31]_0                 |                2 |              2 |
|  clk_BUFG                          | uut_if/regs_reg[7][31][0]                     | uut_uart/last_regs_reg[5][23]_0                |                1 |              2 |
|  clk_BUFG                          | uut_if/regs_reg[7][31][0]                     | uut_uart/last_regs_reg[3][5]_0                 |                2 |              2 |
|  clk_BUFG                          | uut_if/regs_reg[21][31][0]                    | uut_uart/last_regs_reg[3][29]_0                |                1 |              2 |
|  clk_BUFG                          | uut_if/regs_reg[21][31][0]                    | uut_uart/last_regs_reg[5][23]_0                |                1 |              2 |
|  clk_BUFG                          | uut_if/regs_reg[21][31][0]                    | uut_uart/last_regs_reg[3][20]_0                |                1 |              2 |
|  clk_BUFG                          | uut_if/regs_reg[25][31][0]                    | uut_decoder/regs_reg[9][2]_0                   |                1 |              2 |
|  clk_BUFG                          | uut_if/regs_reg[25][31][0]                    | uut_decoder/regs_reg[27][18]_0                 |                1 |              2 |
|  clk_BUFG                          | uut_if/regs_reg[25][31][0]                    | uut_decoder/regs_reg[19][11]_0                 |                2 |              2 |
|  clk_BUFG                          | uut_if/regs_reg[25][31][0]                    | uut_decoder/regs_reg[29][27]_0                 |                1 |              2 |
|  clk_BUFG                          | uut_if/regs_reg[7][31][0]                     | uut_uart/last_regs_reg[3][14]_0                |                1 |              2 |
|  clk_BUFG                          | uut_if/regs_reg[7][31][0]                     | uut_uart/last_regs_reg[3][20]_0                |                1 |              2 |
|  clk_BUFG                          | uut_if/regs_reg[8][31][0]                     | uut_decoder/regs_reg[9][2]_0                   |                1 |              2 |
|  clk_BUFG                          | uut_if/regs_reg[8][31][0]                     | uut_decoder/regs_reg[19][11]_0                 |                1 |              2 |
|  clk_BUFG                          | uut_if/regs_reg[8][31][0]                     | uut_decoder/regs_reg[18][24]_0                 |                2 |              2 |
|  clk_BUFG                          | uut_if/regs_reg[25][31][0]                    | uut_uart/last_regs_reg[3][29]_0                |                1 |              2 |
|  clk_BUFG                          | uut_if/regs_reg[25][31][0]                    | uut_uart/last_regs_reg[5][23]_0                |                1 |              2 |
|  clk_BUFG                          | uut_if/regs_reg[25][31][0]                    | uut_uart/last_regs_reg[3][20]_0                |                2 |              2 |
|  clk_BUFG                          | uut_if/regs_reg[8][31][0]                     | uut_decoder/regs_reg[23][31]_0                 |                1 |              2 |
|  clk_BUFG                          | uut_if/regs_reg[22][31][0]                    | uut_decoder/regs_reg[27][18]_0                 |                1 |              2 |
|  clk_BUFG                          | uut_if/regs_reg[8][31][0]                     | uut_decoder/regs_reg[13][6]_0                  |                1 |              2 |
|  clk_BUFG                          | uut_if/regs_reg[22][31][0]                    | uut_decoder/regs_reg[29][27]_0                 |                1 |              2 |
|  clk_BUFG                          | uut_if/regs_reg[8][31][0]                     | uut_decoder/regs_reg[15][15]_0                 |                1 |              2 |
|  clk_BUFG                          | uut_if/regs_reg[22][31][0]                    | uut_decoder/regs_reg[25][9]_0                  |                1 |              2 |
|  clk_BUFG                          | uut_if/regs_reg[22][31][0]                    | uut_decoder/regs_reg[23][31]_0                 |                2 |              2 |
|  clk_BUFG                          | uut_if/regs_reg[8][31][0]                     | uut_uart/last_regs_reg[3][29]_0                |                1 |              2 |
|  clk_BUFG                          | uut_if/regs_reg[8][31][0]                     | uut_uart/last_regs_reg[5][23]_0                |                2 |              2 |
|  clk_BUFG                          | uut_if/regs_reg[22][31][0]                    | uut_uart/last_regs_reg[3][29]_0                |                1 |              2 |
|  clk_BUFG                          | uut_if/regs_reg[22][31][0]                    | uut_uart/last_regs_reg[5][23]_0                |                2 |              2 |
|  clk_BUFG                          | uut_if/regs_reg[22][31][0]                    | uut_uart/last_regs_reg[3][20]_0                |                1 |              2 |
|  clk_BUFG                          | uut_if/regs_reg[1][31][0]                     | uut_decoder/regs_reg[9][2]_0                   |                1 |              2 |
|  clk_BUFG                          | uut_if/regs_reg[8][31][0]                     | uut_uart/last_regs_reg[3][5]_0                 |                1 |              2 |
|  clk_BUFG                          | uut_if/regs_reg[1][31][0]                     | uut_decoder/regs_reg[19][11]_0                 |                1 |              2 |
|  clk_BUFG                          | uut_if/regs_reg[8][31][0]                     | uut_uart/last_regs_reg[3][14]_0                |                1 |              2 |
|  clk_BUFG                          | uut_if/regs_reg[8][31][0]                     | uut_uart/last_regs_reg[3][20]_0                |                1 |              2 |
|  clk_BUFG                          | uut_if/regs_reg[4][31][0]                     | uut_decoder/regs_reg[9][2]_0                   |                1 |              2 |
|  clk_BUFG                          | uut_if/regs_reg[4][31][0]                     | uut_decoder/regs_reg[19][11]_0                 |                1 |              2 |
|  clk_BUFG                          | uut_if/regs_reg[1][31][0]                     | uut_decoder/regs_reg[13][6]_0                  |                1 |              2 |
|  clk_BUFG                          | uut_if/regs_reg[4][31][0]                     | uut_decoder/regs_reg[23][31]_0                 |                1 |              2 |
|  clk_BUFG                          | uut_if/regs_reg[1][31][0]                     | uut_uart/last_regs_reg[3][5]_0                 |                1 |              2 |
|  clk_BUFG                          | uut_if/regs_reg[1][31][0]                     | uut_uart/last_regs_reg[3][20]_0                |                1 |              2 |
|  clk_BUFG                          | uut_if/regs_reg[24][31][0]                    | uut_decoder/regs_reg[9][2]_0                   |                1 |              2 |
|  clk_BUFG                          | uut_if/regs_reg[24][31][0]                    | uut_decoder/regs_reg[27][18]_0                 |                1 |              2 |
|  clk_BUFG                          | uut_if/regs_reg[4][31][0]                     | uut_decoder/regs_reg[13][6]_0                  |                1 |              2 |
|  clk_BUFG                          | uut_if/regs_reg[24][31][0]                    | uut_decoder/regs_reg[29][27]_0                 |                1 |              2 |
|  clk_BUFG                          | uut_if/regs_reg[4][31][0]                     | uut_decoder/regs_reg[15][15]_0                 |                1 |              2 |
|  clk_BUFG                          | uut_if/regs_reg[24][31][0]                    | uut_decoder/regs_reg[25][9]_0                  |                2 |              2 |
|  clk_BUFG                          | uut_if/regs_reg[4][31][0]                     | uut_uart/last_regs_reg[3][29]_0                |                2 |              2 |
|  clk_BUFG                          | uut_if/regs_reg[4][31][0]                     | uut_uart/last_regs_reg[3][5]_0                 |                1 |              2 |
|  clk_BUFG                          | uut_if/regs_reg[4][31][0]                     | uut_uart/last_regs_reg[3][14]_0                |                2 |              2 |
|  clk_BUFG                          | uut_if/regs_reg[24][31][0]                    | uut_uart/last_regs_reg[3][29]_0                |                2 |              2 |
|  clk_BUFG                          | uut_if/regs_reg[24][31][0]                    | uut_uart/last_regs_reg[5][23]_0                |                1 |              2 |
|  clk_BUFG                          | uut_if/regs_reg[24][31][0]                    | uut_uart/last_regs_reg[3][20]_0                |                2 |              2 |
|  clk_BUFG                          | uut_if/regs_reg[26][31][0]                    | uut_decoder/regs_reg[9][2]_0                   |                1 |              2 |
|  clk_BUFG                          | uut_if/regs_reg[26][31][0]                    | uut_decoder/regs_reg[27][18]_0                 |                1 |              2 |
|  clk_BUFG                          | uut_if/regs_reg[26][31][0]                    | uut_decoder/regs_reg[19][11]_0                 |                2 |              2 |
|  clk_BUFG                          | uut_if/regs_reg[26][31][0]                    | uut_decoder/regs_reg[29][27]_0                 |                1 |              2 |
|  clk_BUFG                          | uut_if/regs_reg[4][31][0]                     | uut_uart/last_regs_reg[3][20]_0                |                1 |              2 |
|  clk_BUFG                          | uut_if/regs_reg[9][31][0]                     | uut_decoder/regs_reg[19][11]_0                 |                1 |              2 |
|  clk_BUFG                          | uut_if/regs_reg[9][31][0]                     | uut_decoder/regs_reg[18][24]_0                 |                2 |              2 |
|  clk_BUFG                          | uut_if/regs_reg[26][31][0]                    | uut_decoder/regs_reg[13][6]_0                  |                1 |              2 |
|  clk_BUFG                          | uut_if/regs_reg[9][31][0]                     | uut_decoder/regs_reg[23][31]_0                 |                1 |              2 |
|  clk_BUFG                          | uut_if/regs_reg[26][31][0]                    | uut_uart/last_regs_reg[3][29]_0                |                1 |              2 |
|  clk_BUFG                          | uut_if/regs_reg[26][31][0]                    | uut_uart/last_regs_reg[5][23]_0                |                1 |              2 |
|  clk_BUFG                          | uut_if/regs_reg[26][31][0]                    | uut_uart/last_regs_reg[3][5]_0                 |                1 |              2 |
|  clk_BUFG                          | uut_if/regs_reg[26][31][0]                    | uut_uart/last_regs_reg[3][20]_0                |                2 |              2 |
|  clk_BUFG                          | uut_if/regs_reg[28][31][0]                    | uut_decoder/regs_reg[9][2]_0                   |                1 |              2 |
|  clk_BUFG                          | uut_if/regs_reg[9][31][0]                     | uut_decoder/regs_reg[13][6]_0                  |                1 |              2 |
|  clk_BUFG                          | uut_if/regs_reg[28][31][0]                    | uut_decoder/regs_reg[19][11]_0                 |                2 |              2 |
|  clk_BUFG                          | uut_if/regs_reg[28][31][0]                    | uut_decoder/regs_reg[29][27]_0                 |                1 |              2 |
|  clk_BUFG                          | uut_if/regs_reg[9][31][0]                     | uut_decoder/regs_reg[15][15]_0                 |                1 |              2 |
|  clk_BUFG                          | uut_if/regs_reg[9][31][0]                     | uut_uart/last_regs_reg[3][29]_0                |                1 |              2 |
|  clk_BUFG                          | uut_if/regs_reg[9][31][0]                     | uut_uart/last_regs_reg[5][23]_0                |                2 |              2 |
|  clk_BUFG                          | uut_if/regs_reg[28][31][0]                    | uut_decoder/regs_reg[13][6]_0                  |                1 |              2 |
|  clk_BUFG                          | uut_if/regs_reg[9][31][0]                     | uut_uart/last_regs_reg[3][14]_0                |                2 |              2 |
|  clk_BUFG                          | uut_if/regs_reg[28][31][0]                    | uut_uart/last_regs_reg[3][29]_0                |                1 |              2 |
|  clk_BUFG                          | uut_if/regs_reg[28][31][0]                    | uut_uart/last_regs_reg[3][5]_0                 |                1 |              2 |
|  clk_BUFG                          | uut_if/regs_reg[28][31][0]                    | uut_uart/last_regs_reg[3][20]_0                |                2 |              2 |
|  clk_BUFG                          | uut_if/regs_reg[2][31][0]                     | uut_decoder/regs_reg[9][2]_0                   |                1 |              2 |
|  clk_BUFG                          | uut_if/regs_reg[9][31][0]                     | uut_uart/last_regs_reg[3][20]_0                |                1 |              2 |
|  clk_BUFG                          | uut_if/regs_reg[2][31][0]                     | uut_decoder/regs_reg[19][11]_0                 |                1 |              2 |
| ~clk_BUFG                          |                                               |                                                |                1 |              2 |
|  init_clk_IBUF_BUFG                | uut_decoder/last_regs_reg[11][31][0]          | uut_decoder/regs_reg[23][31]_0                 |                1 |              2 |
|  init_clk_IBUF_BUFG                | uut_decoder/last_regs_reg[12][31][0]          | uut_decoder/regs_reg[23][31]_0                 |                1 |              2 |
|  init_clk_IBUF_BUFG                | uut_decoder/last_regs_reg[13][31][0]          | uut_decoder/regs_reg[23][31]_0                 |                1 |              2 |
|  clk_BUFG                          | uut_if/regs_reg[2][31][0]                     | uut_decoder/regs_reg[13][6]_0                  |                1 |              2 |
|  init_clk_IBUF_BUFG                | uut_decoder/last_regs_reg[14][31][0]          | uut_decoder/regs_reg[23][31]_0                 |                1 |              2 |
|  clk_BUFG                          | uut_if/regs_reg[2][31][0]                     | uut_uart/last_regs_reg[3][5]_0                 |                1 |              2 |
|  clk_BUFG                          | uut_if/regs_reg[2][31][0]                     | uut_uart/last_regs_reg[3][20]_0                |                1 |              2 |
|  clk_BUFG                          | uut_if/regs_reg[31][31][0]                    | uut_decoder/regs_reg[9][2]_0                   |                1 |              2 |
|  init_clk_IBUF_BUFG                | uut_decoder/last_regs_reg[15][31][0]          | uut_decoder/regs_reg[23][31]_0                 |                1 |              2 |
|  clk_BUFG                          | uut_if/regs_reg[31][31][0]                    | uut_decoder/regs_reg[19][11]_0                 |                1 |              2 |
|  init_clk_IBUF_BUFG                | uut_decoder/last_regs_reg[16][31][0]          | uut_decoder/regs_reg[23][31]_0                 |                1 |              2 |
|  init_clk_IBUF_BUFG                | uut_decoder/last_regs_reg[18][31][0]          | uut_decoder/regs_reg[23][31]_0                 |                1 |              2 |
|  init_clk_IBUF_BUFG                | uut_decoder/last_regs_reg[19][31][0]          | uut_decoder/regs_reg[23][31]_0                 |                1 |              2 |
|  init_clk_IBUF_BUFG                | uut_decoder/last_regs_reg[20][31][0]          | uut_decoder/regs_reg[23][31]_0                 |                1 |              2 |
|  clk_BUFG                          | uut_if/regs_reg[31][31][0]                    | uut_decoder/regs_reg[13][6]_0                  |                1 |              2 |
|  init_clk_IBUF_BUFG                | uut_decoder/last_regs_reg[21][31][0]          | uut_decoder/regs_reg[23][31]_0                 |                1 |              2 |
|  clk_BUFG                          | uut_if/regs_reg[31][31][0]                    | uut_uart/last_regs_reg[3][5]_0                 |                1 |              2 |
|  clk_BUFG                          | uut_if/regs_reg[31][31][0]                    | uut_uart/last_regs_reg[3][20]_0                |                1 |              2 |
|  clk_BUFG                          | uut_if/regs_reg[30][31][0]                    | uut_decoder/regs_reg[9][2]_0                   |                1 |              2 |
|  init_clk_IBUF_BUFG                | uut_decoder/last_regs_reg[22][31][0]          | uut_decoder/regs_reg[23][31]_0                 |                1 |              2 |
|  clk_BUFG                          | uut_if/regs_reg[30][31][0]                    | uut_decoder/regs_reg[19][11]_0                 |                2 |              2 |
|  init_clk_IBUF_BUFG                | uut_decoder/last_regs_reg[23][31][0]          | uut_decoder/regs_reg[23][31]_0                 |                1 |              2 |
|  clk_BUFG                          | uut_if/regs_reg[19][31][0]                    | uut_decoder/regs_reg[13][6]_0                  |                1 |              3 |
|  init_clk_IBUF_BUFG                | uut_decoder/last_regs_reg[9][31][0]           | uut_uart/last_regs_reg[3][20]_0                |                1 |              3 |
|  init_clk_IBUF_BUFG                | uut_decoder/last_regs_reg[8][31][0]           | uut_decoder/regs_reg[9][2]_0                   |                1 |              3 |
|  init_clk_IBUF_BUFG                | uut_decoder/last_regs_reg[8][31][0]           | uut_decoder/regs_reg[27][18]_0                 |                2 |              3 |
|  init_clk_IBUF_BUFG                | uut_decoder/last_regs_reg[8][31][0]           | uut_decoder/regs_reg[19][11]_0                 |                1 |              3 |
|  init_clk_IBUF_BUFG                | uut_decoder/last_regs_reg[8][31][0]           | uut_decoder/regs_reg[29][27]_0                 |                1 |              3 |
|  init_clk_IBUF_BUFG                | uut_decoder/last_regs_reg[8][31][0]           | uut_decoder/regs_reg[25][9]_0                  |                1 |              3 |
|  init_clk_IBUF_BUFG                | uut_decoder/last_regs_reg[8][31][0]           | uut_uart/last_regs_reg[3][29]_0                |                1 |              3 |
|  clk_BUFG                          | uut_if/regs_reg[15][31][0]                    | uut_decoder/regs_reg[9][2]_0                   |                1 |              3 |
|  clk_BUFG                          | uut_if/regs_reg[15][31][0]                    | uut_decoder/regs_reg[29][27]_0                 |                1 |              3 |
|  clk_BUFG                          | uut_if/regs_reg[15][31][0]                    | uut_decoder/regs_reg[13][6]_0                  |                2 |              3 |
|  clk_BUFG                          | uut_if/regs_reg[15][31][0]                    | uut_decoder/regs_reg[15][15]_0                 |                2 |              3 |
|  clk_BUFG                          | uut_if/regs_reg[16][31][0]                    | uut_decoder/regs_reg[9][2]_0                   |                2 |              3 |
|  clk_BUFG                          | uut_if/regs_reg[16][31][0]                    | uut_decoder/regs_reg[29][27]_0                 |                2 |              3 |
|  clk_BUFG                          | uut_if/regs_reg[16][31][0]                    | uut_decoder/regs_reg[13][6]_0                  |                2 |              3 |
|  clk_BUFG                          | uut_if/regs_reg[16][31][0]                    | uut_decoder/regs_reg[15][15]_0                 |                2 |              3 |
|  clk_BUFG                          | uut_if/regs_reg[11][31][0]                    | uut_decoder/regs_reg[9][2]_0                   |                1 |              3 |
|  clk_BUFG                          | uut_if/regs_reg[11][31][0]                    | uut_decoder/regs_reg[27][18]_0                 |                3 |              3 |
|  clk_BUFG                          | uut_if/regs_reg[11][31][0]                    | uut_decoder/regs_reg[29][27]_0                 |                3 |              3 |
|  clk_BUFG                          | uut_if/regs_reg[11][31][0]                    | uut_decoder/regs_reg[25][9]_0                  |                2 |              3 |
|  clk_BUFG                          | uut_if/regs_reg[12][31][0]                    | uut_decoder/regs_reg[9][2]_0                   |                1 |              3 |
|  clk_BUFG                          | uut_if/regs_reg[12][31][0]                    | uut_decoder/regs_reg[27][18]_0                 |                2 |              3 |
|  clk_BUFG                          | uut_if/regs_reg[12][31][0]                    | uut_decoder/regs_reg[29][27]_0                 |                3 |              3 |
|  clk_BUFG                          | uut_if/regs_reg[12][31][0]                    | uut_decoder/regs_reg[25][9]_0                  |                2 |              3 |
|  clk_BUFG                          | uut_if/regs_reg[13][31][0]                    | uut_decoder/regs_reg[9][2]_0                   |                2 |              3 |
|  clk_BUFG                          | uut_if/regs_reg[13][31][0]                    | uut_decoder/regs_reg[27][18]_0                 |                2 |              3 |
|  clk_BUFG                          | uut_if/regs_reg[13][31][0]                    | uut_decoder/regs_reg[29][27]_0                 |                3 |              3 |
|  clk_BUFG                          | uut_if/regs_reg[13][31][0]                    | uut_decoder/regs_reg[13][6]_0                  |                1 |              3 |
|  clk_BUFG                          | uut_if/regs_reg[14][31][0]                    | uut_decoder/regs_reg[9][2]_0                   |                1 |              3 |
|  clk_BUFG                          | uut_if/regs_reg[14][31][0]                    | uut_decoder/regs_reg[27][18]_0                 |                2 |              3 |
|  clk_BUFG                          | uut_if/regs_reg[14][31][0]                    | uut_decoder/regs_reg[29][27]_0                 |                2 |              3 |
|  clk_BUFG                          | uut_if/regs_reg[14][31][0]                    | uut_decoder/regs_reg[13][6]_0                  |                1 |              3 |
|  init_clk_IBUF_BUFG                | uut_decoder/last_regs_reg[8][31][0]           | uut_uart/last_regs_reg[5][23]_0                |                1 |              3 |
|  clk_BUFG                          | uut_if/regs_reg[18][31][0]                    | uut_decoder/regs_reg[9][2]_0                   |                2 |              3 |
|  clk_BUFG                          | uut_if/regs_reg[18][31][0]                    | uut_decoder/regs_reg[18][24]_0                 |                3 |              3 |
|  clk_BUFG                          | uut_if/regs_reg[18][31][0]                    | uut_decoder/regs_reg[13][6]_0                  |                2 |              3 |
|  clk_BUFG                          | uut_if/regs_reg[18][31][0]                    | uut_decoder/regs_reg[15][15]_0                 |                1 |              3 |
|  clk_BUFG                          | uut_if/regs_reg[27][31][0]                    | uut_decoder/regs_reg[27][18]_0                 |                2 |              3 |
|  clk_BUFG                          | uut_if/regs_reg[27][31][0]                    | uut_decoder/regs_reg[18][24]_0                 |                2 |              3 |
|  clk_BUFG                          | uut_if/regs_reg[27][31][0]                    | uut_decoder/regs_reg[25][9]_0                  |                2 |              3 |
|  clk_BUFG                          | uut_if/regs_reg[27][31][0]                    | uut_decoder/regs_reg[23][31]_0                 |                2 |              3 |
|  clk_BUFG                          | uut_if/regs_reg[27][31][0]                    | uut_decoder/regs_reg[15][15]_0                 |                2 |              3 |
|  clk_BUFG                          | uut_if/regs_reg[23][31][0]                    | uut_decoder/regs_reg[19][11]_0                 |                2 |              3 |
|  clk_BUFG                          | uut_if/regs_reg[23][31][0]                    | uut_decoder/regs_reg[18][24]_0                 |                3 |              3 |
|  clk_BUFG                          | uut_if/regs_reg[23][31][0]                    | uut_decoder/regs_reg[23][31]_0                 |                2 |              3 |
|  clk_BUFG                          | uut_if/regs_reg[23][31][0]                    | uut_decoder/regs_reg[13][6]_0                  |                2 |              3 |
|  clk_BUFG                          | uut_if/regs_reg[23][31][0]                    | uut_decoder/regs_reg[15][15]_0                 |                1 |              3 |
|  clk_BUFG                          | uut_if/regs_reg[20][31][0]                    | uut_decoder/regs_reg[9][2]_0                   |                2 |              3 |
|  clk_BUFG                          | uut_if/regs_reg[20][31][0]                    | uut_decoder/regs_reg[19][11]_0                 |                1 |              3 |
|  clk_BUFG                          | uut_if/regs_reg[20][31][0]                    | uut_decoder/regs_reg[18][24]_0                 |                3 |              3 |
|  clk_BUFG                          | uut_if/regs_reg[20][31][0]                    | uut_decoder/regs_reg[13][6]_0                  |                1 |              3 |
|  clk_BUFG                          | uut_if/regs_reg[20][31][0]                    | uut_decoder/regs_reg[15][15]_0                 |                1 |              3 |
|  clk_BUFG                          | uut_if/regs_reg[19][31][0]                    | uut_decoder/regs_reg[9][2]_0                   |                2 |              3 |
|  clk_BUFG                          | uut_if/regs_reg[19][31][0]                    | uut_decoder/regs_reg[19][11]_0                 |                1 |              3 |
|  clk_BUFG                          | uut_if/regs_reg[19][31][0]                    | uut_decoder/regs_reg[18][24]_0                 |                3 |              3 |
|  clk_BUFG                          | uut_if/regs_reg[29][31][0]                    | uut_decoder/regs_reg[27][18]_0                 |                1 |              3 |
|  clk_BUFG                          | uut_if/regs_reg[19][31][0]                    | uut_decoder/regs_reg[15][15]_0                 |                2 |              3 |
|  clk_BUFG                          | uut_if/regs_reg[21][31][0]                    | uut_decoder/regs_reg[9][2]_0                   |                1 |              3 |
|  clk_BUFG                          | uut_if/regs_reg[21][31][0]                    | uut_decoder/regs_reg[19][11]_0                 |                1 |              3 |
|  clk_BUFG                          | uut_if/regs_reg[21][31][0]                    | uut_decoder/regs_reg[18][24]_0                 |                3 |              3 |
|  clk_BUFG                          | uut_if/regs_reg[21][31][0]                    | uut_decoder/regs_reg[13][6]_0                  |                2 |              3 |
|  clk_BUFG                          | uut_if/regs_reg[21][31][0]                    | uut_decoder/regs_reg[15][15]_0                 |                1 |              3 |
|  clk_BUFG                          | uut_if/regs_reg[25][31][0]                    | uut_decoder/regs_reg[18][24]_0                 |                2 |              3 |
|  clk_BUFG                          | uut_if/regs_reg[25][31][0]                    | uut_decoder/regs_reg[25][9]_0                  |                2 |              3 |
|  clk_BUFG                          | uut_if/regs_reg[25][31][0]                    | uut_decoder/regs_reg[23][31]_0                 |                1 |              3 |
|  clk_BUFG                          | uut_if/regs_reg[25][31][0]                    | uut_decoder/regs_reg[13][6]_0                  |                1 |              3 |
|  clk_BUFG                          | uut_if/regs_reg[25][31][0]                    | uut_decoder/regs_reg[15][15]_0                 |                1 |              3 |
|  clk_BUFG                          | uut_if/regs_reg[22][31][0]                    | uut_decoder/regs_reg[9][2]_0                   |                1 |              3 |
|  clk_BUFG                          | uut_if/regs_reg[22][31][0]                    | uut_decoder/regs_reg[19][11]_0                 |                1 |              3 |
|  clk_BUFG                          | uut_if/regs_reg[22][31][0]                    | uut_decoder/regs_reg[18][24]_0                 |                3 |              3 |
|  clk_BUFG                          | uut_if/regs_reg[22][31][0]                    | uut_decoder/regs_reg[13][6]_0                  |                1 |              3 |
|  clk_BUFG                          | uut_if/regs_reg[22][31][0]                    | uut_decoder/regs_reg[15][15]_0                 |                2 |              3 |
|  clk_BUFG                          | uut_if/regs_reg[1][31][0]                     | uut_decoder/regs_reg[27][18]_0                 |                1 |              3 |
|  clk_BUFG                          | uut_if/regs_reg[1][31][0]                     | uut_decoder/regs_reg[29][27]_0                 |                1 |              3 |
|  clk_BUFG                          | uut_if/regs_reg[1][31][0]                     | uut_decoder/regs_reg[18][24]_0                 |                2 |              3 |
|  clk_BUFG                          | uut_if/regs_reg[1][31][0]                     | uut_decoder/regs_reg[25][9]_0                  |                1 |              3 |
|  clk_BUFG                          | uut_if/regs_reg[1][31][0]                     | uut_decoder/regs_reg[23][31]_0                 |                1 |              3 |
|  clk_BUFG                          | uut_if/regs_reg[1][31][0]                     | uut_decoder/regs_reg[15][15]_0                 |                2 |              3 |
|  clk_BUFG                          | uut_if/regs_reg[24][31][0]                    | uut_decoder/regs_reg[19][11]_0                 |                2 |              3 |
|  clk_BUFG                          | uut_if/regs_reg[24][31][0]                    | uut_decoder/regs_reg[18][24]_0                 |                1 |              3 |
|  clk_BUFG                          | uut_if/regs_reg[24][31][0]                    | uut_decoder/regs_reg[23][31]_0                 |                2 |              3 |
|  clk_BUFG                          | uut_if/regs_reg[24][31][0]                    | uut_decoder/regs_reg[13][6]_0                  |                1 |              3 |
|  clk_BUFG                          | uut_if/regs_reg[24][31][0]                    | uut_decoder/regs_reg[15][15]_0                 |                2 |              3 |
|  clk_BUFG                          | uut_if/regs_reg[26][31][0]                    | uut_decoder/regs_reg[18][24]_0                 |                2 |              3 |
|  clk_BUFG                          | uut_if/regs_reg[26][31][0]                    | uut_decoder/regs_reg[25][9]_0                  |                3 |              3 |
|  clk_BUFG                          | uut_if/regs_reg[26][31][0]                    | uut_decoder/regs_reg[23][31]_0                 |                2 |              3 |
|  clk_BUFG                          | uut_if/regs_reg[26][31][0]                    | uut_decoder/regs_reg[15][15]_0                 |                2 |              3 |
|  clk_BUFG                          | uut_if/regs_reg[28][31][0]                    | uut_decoder/regs_reg[27][18]_0                 |                2 |              3 |
|  clk_BUFG                          | uut_if/regs_reg[28][31][0]                    | uut_decoder/regs_reg[18][24]_0                 |                2 |              3 |
|  clk_BUFG                          | uut_if/regs_reg[28][31][0]                    | uut_decoder/regs_reg[25][9]_0                  |                2 |              3 |
|  clk_BUFG                          | uut_if/regs_reg[28][31][0]                    | uut_decoder/regs_reg[23][31]_0                 |                2 |              3 |
|  clk_BUFG                          | uut_if/regs_reg[28][31][0]                    | uut_decoder/regs_reg[15][15]_0                 |                2 |              3 |
|  clk_BUFG                          | uut_if/regs_reg[2][31][0]                     | uut_decoder/regs_reg[27][18]_0                 |                2 |              3 |
|  clk_BUFG                          | uut_if/regs_reg[2][31][0]                     | uut_decoder/regs_reg[29][27]_0                 |                1 |              3 |
|  clk_BUFG                          | uut_if/regs_reg[2][31][0]                     | uut_decoder/regs_reg[18][24]_0                 |                1 |              3 |
|  clk_BUFG                          | uut_if/regs_reg[2][31][0]                     | uut_decoder/regs_reg[25][9]_0                  |                2 |              3 |
|  clk_BUFG                          | uut_if/regs_reg[2][31][0]                     | uut_decoder/regs_reg[23][31]_0                 |                1 |              3 |
|  clk_BUFG                          | uut_if/regs_reg[2][31][0]                     | uut_decoder/regs_reg[15][15]_0                 |                2 |              3 |
|  clk_BUFG                          | uut_if/regs_reg[31][31][0]                    | uut_decoder/regs_reg[27][18]_0                 |                2 |              3 |
|  clk_BUFG                          | uut_if/regs_reg[31][31][0]                    | uut_decoder/regs_reg[29][27]_0                 |                1 |              3 |
|  clk_BUFG                          | uut_if/regs_reg[31][31][0]                    | uut_decoder/regs_reg[18][24]_0                 |                2 |              3 |
|  clk_BUFG                          | uut_if/regs_reg[31][31][0]                    | uut_decoder/regs_reg[25][9]_0                  |                1 |              3 |
|  clk_BUFG                          | uut_if/regs_reg[31][31][0]                    | uut_decoder/regs_reg[23][31]_0                 |                2 |              3 |
|  clk_BUFG                          | uut_if/regs_reg[31][31][0]                    | uut_decoder/regs_reg[15][15]_0                 |                2 |              3 |
|  clk_BUFG                          | uut_if/regs_reg[30][31][0]                    | uut_decoder/regs_reg[27][18]_0                 |                1 |              3 |
|  clk_BUFG                          | uut_if/regs_reg[30][31][0]                    | uut_decoder/regs_reg[29][27]_0                 |                1 |              3 |
|  clk_BUFG                          | uut_if/regs_reg[30][31][0]                    | uut_decoder/regs_reg[18][24]_0                 |                1 |              3 |
|  clk_BUFG                          | uut_if/regs_reg[30][31][0]                    | uut_decoder/regs_reg[25][9]_0                  |                2 |              3 |
|  clk_BUFG                          | uut_if/regs_reg[30][31][0]                    | uut_decoder/regs_reg[23][31]_0                 |                2 |              3 |
|  clk_BUFG                          | uut_if/regs_reg[30][31][0]                    | uut_decoder/regs_reg[15][15]_0                 |                2 |              3 |
|  init_clk_IBUF_BUFG                | uut_decoder/last_regs_reg[8][31][0]           | uut_uart/last_regs_reg[3][5]_0                 |                1 |              3 |
|  clk_BUFG                          | uut_if/regs_reg[29][31][0]                    | uut_decoder/regs_reg[29][27]_0                 |                1 |              3 |
|  clk_BUFG                          | uut_if/regs_reg[29][31][0]                    | uut_decoder/regs_reg[18][24]_0                 |                1 |              3 |
|  clk_BUFG                          | uut_if/regs_reg[29][31][0]                    | uut_decoder/regs_reg[25][9]_0                  |                2 |              3 |
|  clk_BUFG                          | uut_if/regs_reg[29][31][0]                    | uut_decoder/regs_reg[23][31]_0                 |                2 |              3 |
|  clk_BUFG                          | uut_if/regs_reg[29][31][0]                    | uut_decoder/regs_reg[15][15]_0                 |                2 |              3 |
|  clk_BUFG                          | uut_if/regs_reg[6][31][0]                     | uut_decoder/regs_reg[27][18]_0                 |                2 |              3 |
|  clk_BUFG                          | uut_if/regs_reg[6][31][0]                     | uut_decoder/regs_reg[29][27]_0                 |                1 |              3 |
|  clk_BUFG                          | uut_if/regs_reg[6][31][0]                     | uut_decoder/regs_reg[25][9]_0                  |                1 |              3 |
|  clk_BUFG                          | uut_if/regs_reg[5][31][0]                     | uut_decoder/regs_reg[27][18]_0                 |                1 |              3 |
|  clk_BUFG                          | uut_if/regs_reg[5][31][0]                     | uut_decoder/regs_reg[29][27]_0                 |                1 |              3 |
|  clk_BUFG                          | uut_if/regs_reg[5][31][0]                     | uut_decoder/regs_reg[25][9]_0                  |                1 |              3 |
|  init_clk_IBUF_BUFG                | uut_decoder/last_regs_reg[8][31][0]           | uut_uart/last_regs_reg[3][14]_0                |                1 |              3 |
|  init_clk_IBUF_BUFG                | uut_decoder/last_regs_reg[8][31][0]           | uut_uart/last_regs_reg[3][20]_0                |                1 |              3 |
|  init_clk_IBUF_BUFG                | uut_decoder/last_regs_reg[11][31][0]          | uut_decoder/regs_reg[9][2]_0                   |                1 |              3 |
|  init_clk_IBUF_BUFG                | uut_decoder/last_regs_reg[11][31][0]          | uut_decoder/regs_reg[27][18]_0                 |                1 |              3 |
|  init_clk_IBUF_BUFG                | uut_decoder/last_regs_reg[11][31][0]          | uut_decoder/regs_reg[19][11]_0                 |                1 |              3 |
|  init_clk_IBUF_BUFG                | uut_decoder/last_regs_reg[11][31][0]          | uut_decoder/regs_reg[29][27]_0                 |                1 |              3 |
|  init_clk_IBUF_BUFG                | uut_decoder/last_regs_reg[11][31][0]          | uut_decoder/regs_reg[25][9]_0                  |                1 |              3 |
|  clk_BUFG                          | uut_if/regs_reg[4][31][0]                     | uut_decoder/regs_reg[29][27]_0                 |                1 |              3 |
|  init_clk_IBUF_BUFG                | uut_decoder/last_regs_reg[11][31][0]          | uut_uart/last_regs_reg[3][29]_0                |                1 |              3 |
|  init_clk_IBUF_BUFG                | uut_decoder/last_regs_reg[11][31][0]          | uut_uart/last_regs_reg[5][23]_0                |                1 |              3 |
|  init_clk_IBUF_BUFG                | uut_decoder/last_regs_reg[11][31][0]          | uut_uart/last_regs_reg[3][5]_0                 |                1 |              3 |
|  init_clk_IBUF_BUFG                | uut_decoder/last_regs_reg[11][31][0]          | uut_uart/last_regs_reg[3][14]_0                |                1 |              3 |
|  init_clk_IBUF_BUFG                | uut_decoder/last_regs_reg[11][31][0]          | uut_uart/last_regs_reg[3][20]_0                |                1 |              3 |
|  clk_BUFG                          | uut_if/regs_reg[3][31][0]                     | uut_decoder/regs_reg[27][18]_0                 |                2 |              3 |
|  init_clk_IBUF_BUFG                | uut_decoder/last_regs_reg[12][31][0]          | uut_decoder/regs_reg[9][2]_0                   |                1 |              3 |
|  init_clk_IBUF_BUFG                | uut_decoder/last_regs_reg[12][31][0]          | uut_decoder/regs_reg[27][18]_0                 |                1 |              3 |
|  init_clk_IBUF_BUFG                | uut_decoder/last_regs_reg[12][31][0]          | uut_decoder/regs_reg[19][11]_0                 |                1 |              3 |
|  init_clk_IBUF_BUFG                | uut_decoder/last_regs_reg[12][31][0]          | uut_decoder/regs_reg[29][27]_0                 |                1 |              3 |
|  init_clk_IBUF_BUFG                | uut_decoder/last_regs_reg[12][31][0]          | uut_decoder/regs_reg[25][9]_0                  |                1 |              3 |
|  clk_BUFG                          | uut_if/regs_reg[9][31][0]                     | uut_decoder/regs_reg[9][2]_0                   |                1 |              3 |
|  init_clk_IBUF_BUFG                | uut_decoder/last_regs_reg[12][31][0]          | uut_uart/last_regs_reg[3][29]_0                |                1 |              3 |
|  init_clk_IBUF_BUFG                | uut_decoder/last_regs_reg[12][31][0]          | uut_uart/last_regs_reg[5][23]_0                |                1 |              3 |
|  init_clk_IBUF_BUFG                | uut_decoder/last_regs_reg[12][31][0]          | uut_uart/last_regs_reg[3][5]_0                 |                1 |              3 |
|  init_clk_IBUF_BUFG                | uut_decoder/last_regs_reg[12][31][0]          | uut_uart/last_regs_reg[3][14]_0                |                1 |              3 |
|  init_clk_IBUF_BUFG                | uut_decoder/last_regs_reg[12][31][0]          | uut_uart/last_regs_reg[3][20]_0                |                1 |              3 |
|  init_clk_IBUF_BUFG                | uut_decoder/last_regs_reg[13][31][0]          | uut_decoder/regs_reg[9][2]_0                   |                1 |              3 |
|  init_clk_IBUF_BUFG                | uut_decoder/last_regs_reg[13][31][0]          | uut_decoder/regs_reg[27][18]_0                 |                1 |              3 |
|  init_clk_IBUF_BUFG                | uut_decoder/last_regs_reg[13][31][0]          | uut_decoder/regs_reg[19][11]_0                 |                1 |              3 |
|  init_clk_IBUF_BUFG                | uut_decoder/last_regs_reg[13][31][0]          | uut_decoder/regs_reg[29][27]_0                 |                1 |              3 |
|  clk_BUFG                          | uut_if/regs_reg[9][31][0]                     | uut_decoder/regs_reg[27][18]_0                 |                2 |              3 |
|  init_clk_IBUF_BUFG                | uut_decoder/last_regs_reg[13][31][0]          | uut_decoder/regs_reg[13][6]_0                  |                1 |              3 |
|  init_clk_IBUF_BUFG                | uut_decoder/last_regs_reg[13][31][0]          | uut_uart/last_regs_reg[3][29]_0                |                1 |              3 |
|  init_clk_IBUF_BUFG                | uut_decoder/last_regs_reg[13][31][0]          | uut_uart/last_regs_reg[5][23]_0                |                1 |              3 |
|  init_clk_IBUF_BUFG                | uut_decoder/last_regs_reg[13][31][0]          | uut_uart/last_regs_reg[3][5]_0                 |                1 |              3 |
|  init_clk_IBUF_BUFG                | uut_decoder/last_regs_reg[13][31][0]          | uut_uart/last_regs_reg[3][14]_0                |                1 |              3 |
|  init_clk_IBUF_BUFG                | uut_decoder/last_regs_reg[13][31][0]          | uut_uart/last_regs_reg[3][20]_0                |                1 |              3 |
|  init_clk_IBUF_BUFG                | uut_decoder/last_regs_reg[14][31][0]          | uut_decoder/regs_reg[9][2]_0                   |                2 |              3 |
|  init_clk_IBUF_BUFG                | uut_decoder/last_regs_reg[14][31][0]          | uut_decoder/regs_reg[27][18]_0                 |                1 |              3 |
|  init_clk_IBUF_BUFG                | uut_decoder/last_regs_reg[14][31][0]          | uut_decoder/regs_reg[19][11]_0                 |                2 |              3 |
|  init_clk_IBUF_BUFG                | uut_decoder/last_regs_reg[14][31][0]          | uut_decoder/regs_reg[29][27]_0                 |                1 |              3 |
|  clk_BUFG                          | uut_if/regs_reg[4][31][0]                     | uut_decoder/regs_reg[18][24]_0                 |                2 |              3 |
|  init_clk_IBUF_BUFG                | uut_decoder/last_regs_reg[14][31][0]          | uut_decoder/regs_reg[13][6]_0                  |                1 |              3 |
|  init_clk_IBUF_BUFG                | uut_decoder/last_regs_reg[14][31][0]          | uut_uart/last_regs_reg[3][29]_0                |                1 |              3 |
|  init_clk_IBUF_BUFG                | uut_decoder/last_regs_reg[14][31][0]          | uut_uart/last_regs_reg[5][23]_0                |                1 |              3 |
|  init_clk_IBUF_BUFG                | uut_decoder/last_regs_reg[14][31][0]          | uut_uart/last_regs_reg[3][5]_0                 |                1 |              3 |
|  init_clk_IBUF_BUFG                | uut_decoder/last_regs_reg[14][31][0]          | uut_uart/last_regs_reg[3][14]_0                |                1 |              3 |
|  init_clk_IBUF_BUFG                | uut_decoder/last_regs_reg[14][31][0]          | uut_uart/last_regs_reg[3][20]_0                |                1 |              3 |
|  init_clk_IBUF_BUFG                | uut_decoder/last_regs_reg[15][31][0]          | uut_decoder/regs_reg[9][2]_0                   |                1 |              3 |
|  init_clk_IBUF_BUFG                | uut_decoder/last_regs_reg[15][31][0]          | uut_decoder/regs_reg[19][11]_0                 |                1 |              3 |
|  init_clk_IBUF_BUFG                | uut_decoder/last_regs_reg[15][31][0]          | uut_decoder/regs_reg[29][27]_0                 |                1 |              3 |
|  clk_BUFG                          | uut_if/regs_reg[9][31][0]                     | uut_decoder/regs_reg[29][27]_0                 |                3 |              3 |
|  init_clk_IBUF_BUFG                | uut_decoder/last_regs_reg[15][31][0]          | uut_decoder/regs_reg[13][6]_0                  |                1 |              3 |
|  init_clk_IBUF_BUFG                | uut_decoder/last_regs_reg[15][31][0]          | uut_decoder/regs_reg[15][15]_0                 |                1 |              3 |
|  init_clk_IBUF_BUFG                | uut_decoder/last_regs_reg[15][31][0]          | uut_uart/last_regs_reg[3][29]_0                |                1 |              3 |
|  init_clk_IBUF_BUFG                | uut_decoder/last_regs_reg[15][31][0]          | uut_uart/last_regs_reg[5][23]_0                |                1 |              3 |
|  init_clk_IBUF_BUFG                | uut_decoder/last_regs_reg[15][31][0]          | uut_uart/last_regs_reg[3][5]_0                 |                1 |              3 |
|  init_clk_IBUF_BUFG                | uut_decoder/last_regs_reg[15][31][0]          | uut_uart/last_regs_reg[3][14]_0                |                1 |              3 |
|  init_clk_IBUF_BUFG                | uut_decoder/last_regs_reg[15][31][0]          | uut_uart/last_regs_reg[3][20]_0                |                1 |              3 |
|  init_clk_IBUF_BUFG                | uut_decoder/last_regs_reg[16][31][0]          | uut_decoder/regs_reg[9][2]_0                   |                1 |              3 |
|  init_clk_IBUF_BUFG                | uut_decoder/last_regs_reg[16][31][0]          | uut_decoder/regs_reg[19][11]_0                 |                1 |              3 |
|  init_clk_IBUF_BUFG                | uut_decoder/last_regs_reg[16][31][0]          | uut_decoder/regs_reg[29][27]_0                 |                1 |              3 |
|  clk_BUFG                          | uut_if/regs_reg[4][31][0]                     | uut_decoder/regs_reg[25][9]_0                  |                1 |              3 |
|  init_clk_IBUF_BUFG                | uut_decoder/last_regs_reg[16][31][0]          | uut_decoder/regs_reg[13][6]_0                  |                1 |              3 |
|  init_clk_IBUF_BUFG                | uut_decoder/last_regs_reg[16][31][0]          | uut_decoder/regs_reg[15][15]_0                 |                1 |              3 |
|  init_clk_IBUF_BUFG                | uut_decoder/last_regs_reg[16][31][0]          | uut_uart/last_regs_reg[3][29]_0                |                1 |              3 |
|  init_clk_IBUF_BUFG                | uut_decoder/last_regs_reg[16][31][0]          | uut_uart/last_regs_reg[5][23]_0                |                1 |              3 |
|  init_clk_IBUF_BUFG                | uut_decoder/last_regs_reg[16][31][0]          | uut_uart/last_regs_reg[3][5]_0                 |                1 |              3 |
|  init_clk_IBUF_BUFG                | uut_decoder/last_regs_reg[16][31][0]          | uut_uart/last_regs_reg[3][14]_0                |                1 |              3 |
|  init_clk_IBUF_BUFG                | uut_decoder/last_regs_reg[16][31][0]          | uut_uart/last_regs_reg[3][20]_0                |                1 |              3 |
|  init_clk_IBUF_BUFG                |                                               | uut_uart/u_reg/u_uart32_8/tx_en_reg_0          |                1 |              3 |
|  init_clk_IBUF_BUFG                | uut_decoder/last_regs_reg[18][31][0]          | uut_decoder/regs_reg[9][2]_0                   |                1 |              3 |
|  init_clk_IBUF_BUFG                | uut_decoder/last_regs_reg[18][31][0]          | uut_decoder/regs_reg[19][11]_0                 |                1 |              3 |
|  init_clk_IBUF_BUFG                | uut_decoder/last_regs_reg[18][31][0]          | uut_decoder/regs_reg[18][24]_0                 |                1 |              3 |
|  clk_BUFG                          | uut_if/regs_reg[9][31][0]                     | uut_decoder/regs_reg[25][9]_0                  |                1 |              3 |
|  init_clk_IBUF_BUFG                | uut_decoder/last_regs_reg[18][31][0]          | uut_decoder/regs_reg[13][6]_0                  |                1 |              3 |
|  init_clk_IBUF_BUFG                | uut_decoder/last_regs_reg[18][31][0]          | uut_decoder/regs_reg[15][15]_0                 |                2 |              3 |
|  init_clk_IBUF_BUFG                | uut_decoder/last_regs_reg[18][31][0]          | uut_uart/last_regs_reg[3][29]_0                |                1 |              3 |
|  init_clk_IBUF_BUFG                | uut_decoder/last_regs_reg[18][31][0]          | uut_uart/last_regs_reg[5][23]_0                |                1 |              3 |
|  init_clk_IBUF_BUFG                | uut_decoder/last_regs_reg[18][31][0]          | uut_uart/last_regs_reg[3][5]_0                 |                1 |              3 |
|  init_clk_IBUF_BUFG                | uut_decoder/last_regs_reg[18][31][0]          | uut_uart/last_regs_reg[3][14]_0                |                2 |              3 |
|  init_clk_IBUF_BUFG                | uut_decoder/last_regs_reg[18][31][0]          | uut_uart/last_regs_reg[3][20]_0                |                1 |              3 |
|  init_clk_IBUF_BUFG                | uut_decoder/last_regs_reg[19][31][0]          | uut_decoder/regs_reg[9][2]_0                   |                1 |              3 |
|  init_clk_IBUF_BUFG                | uut_decoder/last_regs_reg[19][31][0]          | uut_decoder/regs_reg[19][11]_0                 |                1 |              3 |
|  init_clk_IBUF_BUFG                | uut_decoder/last_regs_reg[19][31][0]          | uut_decoder/regs_reg[18][24]_0                 |                1 |              3 |
|  clk_BUFG                          | uut_if/regs_reg[7][31][0]                     | uut_decoder/regs_reg[29][27]_0                 |                1 |              3 |
|  init_clk_IBUF_BUFG                | uut_decoder/last_regs_reg[19][31][0]          | uut_decoder/regs_reg[13][6]_0                  |                1 |              3 |
|  init_clk_IBUF_BUFG                | uut_decoder/last_regs_reg[19][31][0]          | uut_decoder/regs_reg[15][15]_0                 |                1 |              3 |
|  init_clk_IBUF_BUFG                | uut_decoder/last_regs_reg[19][31][0]          | uut_uart/last_regs_reg[3][29]_0                |                1 |              3 |
|  init_clk_IBUF_BUFG                | uut_decoder/last_regs_reg[19][31][0]          | uut_uart/last_regs_reg[5][23]_0                |                1 |              3 |
|  init_clk_IBUF_BUFG                | uut_decoder/last_regs_reg[19][31][0]          | uut_uart/last_regs_reg[3][5]_0                 |                1 |              3 |
|  init_clk_IBUF_BUFG                | uut_decoder/last_regs_reg[19][31][0]          | uut_uart/last_regs_reg[3][14]_0                |                1 |              3 |
|  init_clk_IBUF_BUFG                | uut_decoder/last_regs_reg[19][31][0]          | uut_uart/last_regs_reg[3][20]_0                |                1 |              3 |
|  init_clk_IBUF_BUFG                | uut_decoder/last_regs_reg[20][31][0]          | uut_decoder/regs_reg[9][2]_0                   |                1 |              3 |
|  init_clk_IBUF_BUFG                | uut_decoder/last_regs_reg[20][31][0]          | uut_decoder/regs_reg[19][11]_0                 |                1 |              3 |
|  init_clk_IBUF_BUFG                | uut_decoder/last_regs_reg[20][31][0]          | uut_decoder/regs_reg[18][24]_0                 |                1 |              3 |
|  clk_BUFG                          | uut_if/regs_reg[3][31][0]                     | uut_decoder/regs_reg[25][9]_0                  |                1 |              3 |
|  init_clk_IBUF_BUFG                | uut_decoder/last_regs_reg[20][31][0]          | uut_decoder/regs_reg[13][6]_0                  |                1 |              3 |
|  init_clk_IBUF_BUFG                | uut_decoder/last_regs_reg[20][31][0]          | uut_decoder/regs_reg[15][15]_0                 |                1 |              3 |
|  init_clk_IBUF_BUFG                | uut_decoder/last_regs_reg[20][31][0]          | uut_uart/last_regs_reg[3][29]_0                |                1 |              3 |
|  init_clk_IBUF_BUFG                | uut_decoder/last_regs_reg[20][31][0]          | uut_uart/last_regs_reg[5][23]_0                |                1 |              3 |
|  init_clk_IBUF_BUFG                | uut_decoder/last_regs_reg[20][31][0]          | uut_uart/last_regs_reg[3][5]_0                 |                1 |              3 |
|  init_clk_IBUF_BUFG                | uut_decoder/last_regs_reg[20][31][0]          | uut_uart/last_regs_reg[3][14]_0                |                1 |              3 |
|  init_clk_IBUF_BUFG                | uut_decoder/last_regs_reg[20][31][0]          | uut_uart/last_regs_reg[3][20]_0                |                1 |              3 |
|  init_clk_IBUF_BUFG                | uut_decoder/last_regs_reg[21][31][0]          | uut_decoder/regs_reg[9][2]_0                   |                1 |              3 |
|  init_clk_IBUF_BUFG                | uut_decoder/last_regs_reg[21][31][0]          | uut_decoder/regs_reg[19][11]_0                 |                2 |              3 |
|  init_clk_IBUF_BUFG                | uut_decoder/last_regs_reg[21][31][0]          | uut_decoder/regs_reg[18][24]_0                 |                1 |              3 |
|  clk_BUFG                          | uut_if/regs_reg[7][31][0]                     | uut_decoder/regs_reg[27][18]_0                 |                1 |              3 |
|  init_clk_IBUF_BUFG                | uut_decoder/last_regs_reg[21][31][0]          | uut_decoder/regs_reg[13][6]_0                  |                1 |              3 |
|  init_clk_IBUF_BUFG                | uut_decoder/last_regs_reg[21][31][0]          | uut_decoder/regs_reg[15][15]_0                 |                1 |              3 |
|  init_clk_IBUF_BUFG                | uut_decoder/last_regs_reg[21][31][0]          | uut_uart/last_regs_reg[3][29]_0                |                1 |              3 |
|  init_clk_IBUF_BUFG                | uut_decoder/last_regs_reg[21][31][0]          | uut_uart/last_regs_reg[5][23]_0                |                1 |              3 |
|  init_clk_IBUF_BUFG                | uut_decoder/last_regs_reg[21][31][0]          | uut_uart/last_regs_reg[3][5]_0                 |                1 |              3 |
|  init_clk_IBUF_BUFG                | uut_decoder/last_regs_reg[21][31][0]          | uut_uart/last_regs_reg[3][14]_0                |                1 |              3 |
|  init_clk_IBUF_BUFG                | uut_decoder/last_regs_reg[21][31][0]          | uut_uart/last_regs_reg[3][20]_0                |                1 |              3 |
|  init_clk_IBUF_BUFG                | uut_decoder/last_regs_reg[22][31][0]          | uut_decoder/regs_reg[9][2]_0                   |                1 |              3 |
|  init_clk_IBUF_BUFG                | uut_decoder/last_regs_reg[22][31][0]          | uut_decoder/regs_reg[19][11]_0                 |                1 |              3 |
|  init_clk_IBUF_BUFG                | uut_decoder/last_regs_reg[22][31][0]          | uut_decoder/regs_reg[18][24]_0                 |                1 |              3 |
|  clk_BUFG                          | uut_if/regs_reg[8][31][0]                     | uut_decoder/regs_reg[29][27]_0                 |                1 |              3 |
|  init_clk_IBUF_BUFG                | uut_decoder/last_regs_reg[22][31][0]          | uut_decoder/regs_reg[13][6]_0                  |                1 |              3 |
|  init_clk_IBUF_BUFG                | uut_decoder/last_regs_reg[22][31][0]          | uut_decoder/regs_reg[15][15]_0                 |                1 |              3 |
|  init_clk_IBUF_BUFG                | uut_decoder/last_regs_reg[22][31][0]          | uut_uart/last_regs_reg[3][29]_0                |                1 |              3 |
|  init_clk_IBUF_BUFG                | uut_decoder/last_regs_reg[22][31][0]          | uut_uart/last_regs_reg[5][23]_0                |                1 |              3 |
|  init_clk_IBUF_BUFG                | uut_decoder/last_regs_reg[22][31][0]          | uut_uart/last_regs_reg[3][5]_0                 |                1 |              3 |
|  init_clk_IBUF_BUFG                | uut_decoder/last_regs_reg[22][31][0]          | uut_uart/last_regs_reg[3][14]_0                |                1 |              3 |
|  init_clk_IBUF_BUFG                | uut_decoder/last_regs_reg[22][31][0]          | uut_uart/last_regs_reg[3][20]_0                |                2 |              3 |
|  init_clk_IBUF_BUFG                | uut_decoder/last_regs_reg[23][31][0]          | uut_decoder/regs_reg[19][11]_0                 |                1 |              3 |
|  init_clk_IBUF_BUFG                | uut_decoder/last_regs_reg[23][31][0]          | uut_decoder/regs_reg[18][24]_0                 |                1 |              3 |
|  clk_BUFG                          | uut_if/regs_reg[8][31][0]                     | uut_decoder/regs_reg[27][18]_0                 |                2 |              3 |
|  init_clk_IBUF_BUFG                | uut_decoder/last_regs_reg[23][31][0]          | uut_decoder/regs_reg[13][6]_0                  |                1 |              3 |
|  init_clk_IBUF_BUFG                | uut_decoder/last_regs_reg[23][31][0]          | uut_decoder/regs_reg[15][15]_0                 |                1 |              3 |
|  init_clk_IBUF_BUFG                | uut_decoder/last_regs_reg[23][31][0]          | uut_uart/last_regs_reg[3][29]_0                |                1 |              3 |
|  init_clk_IBUF_BUFG                | uut_decoder/last_regs_reg[23][31][0]          | uut_uart/last_regs_reg[5][23]_0                |                1 |              3 |
|  init_clk_IBUF_BUFG                | uut_decoder/last_regs_reg[23][31][0]          | uut_uart/last_regs_reg[3][5]_0                 |                1 |              3 |
|  init_clk_IBUF_BUFG                | uut_decoder/last_regs_reg[23][31][0]          | uut_uart/last_regs_reg[3][14]_0                |                1 |              3 |
|  init_clk_IBUF_BUFG                | uut_decoder/last_regs_reg[23][31][0]          | uut_uart/last_regs_reg[3][20]_0                |                1 |              3 |
|  init_clk_IBUF_BUFG                | uut_decoder/last_regs_reg[23][31][0]          | uut_uart/u_reg/u_uart32_8/tx_en_reg_0          |                1 |              3 |
|  init_clk_IBUF_BUFG                | uut_decoder/last_regs_reg[24][31][0]          | uut_decoder/regs_reg[19][11]_0                 |                1 |              3 |
|  init_clk_IBUF_BUFG                | uut_decoder/last_regs_reg[24][31][0]          | uut_decoder/regs_reg[18][24]_0                 |                1 |              3 |
|  clk_BUFG                          | uut_if/regs_reg[8][31][0]                     | uut_decoder/regs_reg[25][9]_0                  |                1 |              3 |
|  init_clk_IBUF_BUFG                | uut_decoder/last_regs_reg[24][31][0]          | uut_decoder/regs_reg[13][6]_0                  |                1 |              3 |
|  init_clk_IBUF_BUFG                | uut_decoder/last_regs_reg[24][31][0]          | uut_decoder/regs_reg[15][15]_0                 |                2 |              3 |
|  init_clk_IBUF_BUFG                | uut_decoder/last_regs_reg[24][31][0]          | uut_uart/last_regs_reg[3][29]_0                |                1 |              3 |
|  init_clk_IBUF_BUFG                | uut_decoder/last_regs_reg[24][31][0]          | uut_uart/last_regs_reg[5][23]_0                |                1 |              3 |
|  init_clk_IBUF_BUFG                | uut_decoder/last_regs_reg[24][31][0]          | uut_uart/last_regs_reg[3][5]_0                 |                1 |              3 |
|  init_clk_IBUF_BUFG                | uut_decoder/last_regs_reg[24][31][0]          | uut_uart/last_regs_reg[3][14]_0                |                1 |              3 |
|  init_clk_IBUF_BUFG                | uut_decoder/last_regs_reg[24][31][0]          | uut_uart/last_regs_reg[3][20]_0                |                2 |              3 |
|  init_clk_IBUF_BUFG                | uut_decoder/last_regs_reg[24][31][0]          | uut_uart/u_reg/u_uart32_8/tx_en_reg_0          |                1 |              3 |
|  init_clk_IBUF_BUFG                | uut_decoder/last_regs_reg[26][31][0]          | uut_decoder/regs_reg[18][24]_0                 |                1 |              3 |
|  init_clk_IBUF_BUFG                | uut_decoder/last_regs_reg[26][31][0]          | uut_decoder/regs_reg[25][9]_0                  |                1 |              3 |
|  clk_BUFG                          | uut_if/regs_reg[3][31][0]                     | uut_decoder/regs_reg[18][24]_0                 |                2 |              3 |
|  init_clk_IBUF_BUFG                | uut_decoder/last_regs_reg[26][31][0]          | uut_decoder/regs_reg[13][6]_0                  |                1 |              3 |
|  init_clk_IBUF_BUFG                | uut_decoder/last_regs_reg[26][31][0]          | uut_decoder/regs_reg[15][15]_0                 |                1 |              3 |
|  init_clk_IBUF_BUFG                | uut_decoder/last_regs_reg[26][31][0]          | uut_uart/last_regs_reg[3][29]_0                |                2 |              3 |
|  init_clk_IBUF_BUFG                | uut_decoder/last_regs_reg[26][31][0]          | uut_uart/last_regs_reg[5][23]_0                |                1 |              3 |
|  init_clk_IBUF_BUFG                | uut_decoder/last_regs_reg[26][31][0]          | uut_uart/last_regs_reg[3][5]_0                 |                1 |              3 |
|  init_clk_IBUF_BUFG                | uut_decoder/last_regs_reg[26][31][0]          | uut_uart/last_regs_reg[3][14]_0                |                1 |              3 |
|  init_clk_IBUF_BUFG                | uut_decoder/last_regs_reg[26][31][0]          | uut_uart/last_regs_reg[3][20]_0                |                1 |              3 |
|  init_clk_IBUF_BUFG                | uut_decoder/last_regs_reg[26][31][0]          | uut_uart/u_reg/u_uart32_8/tx_en_reg_0          |                2 |              3 |
|  init_clk_IBUF_BUFG                | uut_decoder/last_regs_reg[25][31][0]          | uut_decoder/regs_reg[18][24]_0                 |                1 |              3 |
|  init_clk_IBUF_BUFG                | uut_decoder/last_regs_reg[25][31][0]          | uut_decoder/regs_reg[25][9]_0                  |                2 |              3 |
|  clk_BUFG                          | uut_if/regs_reg[3][31][0]                     | uut_decoder/regs_reg[23][31]_0                 |                1 |              3 |
|  init_clk_IBUF_BUFG                | uut_decoder/last_regs_reg[25][31][0]          | uut_decoder/regs_reg[13][6]_0                  |                2 |              3 |
|  init_clk_IBUF_BUFG                | uut_decoder/last_regs_reg[25][31][0]          | uut_decoder/regs_reg[15][15]_0                 |                2 |              3 |
|  init_clk_IBUF_BUFG                | uut_decoder/last_regs_reg[25][31][0]          | uut_uart/last_regs_reg[3][29]_0                |                1 |              3 |
|  init_clk_IBUF_BUFG                | uut_decoder/last_regs_reg[25][31][0]          | uut_uart/last_regs_reg[5][23]_0                |                1 |              3 |
|  init_clk_IBUF_BUFG                | uut_decoder/last_regs_reg[25][31][0]          | uut_uart/last_regs_reg[3][5]_0                 |                1 |              3 |
|  init_clk_IBUF_BUFG                | uut_decoder/last_regs_reg[25][31][0]          | uut_uart/last_regs_reg[3][14]_0                |                1 |              3 |
|  init_clk_IBUF_BUFG                | uut_decoder/last_regs_reg[25][31][0]          | uut_uart/last_regs_reg[3][20]_0                |                1 |              3 |
|  init_clk_IBUF_BUFG                | uut_decoder/last_regs_reg[25][31][0]          | uut_uart/u_reg/u_uart32_8/tx_en_reg_0          |                1 |              3 |
|  init_clk_IBUF_BUFG                | uut_decoder/last_regs_reg[27][31][0]          | uut_decoder/regs_reg[27][18]_0                 |                1 |              3 |
|  init_clk_IBUF_BUFG                | uut_decoder/last_regs_reg[27][31][0]          | uut_decoder/regs_reg[18][24]_0                 |                1 |              3 |
|  init_clk_IBUF_BUFG                | uut_decoder/last_regs_reg[27][31][0]          | uut_decoder/regs_reg[25][9]_0                  |                1 |              3 |
|  clk_BUFG                          | uut_if/regs_reg[4][31][0]                     | uut_decoder/regs_reg[27][18]_0                 |                2 |              3 |
|  init_clk_IBUF_BUFG                | uut_decoder/last_regs_reg[27][31][0]          | uut_decoder/regs_reg[13][6]_0                  |                1 |              3 |
|  init_clk_IBUF_BUFG                | uut_decoder/last_regs_reg[27][31][0]          | uut_decoder/regs_reg[15][15]_0                 |                1 |              3 |
|  init_clk_IBUF_BUFG                | uut_decoder/last_regs_reg[27][31][0]          | uut_uart/last_regs_reg[3][29]_0                |                1 |              3 |
|  init_clk_IBUF_BUFG                | uut_decoder/last_regs_reg[27][31][0]          | uut_uart/last_regs_reg[5][23]_0                |                1 |              3 |
|  init_clk_IBUF_BUFG                | uut_decoder/last_regs_reg[27][31][0]          | uut_uart/last_regs_reg[3][5]_0                 |                2 |              3 |
|  init_clk_IBUF_BUFG                | uut_decoder/last_regs_reg[27][31][0]          | uut_uart/last_regs_reg[3][14]_0                |                1 |              3 |
|  init_clk_IBUF_BUFG                | uut_decoder/last_regs_reg[27][31][0]          | uut_uart/u_reg/u_uart32_8/tx_en_reg_0          |                2 |              3 |
|  init_clk_IBUF_BUFG                | uut_decoder/last_regs_reg[29][31][0]          | uut_decoder/regs_reg[27][18]_0                 |                1 |              3 |
|  init_clk_IBUF_BUFG                | uut_decoder/last_regs_reg[29][31][0]          | uut_decoder/regs_reg[29][27]_0                 |                2 |              3 |
|  init_clk_IBUF_BUFG                | uut_decoder/last_regs_reg[29][31][0]          | uut_decoder/regs_reg[18][24]_0                 |                2 |              3 |
|  init_clk_IBUF_BUFG                | uut_decoder/last_regs_reg[29][31][0]          | uut_decoder/regs_reg[25][9]_0                  |                1 |              3 |
|  clk_BUFG                          | uut_if/regs_reg[7][31][0]                     | uut_decoder/regs_reg[25][9]_0                  |                1 |              3 |
|  init_clk_IBUF_BUFG                | uut_decoder/last_regs_reg[29][31][0]          | uut_decoder/regs_reg[13][6]_0                  |                2 |              3 |
|  init_clk_IBUF_BUFG                | uut_decoder/last_regs_reg[29][31][0]          | uut_decoder/regs_reg[15][15]_0                 |                2 |              3 |
|  init_clk_IBUF_BUFG                | uut_decoder/last_regs_reg[29][31][0]          | uut_uart/last_regs_reg[5][23]_0                |                1 |              3 |
|  init_clk_IBUF_BUFG                | uut_decoder/last_regs_reg[29][31][0]          | uut_uart/last_regs_reg[3][5]_0                 |                1 |              3 |
|  init_clk_IBUF_BUFG                | uut_decoder/last_regs_reg[29][31][0]          | uut_uart/last_regs_reg[3][14]_0                |                1 |              3 |
|  init_clk_IBUF_BUFG                | uut_decoder/last_regs_reg[29][31][0]          | uut_uart/u_reg/u_uart32_8/tx_en_reg_0          |                1 |              3 |
|  init_clk_IBUF_BUFG                | uut_decoder/last_regs_reg[28][31][0]          | uut_decoder/regs_reg[27][18]_0                 |                1 |              3 |
|  init_clk_IBUF_BUFG                | uut_decoder/last_regs_reg[28][31][0]          | uut_decoder/regs_reg[18][24]_0                 |                1 |              3 |
|  init_clk_IBUF_BUFG                | uut_decoder/last_regs_reg[28][31][0]          | uut_decoder/regs_reg[25][9]_0                  |                1 |              3 |
|  init_clk_IBUF_BUFG                | uut_decoder/last_regs_reg[28][31][0]          | uut_decoder/regs_reg[13][6]_0                  |                1 |              3 |
|  init_clk_IBUF_BUFG                | uut_decoder/last_regs_reg[28][31][0]          | uut_decoder/regs_reg[15][15]_0                 |                1 |              3 |
|  init_clk_IBUF_BUFG                | uut_decoder/last_regs_reg[28][31][0]          | uut_uart/last_regs_reg[3][29]_0                |                1 |              3 |
|  init_clk_IBUF_BUFG                | uut_decoder/last_regs_reg[28][31][0]          | uut_uart/last_regs_reg[5][23]_0                |                1 |              3 |
|  init_clk_IBUF_BUFG                | uut_decoder/last_regs_reg[28][31][0]          | uut_uart/last_regs_reg[3][5]_0                 |                1 |              3 |
|  init_clk_IBUF_BUFG                | uut_decoder/last_regs_reg[28][31][0]          | uut_uart/last_regs_reg[3][14]_0                |                1 |              3 |
|  init_clk_IBUF_BUFG                | uut_decoder/last_regs_reg[28][31][0]          | uut_uart/u_reg/u_uart32_8/tx_en_reg_0          |                1 |              3 |
|  init_clk_IBUF_BUFG                | uut_decoder/last_regs_reg[30][31][0]          | uut_decoder/regs_reg[27][18]_0                 |                2 |              3 |
|  init_clk_IBUF_BUFG                | uut_decoder/last_regs_reg[30][31][0]          | uut_decoder/regs_reg[29][27]_0                 |                1 |              3 |
|  init_clk_IBUF_BUFG                | uut_decoder/last_regs_reg[30][31][0]          | uut_decoder/regs_reg[18][24]_0                 |                1 |              3 |
|  init_clk_IBUF_BUFG                | uut_decoder/last_regs_reg[30][31][0]          | uut_decoder/regs_reg[25][9]_0                  |                1 |              3 |
|  init_clk_IBUF_BUFG                | uut_decoder/last_regs_reg[30][31][0]          | uut_decoder/regs_reg[13][6]_0                  |                1 |              3 |
|  init_clk_IBUF_BUFG                | uut_decoder/last_regs_reg[30][31][0]          | uut_decoder/regs_reg[15][15]_0                 |                1 |              3 |
|  init_clk_IBUF_BUFG                | uut_decoder/last_regs_reg[30][31][0]          | uut_uart/last_regs_reg[5][23]_0                |                1 |              3 |
|  init_clk_IBUF_BUFG                | uut_decoder/last_regs_reg[30][31][0]          | uut_uart/last_regs_reg[3][5]_0                 |                1 |              3 |
|  init_clk_IBUF_BUFG                | uut_decoder/last_regs_reg[30][31][0]          | uut_uart/last_regs_reg[3][14]_0                |                1 |              3 |
|  init_clk_IBUF_BUFG                | uut_decoder/last_regs_reg[30][31][0]          | uut_uart/u_reg/u_uart32_8/tx_en_reg_0          |                1 |              3 |
|  init_clk_IBUF_BUFG                | uut_decoder/last_regs_reg[31][31][0]          | uut_decoder/regs_reg[27][18]_0                 |                1 |              3 |
|  init_clk_IBUF_BUFG                | uut_decoder/last_regs_reg[31][31][0]          | uut_decoder/regs_reg[29][27]_0                 |                1 |              3 |
|  init_clk_IBUF_BUFG                | uut_decoder/last_regs_reg[31][31][0]          | uut_decoder/regs_reg[18][24]_0                 |                1 |              3 |
|  init_clk_IBUF_BUFG                | uut_decoder/last_regs_reg[31][31][0]          | uut_decoder/regs_reg[25][9]_0                  |                1 |              3 |
|  init_clk_IBUF_BUFG                | uut_decoder/last_regs_reg[31][31][0]          | uut_decoder/regs_reg[13][6]_0                  |                1 |              3 |
|  init_clk_IBUF_BUFG                | uut_decoder/last_regs_reg[31][31][0]          | uut_decoder/regs_reg[15][15]_0                 |                1 |              3 |
|  init_clk_IBUF_BUFG                | uut_decoder/last_regs_reg[31][31][0]          | uut_uart/last_regs_reg[5][23]_0                |                1 |              3 |
|  init_clk_IBUF_BUFG                | uut_decoder/last_regs_reg[31][31][0]          | uut_uart/last_regs_reg[3][5]_0                 |                1 |              3 |
|  init_clk_IBUF_BUFG                | uut_decoder/last_regs_reg[31][31][0]          | uut_uart/last_regs_reg[3][14]_0                |                1 |              3 |
|  init_clk_IBUF_BUFG                | uut_decoder/last_regs_reg[31][31][0]          | uut_uart/u_reg/u_uart32_8/tx_en_reg_0          |                1 |              3 |
|  init_clk_IBUF_BUFG                | uut_decoder/last_regs_reg[3][31][0]           | uut_decoder/regs_reg[9][2]_0                   |                2 |              3 |
|  init_clk_IBUF_BUFG                | uut_decoder/last_regs_reg[3][31][0]           | uut_decoder/regs_reg[27][18]_0                 |                1 |              3 |
|  init_clk_IBUF_BUFG                | uut_decoder/last_regs_reg[3][31][0]           | uut_decoder/regs_reg[19][11]_0                 |                1 |              3 |
|  init_clk_IBUF_BUFG                | uut_decoder/last_regs_reg[3][31][0]           | uut_decoder/regs_reg[29][27]_0                 |                1 |              3 |
|  init_clk_IBUF_BUFG                | uut_decoder/last_regs_reg[3][31][0]           | uut_decoder/regs_reg[18][24]_0                 |                2 |              3 |
|  init_clk_IBUF_BUFG                | uut_decoder/last_regs_reg[3][31][0]           | uut_decoder/regs_reg[25][9]_0                  |                1 |              3 |
|  init_clk_IBUF_BUFG                | uut_decoder/last_regs_reg[3][31][0]           | uut_uart/last_regs_reg[3][29]_0                |                1 |              3 |
|  init_clk_IBUF_BUFG                | uut_decoder/last_regs_reg[3][31][0]           | uut_uart/last_regs_reg[3][5]_0                 |                1 |              3 |
|  init_clk_IBUF_BUFG                | uut_decoder/last_regs_reg[3][31][0]           | uut_uart/last_regs_reg[3][14]_0                |                1 |              3 |
|  init_clk_IBUF_BUFG                | uut_decoder/last_regs_reg[3][31][0]           | uut_uart/last_regs_reg[3][20]_0                |                1 |              3 |
|  init_clk_IBUF_BUFG                | uut_decoder/last_regs_reg[4][31][0]           | uut_decoder/regs_reg[9][2]_0                   |                1 |              3 |
|  init_clk_IBUF_BUFG                | uut_decoder/last_regs_reg[4][31][0]           | uut_decoder/regs_reg[27][18]_0                 |                1 |              3 |
|  init_clk_IBUF_BUFG                | uut_decoder/last_regs_reg[4][31][0]           | uut_decoder/regs_reg[19][11]_0                 |                1 |              3 |
|  init_clk_IBUF_BUFG                | uut_decoder/last_regs_reg[4][31][0]           | uut_decoder/regs_reg[29][27]_0                 |                1 |              3 |
|  init_clk_IBUF_BUFG                | uut_decoder/last_regs_reg[4][31][0]           | uut_decoder/regs_reg[18][24]_0                 |                1 |              3 |
|  init_clk_IBUF_BUFG                | uut_decoder/last_regs_reg[4][31][0]           | uut_decoder/regs_reg[25][9]_0                  |                1 |              3 |
|  clk_BUFG                          | uut_if/regs_reg[3][31][0]                     | uut_decoder/regs_reg[29][27]_0                 |                1 |              3 |
|  init_clk_IBUF_BUFG                | uut_decoder/last_regs_reg[4][31][0]           | uut_uart/last_regs_reg[3][29]_0                |                1 |              3 |
|  init_clk_IBUF_BUFG                | uut_decoder/last_regs_reg[4][31][0]           | uut_uart/last_regs_reg[3][5]_0                 |                1 |              3 |
|  init_clk_IBUF_BUFG                | uut_decoder/last_regs_reg[4][31][0]           | uut_uart/last_regs_reg[3][14]_0                |                2 |              3 |
|  init_clk_IBUF_BUFG                | uut_decoder/last_regs_reg[4][31][0]           | uut_uart/last_regs_reg[3][20]_0                |                1 |              3 |
|  init_clk_IBUF_BUFG                | uut_decoder/last_regs_reg[5][31][0]           | uut_decoder/regs_reg[9][2]_0                   |                1 |              3 |
|  init_clk_IBUF_BUFG                | uut_decoder/last_regs_reg[5][31][0]           | uut_decoder/regs_reg[27][18]_0                 |                1 |              3 |
|  init_clk_IBUF_BUFG                | uut_decoder/last_regs_reg[5][31][0]           | uut_decoder/regs_reg[19][11]_0                 |                1 |              3 |
|  init_clk_IBUF_BUFG                | uut_decoder/last_regs_reg[5][31][0]           | uut_decoder/regs_reg[29][27]_0                 |                1 |              3 |
|  init_clk_IBUF_BUFG                | uut_decoder/last_regs_reg[5][31][0]           | uut_decoder/regs_reg[25][9]_0                  |                1 |              3 |
|  init_clk_IBUF_BUFG                | uut_decoder/last_regs_reg[5][31][0]           | uut_uart/last_regs_reg[3][29]_0                |                1 |              3 |
|  init_clk_IBUF_BUFG                | uut_decoder/last_regs_reg[5][31][0]           | uut_uart/last_regs_reg[5][23]_0                |                1 |              3 |
|  init_clk_IBUF_BUFG                | uut_decoder/last_regs_reg[5][31][0]           | uut_uart/last_regs_reg[3][5]_0                 |                1 |              3 |
|  init_clk_IBUF_BUFG                | uut_decoder/last_regs_reg[5][31][0]           | uut_uart/last_regs_reg[3][14]_0                |                2 |              3 |
|  init_clk_IBUF_BUFG                | uut_decoder/last_regs_reg[5][31][0]           | uut_uart/last_regs_reg[3][20]_0                |                1 |              3 |
|  init_clk_IBUF_BUFG                | uut_decoder/last_regs_reg[6][31][0]           | uut_decoder/regs_reg[9][2]_0                   |                1 |              3 |
|  init_clk_IBUF_BUFG                | uut_decoder/last_regs_reg[6][31][0]           | uut_decoder/regs_reg[27][18]_0                 |                1 |              3 |
|  init_clk_IBUF_BUFG                | uut_decoder/last_regs_reg[6][31][0]           | uut_decoder/regs_reg[19][11]_0                 |                1 |              3 |
|  init_clk_IBUF_BUFG                | uut_decoder/last_regs_reg[6][31][0]           | uut_decoder/regs_reg[29][27]_0                 |                1 |              3 |
|  init_clk_IBUF_BUFG                | uut_decoder/last_regs_reg[6][31][0]           | uut_decoder/regs_reg[25][9]_0                  |                1 |              3 |
|  init_clk_IBUF_BUFG                | uut_decoder/last_regs_reg[6][31][0]           | uut_uart/last_regs_reg[3][29]_0                |                1 |              3 |
|  init_clk_IBUF_BUFG                | uut_decoder/last_regs_reg[6][31][0]           | uut_uart/last_regs_reg[5][23]_0                |                1 |              3 |
|  init_clk_IBUF_BUFG                | uut_decoder/last_regs_reg[6][31][0]           | uut_uart/last_regs_reg[3][5]_0                 |                1 |              3 |
|  init_clk_IBUF_BUFG                | uut_decoder/last_regs_reg[6][31][0]           | uut_uart/last_regs_reg[3][14]_0                |                2 |              3 |
|  init_clk_IBUF_BUFG                | uut_decoder/last_regs_reg[6][31][0]           | uut_uart/last_regs_reg[3][20]_0                |                1 |              3 |
|  init_clk_IBUF_BUFG                | uut_decoder/last_regs_reg[7][31][0]           | uut_decoder/regs_reg[9][2]_0                   |                1 |              3 |
|  init_clk_IBUF_BUFG                | uut_decoder/last_regs_reg[7][31][0]           | uut_decoder/regs_reg[27][18]_0                 |                1 |              3 |
|  init_clk_IBUF_BUFG                | uut_decoder/last_regs_reg[7][31][0]           | uut_decoder/regs_reg[19][11]_0                 |                1 |              3 |
|  init_clk_IBUF_BUFG                | uut_decoder/last_regs_reg[7][31][0]           | uut_decoder/regs_reg[29][27]_0                 |                1 |              3 |
|  init_clk_IBUF_BUFG                | uut_decoder/last_regs_reg[7][31][0]           | uut_decoder/regs_reg[25][9]_0                  |                1 |              3 |
|  init_clk_IBUF_BUFG                | uut_decoder/last_regs_reg[7][31][0]           | uut_uart/last_regs_reg[3][29]_0                |                1 |              3 |
|  init_clk_IBUF_BUFG                | uut_decoder/last_regs_reg[7][31][0]           | uut_uart/last_regs_reg[5][23]_0                |                1 |              3 |
|  init_clk_IBUF_BUFG                | uut_decoder/last_regs_reg[7][31][0]           | uut_uart/last_regs_reg[3][5]_0                 |                1 |              3 |
|  init_clk_IBUF_BUFG                | uut_decoder/last_regs_reg[7][31][0]           | uut_uart/last_regs_reg[3][14]_0                |                2 |              3 |
|  init_clk_IBUF_BUFG                | uut_decoder/last_regs_reg[7][31][0]           | uut_uart/last_regs_reg[3][20]_0                |                1 |              3 |
|  init_clk_IBUF_BUFG                | uut_decoder/last_regs_reg[9][31][0]           | uut_decoder/regs_reg[9][2]_0                   |                1 |              3 |
|  init_clk_IBUF_BUFG                | uut_decoder/last_regs_reg[9][31][0]           | uut_decoder/regs_reg[27][18]_0                 |                1 |              3 |
|  init_clk_IBUF_BUFG                | uut_decoder/last_regs_reg[9][31][0]           | uut_decoder/regs_reg[19][11]_0                 |                1 |              3 |
|  init_clk_IBUF_BUFG                | uut_decoder/last_regs_reg[9][31][0]           | uut_decoder/regs_reg[29][27]_0                 |                1 |              3 |
|  init_clk_IBUF_BUFG                | uut_decoder/last_regs_reg[9][31][0]           | uut_decoder/regs_reg[25][9]_0                  |                1 |              3 |
|  init_clk_IBUF_BUFG                | uut_decoder/last_regs_reg[9][31][0]           | uut_uart/last_regs_reg[3][29]_0                |                1 |              3 |
|  init_clk_IBUF_BUFG                | uut_decoder/last_regs_reg[9][31][0]           | uut_uart/last_regs_reg[5][23]_0                |                1 |              3 |
|  init_clk_IBUF_BUFG                | uut_decoder/last_regs_reg[9][31][0]           | uut_uart/last_regs_reg[3][5]_0                 |                1 |              3 |
|  init_clk_IBUF_BUFG                | uut_decoder/last_regs_reg[9][31][0]           | uut_uart/last_regs_reg[3][14]_0                |                1 |              3 |
|  uut_debounce_divider/clk_de       | uut_input/cp_done_counter                     | uut_input/cp_done_counter[3]_i_1_n_3           |                1 |              4 |
|  uut_output/uut_clk_display/CLK    |                                               | uut_output/uut_clk_display/cnt_reg[24]_0       |                3 |              4 |
|  clk_BUFG                          |                                               | uut_decoder/regs_reg[10][31]_0                 |                1 |              4 |
|  init_clk_IBUF_BUFG                |                                               | uut_decoder/regs_reg[10][31]_0                 |                2 |              4 |
|  init_clk_IBUF_BUFG                | uut_uart/u_rx/bit_cnt[3]_i_1_n_3              | uut_uart/u_rx/data_valid_reg_0                 |                1 |              4 |
|  uut_debounce_divider/clk_de       | uut_input/done_counter                        | uut_input/done_counter[3]_i_1_n_3              |                1 |              4 |
|  init_clk_IBUF_BUFG                | uut_uart/u_tx/bit_cnt[3]_i_1__0_n_3           | uut_uart/u_reg/u_uart32_8/tx_busy_d_reg_0      |                1 |              4 |
|  uut_output/uut_seg_gen/E[0]       |                                               |                                                |                2 |              7 |
|  uut_output/uut_seg_gen/seg1[1][0] |                                               |                                                |                2 |              7 |
|  init_clk_IBUF_BUFG                | uut_uart/u_reg/u_uart32_8/send_cnt_reg[0]_rep | uut_uart/u_reg/u_uart32_8/tx_en_reg_0          |                2 |              7 |
|  init_clk_IBUF_BUFG                | uut_uart/u_rx/data_valid                      | uut_uart/u_rx/data_valid_reg_0                 |                1 |              8 |
|  init_clk_IBUF_BUFG                |                                               |                                                |                2 |              8 |
|  init_clk_IBUF_BUFG                | uut_uart/u_rx/data_out[7]_i_1_n_3             |                                                |                1 |              8 |
|  init_clk_IBUF_BUFG                | uut_uart/u_reg/u_uart32_8/E[0]                |                                                |                2 |              8 |
|  init_clk_IBUF_BUFG                | uut_uart/u_reg/u_uart32_8/tx_data[7]_i_1_n_3  | uut_uart/u_rx/data_valid_reg_0                 |                2 |              8 |
|  init_clk_IBUF_BUFG                |                                               | uut_uart/u_reg/u_uart32_8/tx_busy_d_reg_0      |                3 |             10 |
|  init_clk_IBUF_BUFG                |                                               | uut_uart/u_reg/data_send_buffer_reg[26][18]_0  |                2 |             12 |
| ~clk_BUFG                          | uut_if/en_pc                                  | uut_uart/u_reg/send_cnt_reg[0]_rep_0           |                3 |             12 |
|  init_clk_IBUF_BUFG                | uut_uart/u_reg/data_send_buffer               | uut_uart/u_reg/send_cnt_reg[0]_rep_0           |                4 |             14 |
|  init_clk_IBUF_BUFG                | uut_uart/u_rx/baud_cnt[15]_i_1_n_3            | uut_uart/u_rx/data_valid_reg_0                 |                6 |             16 |
| ~clk_BUFG                          | uut_if/en_pc                                  | uut_output/uut_clk_display/cnt_reg[24]_0       |                5 |             20 |
|  init_clk_IBUF_BUFG                |                                               | uut_output/uut_clk_display/cnt_reg[24]_0       |                9 |             27 |
|  n_2_8676_BUFG                     |                                               |                                                |               14 |             32 |
|  clk_BUFG                          | uut_if/regs_reg[10][31][0]                    | uut_decoder/regs_reg[10][31]_0                 |               15 |             32 |
|  init_clk_IBUF_BUFG                | uut_decoder/last_regs_reg[2][31][0]           | uut_uart/u_reg/send_cnt_reg[0]_rep_0           |                5 |             32 |
|  init_clk_IBUF_BUFG                | uut_output/E[0]                               | uut_uart/u_rx/data_valid_reg_0                 |                6 |             32 |
|  clk_BUFG                          | uut_if/regs_reg[17][31][0]                    | uut_decoder/regs_reg[10][31]_0                 |                7 |             32 |
|  init_clk_IBUF_BUFG                | uut_decoder/E[0]                              | uut_uart/u_reg/send_cnt_reg[0]_rep_0           |                4 |             32 |
|  init_clk_IBUF_BUFG                | uut_decoder/last_regs_reg[10][31][0]          | uut_uart/u_reg/send_cnt_reg[0]_rep_0           |                6 |             32 |
|  init_clk_IBUF_BUFG                | uut_decoder/last_regs_reg[17][31][0]          | uut_decoder/regs_reg[10][31]_0                 |                6 |             32 |
|  n_1_7313_BUFG                     |                                               |                                                |               21 |             32 |
|  clk_BUFG                          |                                               |                                                |               13 |             34 |
|  init_clk_IBUF_BUFG                | uut_uart/u_reg/u_uart32_8/send_cnt_reg[0]_rep | uut_uart/u_reg/data_send_buffer_reg[26][18]_0  |               13 |             34 |
|  init_clk_IBUF_BUFG                |                                               | uut_uart/u_rx/data_valid_reg_0                 |               16 |             54 |
|  en_output_BUFG                    |                                               |                                                |               33 |             67 |
|  init_clk_IBUF_BUFG                | uut_uart/u_reg/data_send_buffer               | uut_uart/u_reg/u_uart32_8/tx_en_reg_0          |               27 |             78 |
|  init_clk_IBUF_BUFG                | uut_uart/u_reg/data_send_buffer               | uut_uart/u_reg/data_send_buffer_reg[26][18]_0  |               19 |             78 |
|  init_clk_IBUF_BUFG                | uut_uart/u_reg/data_send_buffer               | uut_uart/u_reg/u_uart32_8/tx_busy_d_reg_0      |               25 |            110 |
|  init_clk_IBUF_BUFG                | uut_uart/u_reg/data_send_buffer               | uut_uart/u_reg/data_send_buffer[4][23]_i_1_n_3 |               31 |            124 |
|  init_clk_IBUF_BUFG                | uut_uart/u_reg/data_send_buffer               | uut_uart/u_reg/data_send_buffer[4][27]_i_1_n_3 |               33 |            124 |
|  init_clk_IBUF_BUFG                | uut_uart/u_reg/data_send_buffer               | uut_uart/u_reg/data_send_buffer[0][15]_i_1_n_3 |               32 |            124 |
|  init_clk_IBUF_BUFG                | uut_uart/u_reg/data_send_buffer               | uut_uart/u_reg/data_send_buffer[2][16]_i_1_n_3 |               33 |            124 |
|  init_clk_IBUF_BUFG                | uut_uart/u_reg/data_send_buffer               | uut_uart/u_reg/data_send_buffer[0][13]_i_1_n_3 |               29 |            124 |
|  init_clk_IBUF_BUFG                | uut_uart/u_reg/data_send_buffer               | uut_uart/u_reg/data_send_buffer[0][11]_i_1_n_3 |               29 |            124 |
+------------------------------------+-----------------------------------------------+------------------------------------------------+------------------+----------------+


+--------+-----------------------+
| Fanout | Number of ControlSets |
+--------+-----------------------+
| 1      |                    76 |
| 2      |                   259 |
| 3      |                   403 |
| 4      |                     7 |
| 7      |                     3 |
| 8      |                     5 |
| 10     |                     1 |
| 12     |                     2 |
| 14     |                     1 |
| 16+    |                    25 |
+--------+-----------------------+


