#-----------------------------------------------------------
# Vivado v2017.4 (64-bit)
# SW Build 2086221 on Fri Dec 15 20:55:39 MST 2017
# IP Build 2085800 on Fri Dec 15 22:25:07 MST 2017
# Start of session at: Thu May 15 20:32:46 2025
# Process ID: 2136
# Current directory: D:/GitHub/Computer-Organization-Project/CPU
# Command line: vivado.exe -gui_launcher_event rodinguilauncherevent2700 D:\GitHub\Computer-Organization-Project\CPU\CPU.xpr
# Log file: D:/GitHub/Computer-Organization-Project/CPU/vivado.log
# Journal file: D:/GitHub/Computer-Organization-Project/CPU\vivado.jou
#-----------------------------------------------------------
start_gui
open_project D:/GitHub/Computer-Organization-Project/CPU/CPU.xpr
Scanning sources...
Finished scanning sources
INFO: [IP_Flow 19-234] Refreshing IP repositories
INFO: [IP_Flow 19-1704] No user IP repositories specified
INFO: [IP_Flow 19-2313] Loaded Vivado IP repository 'D:/Xilinx/Vivado/2017.4/data/ip'.
update_compile_order -fileset sources_1
open_project D:/GitHub/Computer-Organization-Project/pipelineCPU/pipelineCPU.xpr
Scanning sources...
Finished scanning sources
INFO: [IP_Flow 19-234] Refreshing IP repositories
INFO: [IP_Flow 19-1704] No user IP repositories specified
INFO: [IP_Flow 19-2313] Loaded Vivado IP repository 'D:/Xilinx/Vivado/2017.4/data/ip'.
update_compile_order -fileset sources_1
current_project CPU
current_project pipelineCPU
reset_run synth_1
launch_runs synth_1 -jobs 4
[Thu May 15 21:51:31 2025] Launched synth_1...
Run output will be captured here: D:/GitHub/Computer-Organization-Project/pipelineCPU/pipelineCPU.runs/synth_1/runme.log
launch_simulation
INFO: [Vivado 12-5698] Checking validity of IPs in the design for the 'XSim' simulator...
INFO: [Vivado 12-5682] Launching behavioral simulation in 'D:/GitHub/Computer-Organization-Project/pipelineCPU/pipelineCPU.sim/sim_1/behav/xsim'
INFO: [Vivado 12-4795] Using compiled simulation libraries for IPs
INFO: [SIM-utils-51] Simulation object is 'sim_1'
INFO: [USF-XSim-7] Finding pre-compiled libraries...
INFO: [USF-XSim-11] File 'D:/Xilinx/Vivado/2017.4/data/xsim/ip/xsim_ip.ini' copied to run dir:'D:/GitHub/Computer-Organization-Project/pipelineCPU/pipelineCPU.sim/sim_1/behav/xsim'
INFO: [SIM-utils-54] Inspecting design source files for 'tb_pipeline' in fileset 'sim_1'...
INFO: [SIM-utils-43] Exported 'D:/GitHub/Computer-Organization-Project/pipelineCPU/pipelineCPU.sim/sim_1/behav/xsim/pgrom.mif'
INFO: [SIM-utils-43] Exported 'D:/GitHub/Computer-Organization-Project/pipelineCPU/pipelineCPU.sim/sim_1/behav/xsim/test1ROM.coe'
INFO: [USF-XSim-97] Finding global include files...
INFO: [USF-XSim-98] Fetching design files from 'sim_1'...
INFO: [USF-XSim-2] XSim::Compile design
INFO: [USF-XSim-61] Executing 'COMPILE and ANALYZE' step in 'D:/GitHub/Computer-Organization-Project/pipelineCPU/pipelineCPU.sim/sim_1/behav/xsim'
"xvlog --incr --relax -L xil_defaultlib -prj tb_pipeline_vlog.prj"
INFO: [VRFC 10-2263] Analyzing Verilog file "D:/GitHub/Computer-Organization-Project/pipelineCPU/pipelineCPU.srcs/sources_1/ip/pgram/sim/pgram.v" into library xil_defaultlib
INFO: [VRFC 10-311] analyzing module pgram
INFO: [VRFC 10-2263] Analyzing Verilog file "D:/GitHub/Computer-Organization-Project/pipelineCPU/pipelineCPU.srcs/sources_1/ip/pgrom/sim/pgrom.v" into library xil_defaultlib
INFO: [VRFC 10-311] analyzing module pgrom
INFO: [VRFC 10-2263] Analyzing Verilog file "D:/GitHub/Computer-Organization-Project/pipelineCPU/pipelineCPU.srcs/sources_1/new/ClockDivider.v" into library xil_defaultlib
INFO: [VRFC 10-311] analyzing module ClockDivider
INFO: [VRFC 10-2263] Analyzing Verilog file "D:/GitHub/Computer-Organization-Project/pipelineCPU/pipelineCPU.srcs/sources_1/new/EXE.v" into library xil_defaultlib
INFO: [VRFC 10-311] analyzing module EXE
INFO: [VRFC 10-2263] Analyzing Verilog file "D:/GitHub/Computer-Organization-Project/pipelineCPU/pipelineCPU.srcs/sources_1/new/HarzardDetection.v" into library xil_defaultlib
INFO: [VRFC 10-311] analyzing module HarzardDetection
INFO: [VRFC 10-2263] Analyzing Verilog file "D:/GitHub/Computer-Organization-Project/pipelineCPU/pipelineCPU.srcs/sources_1/new/IF.v" into library xil_defaultlib
INFO: [VRFC 10-311] analyzing module IF
INFO: [VRFC 10-2263] Analyzing Verilog file "D:/GitHub/Computer-Organization-Project/pipelineCPU/pipelineCPU.srcs/sources_1/new/InputModule.v" into library xil_defaultlib
INFO: [VRFC 10-311] analyzing module InputModule
INFO: [VRFC 10-2263] Analyzing Verilog file "D:/GitHub/Computer-Organization-Project/pipelineCPU/pipelineCPU.srcs/sources_1/new/MEM.v" into library xil_defaultlib
INFO: [VRFC 10-311] analyzing module MEM
INFO: [VRFC 10-2263] Analyzing Verilog file "D:/GitHub/Computer-Organization-Project/pipelineCPU/pipelineCPU.srcs/sources_1/new/OutputModule.v" into library xil_defaultlib
INFO: [VRFC 10-311] analyzing module OutputModule
INFO: [VRFC 10-2263] Analyzing Verilog file "D:/GitHub/Computer-Organization-Project/pipelineCPU/pipelineCPU.srcs/sources_1/new/SegDisplay.v" into library xil_defaultlib
INFO: [VRFC 10-311] analyzing module SegDisplay
INFO: [VRFC 10-2263] Analyzing Verilog file "D:/GitHub/Computer-Organization-Project/pipelineCPU/pipelineCPU.srcs/sources_1/new/SegGenerator.v" into library xil_defaultlib
INFO: [VRFC 10-311] analyzing module SegGenerator
INFO: [VRFC 10-2263] Analyzing SystemVerilog file "D:/GitHub/Computer-Organization-Project/pipelineCPU/pipelineCPU.srcs/sources_1/new/ID.v" into library xil_defaultlib
INFO: [VRFC 10-311] analyzing module ID
INFO: [VRFC 10-2263] Analyzing SystemVerilog file "D:/GitHub/Computer-Organization-Project/pipelineCPU/pipelineCPU.srcs/sources_1/new/WB.v" into library xil_defaultlib
INFO: [VRFC 10-311] analyzing module WB
INFO: [VRFC 10-2263] Analyzing SystemVerilog file "D:/GitHub/Computer-Organization-Project/pipelineCPU/pipelineCPU.srcs/sources_1/new/top_module.v" into library xil_defaultlib
INFO: [VRFC 10-311] analyzing module top_module
INFO: [USF-XSim-69] 'compile' step finished in '1' seconds
INFO: [USF-XSim-3] XSim::Elaborate design
INFO: [USF-XSim-61] Executing 'ELABORATE' step in 'D:/GitHub/Computer-Organization-Project/pipelineCPU/pipelineCPU.sim/sim_1/behav/xsim'
Vivado Simulator 2017.4
Copyright 1986-1999, 2001-2016 Xilinx, Inc. All Rights Reserved.
Running: D:/Xilinx/Vivado/2017.4/bin/unwrapped/win64.o/xelab.exe -wto 374ad2d08ccb4635b2dbbca0a3224143 --incr --debug typical --relax --mt 2 -L blk_mem_gen_v8_4_1 -L xil_defaultlib -L unisims_ver -L unimacro_ver -L secureip -L xpm --snapshot tb_pipeline_behav xil_defaultlib.tb_pipeline xil_defaultlib.glbl -log elaborate.log 
Using 2 slave threads.
Starting static elaboration
ERROR: [VRFC 10-426] cannot find port clk on this module [D:/GitHub/Computer-Organization-Project/pipelineCPU/pipelineCPU.srcs/sim_1/new/tb_pipeline.v:6]
ERROR: [VRFC 10-2063] Module <ClockDivider> not found while processing module instance <uut_clk_divider> [D:/GitHub/Computer-Organization-Project/pipelineCPU/pipelineCPU.srcs/sources_1/new/top_module.v:281]
ERROR: [VRFC 10-2063] Module <HarzardDetection> not found while processing module instance <hd_uut> [D:/GitHub/Computer-Organization-Project/pipelineCPU/pipelineCPU.srcs/sources_1/new/top_module.v:294]
ERROR: [VRFC 10-2063] Module <IF> not found while processing module instance <if_uut> [D:/GitHub/Computer-Organization-Project/pipelineCPU/pipelineCPU.srcs/sources_1/new/top_module.v:308]
ERROR: [VRFC 10-2063] Module <ID> not found while processing module instance <id_uut> [D:/GitHub/Computer-Organization-Project/pipelineCPU/pipelineCPU.srcs/sources_1/new/top_module.v:316]
ERROR: [VRFC 10-2063] Module <EXE> not found while processing module instance <exe_uut> [D:/GitHub/Computer-Organization-Project/pipelineCPU/pipelineCPU.srcs/sources_1/new/top_module.v:350]
ERROR: [VRFC 10-2063] Module <MEM> not found while processing module instance <mem_uut> [D:/GitHub/Computer-Organization-Project/pipelineCPU/pipelineCPU.srcs/sources_1/new/top_module.v:365]
ERROR: [VRFC 10-2063] Module <WB> not found while processing module instance <wb_uut> [D:/GitHub/Computer-Organization-Project/pipelineCPU/pipelineCPU.srcs/sources_1/new/top_module.v:376]
ERROR: [VRFC 10-2063] Module <InputModule> not found while processing module instance <input_uut> [D:/GitHub/Computer-Organization-Project/pipelineCPU/pipelineCPU.srcs/sources_1/new/top_module.v:395]
ERROR: [VRFC 10-2063] Module <OutputModule> not found while processing module instance <uut_output> [D:/GitHub/Computer-Organization-Project/pipelineCPU/pipelineCPU.srcs/sources_1/new/top_module.v:405]
ERROR: [XSIM 43-3322] Static elaboration of top level Verilog design unit(s) in library work failed.
INFO: [USF-XSim-69] 'elaborate' step finished in '1' seconds
INFO: [USF-XSim-99] Step results log file:'D:/GitHub/Computer-Organization-Project/pipelineCPU/pipelineCPU.sim/sim_1/behav/xsim/elaborate.log'
ERROR: [USF-XSim-62] 'elaborate' step failed with error(s). Please check the Tcl console output or 'D:/GitHub/Computer-Organization-Project/pipelineCPU/pipelineCPU.sim/sim_1/behav/xsim/elaborate.log' file for more information.
ERROR: [Vivado 12-4473] Detected error while running simulation. Please correct the issue and retry this operation.
ERROR: [Common 17-39] 'launch_simulation' failed due to earlier errors.
launch_simulation
INFO: [Vivado 12-5698] Checking validity of IPs in the design for the 'XSim' simulator...
INFO: [Vivado 12-5682] Launching behavioral simulation in 'D:/GitHub/Computer-Organization-Project/pipelineCPU/pipelineCPU.sim/sim_1/behav/xsim'
INFO: [Vivado 12-4795] Using compiled simulation libraries for IPs
INFO: [SIM-utils-51] Simulation object is 'sim_1'
INFO: [USF-XSim-7] Finding pre-compiled libraries...
INFO: [USF-XSim-11] File 'D:/Xilinx/Vivado/2017.4/data/xsim/ip/xsim_ip.ini' copied to run dir:'D:/GitHub/Computer-Organization-Project/pipelineCPU/pipelineCPU.sim/sim_1/behav/xsim'
INFO: [SIM-utils-54] Inspecting design source files for 'tb_pipeline' in fileset 'sim_1'...
INFO: [SIM-utils-43] Exported 'D:/GitHub/Computer-Organization-Project/pipelineCPU/pipelineCPU.sim/sim_1/behav/xsim/pgrom.mif'
INFO: [SIM-utils-43] Exported 'D:/GitHub/Computer-Organization-Project/pipelineCPU/pipelineCPU.sim/sim_1/behav/xsim/test1ROM.coe'
INFO: [USF-XSim-97] Finding global include files...
INFO: [USF-XSim-98] Fetching design files from 'sim_1'...
INFO: [USF-XSim-2] XSim::Compile design
INFO: [USF-XSim-61] Executing 'COMPILE and ANALYZE' step in 'D:/GitHub/Computer-Organization-Project/pipelineCPU/pipelineCPU.sim/sim_1/behav/xsim'
"xvlog --incr --relax -L xil_defaultlib -prj tb_pipeline_vlog.prj"
INFO: [VRFC 10-2263] Analyzing Verilog file "D:/GitHub/Computer-Organization-Project/pipelineCPU/pipelineCPU.srcs/sources_1/new/InputModule.v" into library xil_defaultlib
INFO: [VRFC 10-311] analyzing module InputModule
INFO: [VRFC 10-2263] Analyzing Verilog file "D:/GitHub/Computer-Organization-Project/pipelineCPU/pipelineCPU.srcs/sources_1/new/OutputModule.v" into library xil_defaultlib
INFO: [VRFC 10-311] analyzing module OutputModule
INFO: [VRFC 10-2263] Analyzing Verilog file "D:/GitHub/Computer-Organization-Project/pipelineCPU/pipelineCPU.srcs/sources_1/new/SegDisplay.v" into library xil_defaultlib
INFO: [VRFC 10-311] analyzing module SegDisplay
INFO: [VRFC 10-2263] Analyzing Verilog file "D:/GitHub/Computer-Organization-Project/pipelineCPU/pipelineCPU.srcs/sources_1/new/SegGenerator.v" into library xil_defaultlib
INFO: [VRFC 10-311] analyzing module SegGenerator
INFO: [VRFC 10-2263] Analyzing SystemVerilog file "D:/GitHub/Computer-Organization-Project/pipelineCPU/pipelineCPU.srcs/sources_1/new/ID.v" into library xil_defaultlib
INFO: [VRFC 10-311] analyzing module ID
INFO: [VRFC 10-2263] Analyzing SystemVerilog file "D:/GitHub/Computer-Organization-Project/pipelineCPU/pipelineCPU.srcs/sources_1/new/WB.v" into library xil_defaultlib
INFO: [VRFC 10-311] analyzing module WB
INFO: [VRFC 10-2263] Analyzing SystemVerilog file "D:/GitHub/Computer-Organization-Project/pipelineCPU/pipelineCPU.srcs/sources_1/new/top_module.v" into library xil_defaultlib
INFO: [VRFC 10-311] analyzing module top_module
INFO: [VRFC 10-2263] Analyzing Verilog file "D:/GitHub/Computer-Organization-Project/pipelineCPU/pipelineCPU.srcs/sim_1/new/tb_pipeline.v" into library xil_defaultlib
INFO: [VRFC 10-311] analyzing module tb_pipeline
INFO: [USF-XSim-69] 'compile' step finished in '1' seconds
INFO: [USF-XSim-3] XSim::Elaborate design
INFO: [USF-XSim-61] Executing 'ELABORATE' step in 'D:/GitHub/Computer-Organization-Project/pipelineCPU/pipelineCPU.sim/sim_1/behav/xsim'
Vivado Simulator 2017.4
Copyright 1986-1999, 2001-2016 Xilinx, Inc. All Rights Reserved.
Running: D:/Xilinx/Vivado/2017.4/bin/unwrapped/win64.o/xelab.exe -wto 374ad2d08ccb4635b2dbbca0a3224143 --incr --debug typical --relax --mt 2 -L blk_mem_gen_v8_4_1 -L xil_defaultlib -L unisims_ver -L unimacro_ver -L secureip -L xpm --snapshot tb_pipeline_behav xil_defaultlib.tb_pipeline xil_defaultlib.glbl -log elaborate.log 
Using 2 slave threads.
Starting static elaboration
WARNING: [VRFC 10-278] actual bit length 32 differs from formal bit length 4 for port wea [D:/GitHub/Computer-Organization-Project/pipelineCPU/pipelineCPU.srcs/sources_1/new/MEM.v:68]
WARNING: [VRFC 10-1783] select index 62 into current_contents is out of bounds [/wrk/2017.4/nightly/2017_12_15_2086221/packages/customer/vivado/data/ip/xilinx/blk_mem_gen_v8_4/simulation/blk_mem_gen_v8_4.v:2420]
Completed static elaboration
Starting simulation data flow analysis
WARNING: [XSIM 43-4100] "D:/GitHub/Computer-Organization-Project/pipelineCPU/pipelineCPU.srcs/sources_1/new/top_module.v" Line 3. Module top_module has a timescale but at least one module in design doesn't have timescale.
WARNING: [XSIM 43-4100] "D:/GitHub/Computer-Organization-Project/pipelineCPU/pipelineCPU.srcs/sources_1/new/ClockDivider.v" Line 1. Module ClockDivider has a timescale but at least one module in design doesn't have timescale.
WARNING: [XSIM 43-4100] "D:/GitHub/Computer-Organization-Project/pipelineCPU/pipelineCPU.srcs/sources_1/new/ClockDivider.v" Line 1. Module ClockDivider has a timescale but at least one module in design doesn't have timescale.
WARNING: [XSIM 43-4100] "D:/GitHub/Computer-Organization-Project/pipelineCPU/pipelineCPU.srcs/sources_1/new/HarzardDetection.v" Line 3. Module HarzardDetection has a timescale but at least one module in design doesn't have timescale.
WARNING: [XSIM 43-4100] "D:/GitHub/Computer-Organization-Project/pipelineCPU/pipelineCPU.srcs/sources_1/new/IF.v" Line 23. Module IF has a timescale but at least one module in design doesn't have timescale.
WARNING: [XSIM 43-4100] "D:/GitHub/Computer-Organization-Project/pipelineCPU/pipelineCPU.srcs/sources_1/ip/pgrom/sim/pgrom.v" Line 55. Module pgrom has a timescale but at least one module in design doesn't have timescale.
WARNING: [XSIM 43-4100] "/wrk/2017.4/nightly/2017_12_15_2086221/packages/customer/vivado/data/ip/xilinx/blk_mem_gen_v8_4/simulation/blk_mem_gen_v8_4.v" Line 3412. Module blk_mem_gen_v8_4_1(C_FAMILY="artix7",C_XDEVICEFAMILY="artix7",C_ELABORATION_DIR="./",C_AXI_TYPE=1,C_MEM_TYPE=3,C_PRIM_TYPE=1,C_LOAD_INIT_FILE=1,C_INIT_FILE_NAME="pgrom.mif",C_INIT_FILE="pgrom.mem",C_HAS_ENA=0,C_WRITE_DEPTH_A=16384,C_READ_DEPTH_A=16384,C_ADDRA_WIDTH=14,C_INITB_VAL="0",C_HAS_ENB=0,C_WRITE_DEPTH_B=16384,C_READ_DEPTH_B=16384,C_ADDRB_WIDTH=14,C_SIM_COLLISION_CHECK="ALL",C_COMMON_CLK=0,C_COUNT_36K_BRAM="14",C_COUNT_18K_BRAM="1",C_EST_POWER_SUMMARY="Estimated_Power_for_IP_____:_____12.7204_mW") has a timescale but at least one module in design doesn't have timescale.
WARNING: [XSIM 43-4100] "/wrk/2017.4/nightly/2017_12_15_2086221/packages/customer/vivado/data/ip/xilinx/blk_mem_gen_v8_4/simulation/blk_mem_gen_v8_4.v" Line 1951. Module blk_mem_gen_v8_4_1_mem_module(C_FAMILY="artix7",C_XDEVICEFAMILY="artix7",C_MEM_TYPE=3,C_PRIM_TYPE=1,C_LOAD_INIT_FILE=1,C_INIT_FILE_NAME="pgrom.mif",C_INIT_FILE="pgrom.mem",C_HAS_ENA=0,C_WRITE_DEPTH_A=16384,C_READ_DEPTH_A=16384,C_ADDRA_WIDTH=14,C_INITB_VAL="0",C_HAS_ENB=0,C_WRITE_DEPTH_B=16384,C_READ_DEPTH_B=16384,C_ADDRB_WIDTH=14,C_SIM_COLLISION_CHECK="ALL",C_COMMON_CLK=0) has a timescale but at least one module in design doesn't have timescale.
WARNING: [XSIM 43-4100] "/wrk/2017.4/nightly/2017_12_15_2086221/packages/customer/vivado/data/ip/xilinx/blk_mem_gen_v8_4/simulation/blk_mem_gen_v8_4.v" Line 1563. Module blk_mem_gen_v8_4_1_output_stage(C_FAMILY="artix7",C_XDEVICEFAMILY="artix7",C_ADDRB_WIDTH=14,NUM_STAGES=0) has a timescale but at least one module in design doesn't have timescale.
WARNING: [XSIM 43-4100] "/wrk/2017.4/nightly/2017_12_15_2086221/packages/customer/vivado/data/ip/xilinx/blk_mem_gen_v8_4/simulation/blk_mem_gen_v8_4.v" Line 1563. Module blk_mem_gen_v8_4_1_output_stage(C_FAMILY="artix7",C_XDEVICEFAMILY="artix7",C_ADDRB_WIDTH=14,NUM_STAGES=0) has a timescale but at least one module in design doesn't have timescale.
WARNING: [XSIM 43-4100] "/wrk/2017.4/nightly/2017_12_15_2086221/packages/customer/vivado/data/ip/xilinx/blk_mem_gen_v8_4/simulation/blk_mem_gen_v8_4.v" Line 1859. Module blk_mem_gen_v8_4_1_softecc_output_reg_stage(C_ADDRB_WIDTH=14) has a timescale but at least one module in design doesn't have timescale.
WARNING: [XSIM 43-4100] "D:/GitHub/Computer-Organization-Project/pipelineCPU/pipelineCPU.srcs/sources_1/new/ID.v" Line 23. Module ID has a timescale but at least one module in design doesn't have timescale.
WARNING: [XSIM 43-4100] "D:/GitHub/Computer-Organization-Project/pipelineCPU/pipelineCPU.srcs/sources_1/new/EXE.v" Line 23. Module EXE has a timescale but at least one module in design doesn't have timescale.
WARNING: [XSIM 43-4100] "D:/GitHub/Computer-Organization-Project/pipelineCPU/pipelineCPU.srcs/sources_1/new/MEM.v" Line 23. Module MEM has a timescale but at least one module in design doesn't have timescale.
WARNING: [XSIM 43-4100] "D:/GitHub/Computer-Organization-Project/pipelineCPU/pipelineCPU.srcs/sources_1/ip/pgram/sim/pgram.v" Line 55. Module pgram has a timescale but at least one module in design doesn't have timescale.
WARNING: [XSIM 43-4100] "/wrk/2017.4/nightly/2017_12_15_2086221/packages/customer/vivado/data/ip/xilinx/blk_mem_gen_v8_4/simulation/blk_mem_gen_v8_4.v" Line 3412. Module blk_mem_gen_v8_4_1(C_FAMILY="artix7",C_XDEVICEFAMILY="artix7",C_ELABORATION_DIR="./",C_AXI_TYPE=1,C_MEM_TYPE=0,C_BYTE_SIZE=8,C_PRIM_TYPE=1,C_INIT_FILE_NAME="no_coe_file_loaded",C_INIT_FILE="pgram.mem",C_HAS_ENA=0,C_USE_BYTE_WEA=1,C_WEA_WIDTH=4,C_WRITE_DEPTH_A=16384,C_READ_DEPTH_A=16384,C_ADDRA_WIDTH=14,C_INITB_VAL="0",C_HAS_ENB=0,C_USE_BYTE_WEB=1,C_WEB_WIDTH=4,C_WRITE_DEPTH_B=16384,C_READ_DEPTH_B=16384,C_ADDRB_WIDTH=14,C_SIM_COLLISION_CHECK="ALL",C_COMMON_CLK=0,C_COUNT_36K_BRAM="16",C_COUNT_18K_BRAM="0",C_EST_POWER_SUMMARY="Estimated_Power_for_IP_____:_____10.194_mW") has a timescale but at least one module in design doesn't have timescale.
WARNING: [XSIM 43-4100] "/wrk/2017.4/nightly/2017_12_15_2086221/packages/customer/vivado/data/ip/xilinx/blk_mem_gen_v8_4/simulation/blk_mem_gen_v8_4.v" Line 1951. Module blk_mem_gen_v8_4_1_mem_module(C_FAMILY="artix7",C_XDEVICEFAMILY="artix7",C_MEM_TYPE=0,C_BYTE_SIZE=8,C_PRIM_TYPE=1,C_INIT_FILE_NAME="no_coe_file_loaded",C_INIT_FILE="pgram.mem",C_HAS_ENA=0,C_USE_BYTE_WEA=1,C_WEA_WIDTH=4,C_WRITE_DEPTH_A=16384,C_READ_DEPTH_A=16384,C_ADDRA_WIDTH=14,C_INITB_VAL="0",C_HAS_ENB=0,C_USE_BYTE_WEB=1,C_WEB_WIDTH=4,C_WRITE_DEPTH_B=16384,C_READ_DEPTH_B=16384,C_ADDRB_WIDTH=14,C_SIM_COLLISION_CHECK="ALL",C_COMMON_CLK=0) has a timescale but at least one module in design doesn't have timescale.
WARNING: [XSIM 43-4100] "/wrk/2017.4/nightly/2017_12_15_2086221/packages/customer/vivado/data/ip/xilinx/blk_mem_gen_v8_4/simulation/blk_mem_gen_v8_4.v" Line 1563. Module blk_mem_gen_v8_4_1_output_stage(C_FAMILY="artix7",C_XDEVICEFAMILY="artix7",C_ADDRB_WIDTH=14,NUM_STAGES=0) has a timescale but at least one module in design doesn't have timescale.
WARNING: [XSIM 43-4100] "/wrk/2017.4/nightly/2017_12_15_2086221/packages/customer/vivado/data/ip/xilinx/blk_mem_gen_v8_4/simulation/blk_mem_gen_v8_4.v" Line 1563. Module blk_mem_gen_v8_4_1_output_stage(C_FAMILY="artix7",C_XDEVICEFAMILY="artix7",C_ADDRB_WIDTH=14,NUM_STAGES=0) has a timescale but at least one module in design doesn't have timescale.
WARNING: [XSIM 43-4100] "/wrk/2017.4/nightly/2017_12_15_2086221/packages/customer/vivado/data/ip/xilinx/blk_mem_gen_v8_4/simulation/blk_mem_gen_v8_4.v" Line 1859. Module blk_mem_gen_v8_4_1_softecc_output_reg_stage(C_ADDRB_WIDTH=14) has a timescale but at least one module in design doesn't have timescale.
WARNING: [XSIM 43-4100] "D:/GitHub/Computer-Organization-Project/pipelineCPU/pipelineCPU.srcs/sources_1/new/WB.v" Line 1. Module WB has a timescale but at least one module in design doesn't have timescale.
WARNING: [XSIM 43-4100] "D:/GitHub/Computer-Organization-Project/pipelineCPU/pipelineCPU.srcs/sources_1/new/InputModule.v" Line 3. Module InputModule has a timescale but at least one module in design doesn't have timescale.
WARNING: [XSIM 43-4100] "D:/GitHub/Computer-Organization-Project/pipelineCPU/pipelineCPU.srcs/sources_1/new/OutputModule.v" Line 1. Module OutputModule has a timescale but at least one module in design doesn't have timescale.
WARNING: [XSIM 43-4100] "D:/GitHub/Computer-Organization-Project/pipelineCPU/pipelineCPU.srcs/sources_1/new/SegGenerator.v" Line 1. Module SegGenerator has a timescale but at least one module in design doesn't have timescale.
WARNING: [XSIM 43-4100] "D:/GitHub/Computer-Organization-Project/pipelineCPU/pipelineCPU.srcs/sources_1/new/ClockDivider.v" Line 1. Module ClockDivider has a timescale but at least one module in design doesn't have timescale.
WARNING: [XSIM 43-4100] "D:/GitHub/Computer-Organization-Project/pipelineCPU/pipelineCPU.srcs/sources_1/new/SegDisplay.v" Line 1. Module SegDisplay has a timescale but at least one module in design doesn't have timescale.
WARNING: [XSIM 43-4100] "D:/GitHub/Computer-Organization-Project/pipelineCPU/pipelineCPU.sim/sim_1/behav/xsim/glbl.v" Line 6. Module glbl has a timescale but at least one module in design doesn't have timescale.
Completed simulation data flow analysis
Time Resolution for simulation is 1ps
Compiling module xil_defaultlib.ClockDivider
Compiling module xil_defaultlib.HarzardDetection
Compiling module blk_mem_gen_v8_4_1.blk_mem_gen_v8_4_1_output_stage(...
Compiling module blk_mem_gen_v8_4_1.blk_mem_gen_v8_4_1_softecc_outpu...
Compiling module blk_mem_gen_v8_4_1.blk_mem_gen_v8_4_1_mem_module(C_...
Compiling module blk_mem_gen_v8_4_1.blk_mem_gen_v8_4_1(C_FAMILY="art...
Compiling module xil_defaultlib.pgrom
Compiling module xil_defaultlib.IF
Compiling module xil_defaultlib.ID
Compiling module xil_defaultlib.EXE
Compiling module blk_mem_gen_v8_4_1.blk_mem_gen_v8_4_1_mem_module(C_...
Compiling module blk_mem_gen_v8_4_1.blk_mem_gen_v8_4_1(C_FAMILY="art...
Compiling module xil_defaultlib.pgram
Compiling module xil_defaultlib.MEM
Compiling module xil_defaultlib.WB
Compiling module xil_defaultlib.InputModule
Compiling module xil_defaultlib.SegGenerator
Compiling module xil_defaultlib.SegDisplay
Compiling module xil_defaultlib.OutputModule
Compiling module xil_defaultlib.top_module
Compiling module xil_defaultlib.tb_pipeline
Compiling module xil_defaultlib.glbl
Built simulation snapshot tb_pipeline_behav
run_program: Time (s): cpu = 00:00:00 ; elapsed = 00:00:05 . Memory (MB): peak = 945.547 ; gain = 0.000
INFO: [USF-XSim-69] 'elaborate' step finished in '5' seconds
INFO: [USF-XSim-4] XSim::Simulate design
INFO: [USF-XSim-61] Executing 'SIMULATE' step in 'D:/GitHub/Computer-Organization-Project/pipelineCPU/pipelineCPU.sim/sim_1/behav/xsim'
INFO: [USF-XSim-98] *** Running xsim
   with args "tb_pipeline_behav -key {Behavioral:sim_1:Functional:tb_pipeline} -tclbatch {tb_pipeline.tcl} -view {D:/GitHub/Computer-Organization-Project/pipelineCPU/tb_pipeline_behav.wcfg} -log {simulate.log}"
INFO: [USF-XSim-8] Loading simulator feature
Vivado Simulator 2017.4
Time resolution is 1 ps
open_wave_config D:/GitHub/Computer-Organization-Project/pipelineCPU/tb_pipeline_behav.wcfg
WARNING: Simulation object /tb_pipeline/uut_tm/u2_zero was not found in the design.
WARNING: Simulation object /tb_pipeline/uut_tm/v2_zero was not found in the design.
WARNING: Simulation object /tb_pipeline/uut_tm/u4_input_data was not found in the design.
WARNING: Simulation object /tb_pipeline/uut_tm/v4_input_data was not found in the design.
source tb_pipeline.tcl
# set curr_wave [current_wave_config]
# if { [string length $curr_wave] == 0 } {
#   if { [llength [get_objects]] > 0} {
#     add_wave /
#     set_property needs_save false [current_wave_config]
#   } else {
#      send_msg_id Add_Wave-1 WARNING "No top level signals found. Simulator will start without a wave window. If you want to open a wave window go to 'File->New Waveform Configuration' or type 'create_wave_config' in the TCL console."
#   }
# }
# run 1000ns
 Block Memory Generator module loading initial data...
 Block Memory Generator data initialization complete.
Block Memory Generator module tb_pipeline.uut_tm.if_uut.urom.inst.native_mem_module.blk_mem_gen_v8_4_1_inst is using a behavioral model for simulation which will not precisely model memory collision behavior.
Block Memory Generator module tb_pipeline.uut_tm.mem_uut.udram.inst.native_mem_module.blk_mem_gen_v8_4_1_inst is using a behavioral model for simulation which will not precisely model memory collision behavior.
INFO: [USF-XSim-96] XSim completed. Design snapshot 'tb_pipeline_behav' loaded.
INFO: [USF-XSim-97] XSim simulation ran for 1000ns
launch_simulation: Time (s): cpu = 00:00:03 ; elapsed = 00:00:09 . Memory (MB): peak = 1007.914 ; gain = 62.367
current_project CPU
current_project pipelineCPU
INFO: [Device 21-403] Loading part xc7a35tcsg324-1
WARNING: [IP_Flow 19-4067] Ignoring invalid widget type specified checkbox.Providing a default widget
WARNING: [IP_Flow 19-4067] Ignoring invalid widget type specified checkbox.Providing a default widget
close_sim
INFO: [Simtcl 6-16] Simulation closed
launch_simulation
INFO: [Vivado 12-5698] Checking validity of IPs in the design for the 'XSim' simulator...
INFO: [Vivado 12-5682] Launching behavioral simulation in 'D:/GitHub/Computer-Organization-Project/pipelineCPU/pipelineCPU.sim/sim_1/behav/xsim'
INFO: [Vivado 12-4795] Using compiled simulation libraries for IPs
INFO: [SIM-utils-51] Simulation object is 'sim_1'
INFO: [USF-XSim-7] Finding pre-compiled libraries...
INFO: [USF-XSim-11] File 'D:/Xilinx/Vivado/2017.4/data/xsim/ip/xsim_ip.ini' copied to run dir:'D:/GitHub/Computer-Organization-Project/pipelineCPU/pipelineCPU.sim/sim_1/behav/xsim'
INFO: [SIM-utils-54] Inspecting design source files for 'tb_pipeline' in fileset 'sim_1'...
INFO: [SIM-utils-43] Exported 'D:/GitHub/Computer-Organization-Project/pipelineCPU/pipelineCPU.sim/sim_1/behav/xsim/pgrom.mif'
INFO: [SIM-utils-43] Exported 'D:/GitHub/Computer-Organization-Project/pipelineCPU/pipelineCPU.sim/sim_1/behav/xsim/test1ROM.coe'
INFO: [USF-XSim-97] Finding global include files...
INFO: [USF-XSim-98] Fetching design files from 'sim_1'...
INFO: [USF-XSim-2] XSim::Compile design
INFO: [USF-XSim-61] Executing 'COMPILE and ANALYZE' step in 'D:/GitHub/Computer-Organization-Project/pipelineCPU/pipelineCPU.sim/sim_1/behav/xsim'
"xvlog --incr --relax -L xil_defaultlib -prj tb_pipeline_vlog.prj"
INFO: [VRFC 10-2263] Analyzing SystemVerilog file "D:/GitHub/Computer-Organization-Project/pipelineCPU/pipelineCPU.srcs/sources_1/new/ID.v" into library xil_defaultlib
INFO: [VRFC 10-311] analyzing module ID
INFO: [VRFC 10-2263] Analyzing SystemVerilog file "D:/GitHub/Computer-Organization-Project/pipelineCPU/pipelineCPU.srcs/sources_1/new/WB.v" into library xil_defaultlib
INFO: [VRFC 10-311] analyzing module WB
INFO: [VRFC 10-2263] Analyzing SystemVerilog file "D:/GitHub/Computer-Organization-Project/pipelineCPU/pipelineCPU.srcs/sources_1/new/top_module.v" into library xil_defaultlib
INFO: [VRFC 10-311] analyzing module top_module
INFO: [VRFC 10-2263] Analyzing Verilog file "D:/GitHub/Computer-Organization-Project/pipelineCPU/pipelineCPU.srcs/sim_1/new/tb_pipeline.v" into library xil_defaultlib
INFO: [VRFC 10-311] analyzing module tb_pipeline
INFO: [USF-XSim-69] 'compile' step finished in '1' seconds
INFO: [USF-XSim-3] XSim::Elaborate design
INFO: [USF-XSim-61] Executing 'ELABORATE' step in 'D:/GitHub/Computer-Organization-Project/pipelineCPU/pipelineCPU.sim/sim_1/behav/xsim'
Vivado Simulator 2017.4
Copyright 1986-1999, 2001-2016 Xilinx, Inc. All Rights Reserved.
Running: D:/Xilinx/Vivado/2017.4/bin/unwrapped/win64.o/xelab.exe -wto 374ad2d08ccb4635b2dbbca0a3224143 --incr --debug typical --relax --mt 2 -L blk_mem_gen_v8_4_1 -L xil_defaultlib -L unisims_ver -L unimacro_ver -L secureip -L xpm --snapshot tb_pipeline_behav xil_defaultlib.tb_pipeline xil_defaultlib.glbl -log elaborate.log 
Using 2 slave threads.
Starting static elaboration
WARNING: [VRFC 10-278] actual bit length 32 differs from formal bit length 4 for port wea [D:/GitHub/Computer-Organization-Project/pipelineCPU/pipelineCPU.srcs/sources_1/new/MEM.v:68]
WARNING: [VRFC 10-1783] select index 62 into current_contents is out of bounds [/wrk/2017.4/nightly/2017_12_15_2086221/packages/customer/vivado/data/ip/xilinx/blk_mem_gen_v8_4/simulation/blk_mem_gen_v8_4.v:2420]
Completed static elaboration
Starting simulation data flow analysis
WARNING: [XSIM 43-4100] "D:/GitHub/Computer-Organization-Project/pipelineCPU/pipelineCPU.srcs/sources_1/new/top_module.v" Line 3. Module top_module has a timescale but at least one module in design doesn't have timescale.
WARNING: [XSIM 43-4100] "D:/GitHub/Computer-Organization-Project/pipelineCPU/pipelineCPU.srcs/sources_1/new/ClockDivider.v" Line 1. Module ClockDivider has a timescale but at least one module in design doesn't have timescale.
WARNING: [XSIM 43-4100] "D:/GitHub/Computer-Organization-Project/pipelineCPU/pipelineCPU.srcs/sources_1/new/ClockDivider.v" Line 1. Module ClockDivider has a timescale but at least one module in design doesn't have timescale.
WARNING: [XSIM 43-4100] "D:/GitHub/Computer-Organization-Project/pipelineCPU/pipelineCPU.srcs/sources_1/new/HarzardDetection.v" Line 3. Module HarzardDetection has a timescale but at least one module in design doesn't have timescale.
WARNING: [XSIM 43-4100] "D:/GitHub/Computer-Organization-Project/pipelineCPU/pipelineCPU.srcs/sources_1/new/IF.v" Line 23. Module IF has a timescale but at least one module in design doesn't have timescale.
WARNING: [XSIM 43-4100] "D:/GitHub/Computer-Organization-Project/pipelineCPU/pipelineCPU.srcs/sources_1/ip/pgrom/sim/pgrom.v" Line 55. Module pgrom has a timescale but at least one module in design doesn't have timescale.
WARNING: [XSIM 43-4100] "/wrk/2017.4/nightly/2017_12_15_2086221/packages/customer/vivado/data/ip/xilinx/blk_mem_gen_v8_4/simulation/blk_mem_gen_v8_4.v" Line 3412. Module blk_mem_gen_v8_4_1(C_FAMILY="artix7",C_XDEVICEFAMILY="artix7",C_ELABORATION_DIR="./",C_AXI_TYPE=1,C_MEM_TYPE=3,C_PRIM_TYPE=1,C_LOAD_INIT_FILE=1,C_INIT_FILE_NAME="pgrom.mif",C_INIT_FILE="pgrom.mem",C_HAS_ENA=0,C_WRITE_DEPTH_A=16384,C_READ_DEPTH_A=16384,C_ADDRA_WIDTH=14,C_INITB_VAL="0",C_HAS_ENB=0,C_WRITE_DEPTH_B=16384,C_READ_DEPTH_B=16384,C_ADDRB_WIDTH=14,C_SIM_COLLISION_CHECK="ALL",C_COMMON_CLK=0,C_COUNT_36K_BRAM="14",C_COUNT_18K_BRAM="1",C_EST_POWER_SUMMARY="Estimated_Power_for_IP_____:_____12.7204_mW") has a timescale but at least one module in design doesn't have timescale.
WARNING: [XSIM 43-4100] "/wrk/2017.4/nightly/2017_12_15_2086221/packages/customer/vivado/data/ip/xilinx/blk_mem_gen_v8_4/simulation/blk_mem_gen_v8_4.v" Line 1951. Module blk_mem_gen_v8_4_1_mem_module(C_FAMILY="artix7",C_XDEVICEFAMILY="artix7",C_MEM_TYPE=3,C_PRIM_TYPE=1,C_LOAD_INIT_FILE=1,C_INIT_FILE_NAME="pgrom.mif",C_INIT_FILE="pgrom.mem",C_HAS_ENA=0,C_WRITE_DEPTH_A=16384,C_READ_DEPTH_A=16384,C_ADDRA_WIDTH=14,C_INITB_VAL="0",C_HAS_ENB=0,C_WRITE_DEPTH_B=16384,C_READ_DEPTH_B=16384,C_ADDRB_WIDTH=14,C_SIM_COLLISION_CHECK="ALL",C_COMMON_CLK=0) has a timescale but at least one module in design doesn't have timescale.
WARNING: [XSIM 43-4100] "/wrk/2017.4/nightly/2017_12_15_2086221/packages/customer/vivado/data/ip/xilinx/blk_mem_gen_v8_4/simulation/blk_mem_gen_v8_4.v" Line 1563. Module blk_mem_gen_v8_4_1_output_stage(C_FAMILY="artix7",C_XDEVICEFAMILY="artix7",C_ADDRB_WIDTH=14,NUM_STAGES=0) has a timescale but at least one module in design doesn't have timescale.
WARNING: [XSIM 43-4100] "/wrk/2017.4/nightly/2017_12_15_2086221/packages/customer/vivado/data/ip/xilinx/blk_mem_gen_v8_4/simulation/blk_mem_gen_v8_4.v" Line 1563. Module blk_mem_gen_v8_4_1_output_stage(C_FAMILY="artix7",C_XDEVICEFAMILY="artix7",C_ADDRB_WIDTH=14,NUM_STAGES=0) has a timescale but at least one module in design doesn't have timescale.
WARNING: [XSIM 43-4100] "/wrk/2017.4/nightly/2017_12_15_2086221/packages/customer/vivado/data/ip/xilinx/blk_mem_gen_v8_4/simulation/blk_mem_gen_v8_4.v" Line 1859. Module blk_mem_gen_v8_4_1_softecc_output_reg_stage(C_ADDRB_WIDTH=14) has a timescale but at least one module in design doesn't have timescale.
WARNING: [XSIM 43-4100] "D:/GitHub/Computer-Organization-Project/pipelineCPU/pipelineCPU.srcs/sources_1/new/ID.v" Line 23. Module ID has a timescale but at least one module in design doesn't have timescale.
WARNING: [XSIM 43-4100] "D:/GitHub/Computer-Organization-Project/pipelineCPU/pipelineCPU.srcs/sources_1/new/EXE.v" Line 23. Module EXE has a timescale but at least one module in design doesn't have timescale.
WARNING: [XSIM 43-4100] "D:/GitHub/Computer-Organization-Project/pipelineCPU/pipelineCPU.srcs/sources_1/new/MEM.v" Line 23. Module MEM has a timescale but at least one module in design doesn't have timescale.
WARNING: [XSIM 43-4100] "D:/GitHub/Computer-Organization-Project/pipelineCPU/pipelineCPU.srcs/sources_1/ip/pgram/sim/pgram.v" Line 55. Module pgram has a timescale but at least one module in design doesn't have timescale.
WARNING: [XSIM 43-4100] "/wrk/2017.4/nightly/2017_12_15_2086221/packages/customer/vivado/data/ip/xilinx/blk_mem_gen_v8_4/simulation/blk_mem_gen_v8_4.v" Line 3412. Module blk_mem_gen_v8_4_1(C_FAMILY="artix7",C_XDEVICEFAMILY="artix7",C_ELABORATION_DIR="./",C_AXI_TYPE=1,C_MEM_TYPE=0,C_BYTE_SIZE=8,C_PRIM_TYPE=1,C_INIT_FILE_NAME="no_coe_file_loaded",C_INIT_FILE="pgram.mem",C_HAS_ENA=0,C_USE_BYTE_WEA=1,C_WEA_WIDTH=4,C_WRITE_DEPTH_A=16384,C_READ_DEPTH_A=16384,C_ADDRA_WIDTH=14,C_INITB_VAL="0",C_HAS_ENB=0,C_USE_BYTE_WEB=1,C_WEB_WIDTH=4,C_WRITE_DEPTH_B=16384,C_READ_DEPTH_B=16384,C_ADDRB_WIDTH=14,C_SIM_COLLISION_CHECK="ALL",C_COMMON_CLK=0,C_COUNT_36K_BRAM="16",C_COUNT_18K_BRAM="0",C_EST_POWER_SUMMARY="Estimated_Power_for_IP_____:_____10.194_mW") has a timescale but at least one module in design doesn't have timescale.
WARNING: [XSIM 43-4100] "/wrk/2017.4/nightly/2017_12_15_2086221/packages/customer/vivado/data/ip/xilinx/blk_mem_gen_v8_4/simulation/blk_mem_gen_v8_4.v" Line 1951. Module blk_mem_gen_v8_4_1_mem_module(C_FAMILY="artix7",C_XDEVICEFAMILY="artix7",C_MEM_TYPE=0,C_BYTE_SIZE=8,C_PRIM_TYPE=1,C_INIT_FILE_NAME="no_coe_file_loaded",C_INIT_FILE="pgram.mem",C_HAS_ENA=0,C_USE_BYTE_WEA=1,C_WEA_WIDTH=4,C_WRITE_DEPTH_A=16384,C_READ_DEPTH_A=16384,C_ADDRA_WIDTH=14,C_INITB_VAL="0",C_HAS_ENB=0,C_USE_BYTE_WEB=1,C_WEB_WIDTH=4,C_WRITE_DEPTH_B=16384,C_READ_DEPTH_B=16384,C_ADDRB_WIDTH=14,C_SIM_COLLISION_CHECK="ALL",C_COMMON_CLK=0) has a timescale but at least one module in design doesn't have timescale.
WARNING: [XSIM 43-4100] "/wrk/2017.4/nightly/2017_12_15_2086221/packages/customer/vivado/data/ip/xilinx/blk_mem_gen_v8_4/simulation/blk_mem_gen_v8_4.v" Line 1563. Module blk_mem_gen_v8_4_1_output_stage(C_FAMILY="artix7",C_XDEVICEFAMILY="artix7",C_ADDRB_WIDTH=14,NUM_STAGES=0) has a timescale but at least one module in design doesn't have timescale.
WARNING: [XSIM 43-4100] "/wrk/2017.4/nightly/2017_12_15_2086221/packages/customer/vivado/data/ip/xilinx/blk_mem_gen_v8_4/simulation/blk_mem_gen_v8_4.v" Line 1563. Module blk_mem_gen_v8_4_1_output_stage(C_FAMILY="artix7",C_XDEVICEFAMILY="artix7",C_ADDRB_WIDTH=14,NUM_STAGES=0) has a timescale but at least one module in design doesn't have timescale.
WARNING: [XSIM 43-4100] "/wrk/2017.4/nightly/2017_12_15_2086221/packages/customer/vivado/data/ip/xilinx/blk_mem_gen_v8_4/simulation/blk_mem_gen_v8_4.v" Line 1859. Module blk_mem_gen_v8_4_1_softecc_output_reg_stage(C_ADDRB_WIDTH=14) has a timescale but at least one module in design doesn't have timescale.
WARNING: [XSIM 43-4100] "D:/GitHub/Computer-Organization-Project/pipelineCPU/pipelineCPU.srcs/sources_1/new/WB.v" Line 1. Module WB has a timescale but at least one module in design doesn't have timescale.
WARNING: [XSIM 43-4100] "D:/GitHub/Computer-Organization-Project/pipelineCPU/pipelineCPU.srcs/sources_1/new/InputModule.v" Line 3. Module InputModule has a timescale but at least one module in design doesn't have timescale.
WARNING: [XSIM 43-4100] "D:/GitHub/Computer-Organization-Project/pipelineCPU/pipelineCPU.srcs/sources_1/new/OutputModule.v" Line 1. Module OutputModule has a timescale but at least one module in design doesn't have timescale.
WARNING: [XSIM 43-4100] "D:/GitHub/Computer-Organization-Project/pipelineCPU/pipelineCPU.srcs/sources_1/new/SegGenerator.v" Line 1. Module SegGenerator has a timescale but at least one module in design doesn't have timescale.
WARNING: [XSIM 43-4100] "D:/GitHub/Computer-Organization-Project/pipelineCPU/pipelineCPU.srcs/sources_1/new/ClockDivider.v" Line 1. Module ClockDivider has a timescale but at least one module in design doesn't have timescale.
WARNING: [XSIM 43-4100] "D:/GitHub/Computer-Organization-Project/pipelineCPU/pipelineCPU.srcs/sources_1/new/SegDisplay.v" Line 1. Module SegDisplay has a timescale but at least one module in design doesn't have timescale.
WARNING: [XSIM 43-4100] "D:/GitHub/Computer-Organization-Project/pipelineCPU/pipelineCPU.sim/sim_1/behav/xsim/glbl.v" Line 6. Module glbl has a timescale but at least one module in design doesn't have timescale.
Completed simulation data flow analysis
Time Resolution for simulation is 1ps
Compiling module xil_defaultlib.ClockDivider
Compiling module xil_defaultlib.HarzardDetection
Compiling module blk_mem_gen_v8_4_1.blk_mem_gen_v8_4_1_output_stage(...
Compiling module blk_mem_gen_v8_4_1.blk_mem_gen_v8_4_1_softecc_outpu...
Compiling module blk_mem_gen_v8_4_1.blk_mem_gen_v8_4_1_mem_module(C_...
Compiling module blk_mem_gen_v8_4_1.blk_mem_gen_v8_4_1(C_FAMILY="art...
Compiling module xil_defaultlib.pgrom
Compiling module xil_defaultlib.IF
Compiling module xil_defaultlib.ID
Compiling module xil_defaultlib.EXE
Compiling module blk_mem_gen_v8_4_1.blk_mem_gen_v8_4_1_mem_module(C_...
Compiling module blk_mem_gen_v8_4_1.blk_mem_gen_v8_4_1(C_FAMILY="art...
Compiling module xil_defaultlib.pgram
Compiling module xil_defaultlib.MEM
Compiling module xil_defaultlib.WB
Compiling module xil_defaultlib.InputModule
Compiling module xil_defaultlib.SegGenerator
Compiling module xil_defaultlib.SegDisplay
Compiling module xil_defaultlib.OutputModule
Compiling module xil_defaultlib.top_module
Compiling module xil_defaultlib.tb_pipeline
Compiling module xil_defaultlib.glbl
Built simulation snapshot tb_pipeline_behav
INFO: [USF-XSim-69] 'elaborate' step finished in '4' seconds
INFO: [USF-XSim-4] XSim::Simulate design
INFO: [USF-XSim-61] Executing 'SIMULATE' step in 'D:/GitHub/Computer-Organization-Project/pipelineCPU/pipelineCPU.sim/sim_1/behav/xsim'
INFO: [USF-XSim-98] *** Running xsim
   with args "tb_pipeline_behav -key {Behavioral:sim_1:Functional:tb_pipeline} -tclbatch {tb_pipeline.tcl} -view {D:/GitHub/Computer-Organization-Project/pipelineCPU/tb_pipeline_behav.wcfg} -log {simulate.log}"
INFO: [USF-XSim-8] Loading simulator feature
Vivado Simulator 2017.4
Time resolution is 1 ps
open_wave_config D:/GitHub/Computer-Organization-Project/pipelineCPU/tb_pipeline_behav.wcfg
WARNING: Simulation object /tb_pipeline/uut_tm/u2_zero was not found in the design.
WARNING: Simulation object /tb_pipeline/uut_tm/v2_zero was not found in the design.
WARNING: Simulation object /tb_pipeline/uut_tm/u4_input_data was not found in the design.
WARNING: Simulation object /tb_pipeline/uut_tm/v4_input_data was not found in the design.
source tb_pipeline.tcl
# set curr_wave [current_wave_config]
# if { [string length $curr_wave] == 0 } {
#   if { [llength [get_objects]] > 0} {
#     add_wave /
#     set_property needs_save false [current_wave_config]
#   } else {
#      send_msg_id Add_Wave-1 WARNING "No top level signals found. Simulator will start without a wave window. If you want to open a wave window go to 'File->New Waveform Configuration' or type 'create_wave_config' in the TCL console."
#   }
# }
# run 1000ns
 Block Memory Generator module loading initial data...
 Block Memory Generator data initialization complete.
Block Memory Generator module tb_pipeline.uut_tm.if_uut.urom.inst.native_mem_module.blk_mem_gen_v8_4_1_inst is using a behavioral model for simulation which will not precisely model memory collision behavior.
Block Memory Generator module tb_pipeline.uut_tm.mem_uut.udram.inst.native_mem_module.blk_mem_gen_v8_4_1_inst is using a behavioral model for simulation which will not precisely model memory collision behavior.
INFO: [USF-XSim-96] XSim completed. Design snapshot 'tb_pipeline_behav' loaded.
INFO: [USF-XSim-97] XSim simulation ran for 1000ns
launch_simulation: Time (s): cpu = 00:00:03 ; elapsed = 00:00:07 . Memory (MB): peak = 1243.992 ; gain = 0.000
close_sim
INFO: [Simtcl 6-16] Simulation closed
launch_simulation
INFO: [Vivado 12-5698] Checking validity of IPs in the design for the 'XSim' simulator...
INFO: [Vivado 12-5682] Launching behavioral simulation in 'D:/GitHub/Computer-Organization-Project/pipelineCPU/pipelineCPU.sim/sim_1/behav/xsim'
INFO: [Vivado 12-4795] Using compiled simulation libraries for IPs
INFO: [SIM-utils-51] Simulation object is 'sim_1'
INFO: [USF-XSim-7] Finding pre-compiled libraries...
INFO: [USF-XSim-11] File 'D:/Xilinx/Vivado/2017.4/data/xsim/ip/xsim_ip.ini' copied to run dir:'D:/GitHub/Computer-Organization-Project/pipelineCPU/pipelineCPU.sim/sim_1/behav/xsim'
INFO: [SIM-utils-54] Inspecting design source files for 'tb_pipeline' in fileset 'sim_1'...
INFO: [SIM-utils-43] Exported 'D:/GitHub/Computer-Organization-Project/pipelineCPU/pipelineCPU.sim/sim_1/behav/xsim/pgrom.mif'
INFO: [SIM-utils-43] Exported 'D:/GitHub/Computer-Organization-Project/pipelineCPU/pipelineCPU.sim/sim_1/behav/xsim/test1ROM.coe'
INFO: [USF-XSim-97] Finding global include files...
INFO: [USF-XSim-98] Fetching design files from 'sim_1'...
INFO: [USF-XSim-2] XSim::Compile design
INFO: [USF-XSim-61] Executing 'COMPILE and ANALYZE' step in 'D:/GitHub/Computer-Organization-Project/pipelineCPU/pipelineCPU.sim/sim_1/behav/xsim'
"xvlog --incr --relax -L xil_defaultlib -prj tb_pipeline_vlog.prj"
INFO: [VRFC 10-2263] Analyzing Verilog file "D:/GitHub/Computer-Organization-Project/pipelineCPU/pipelineCPU.srcs/sources_1/ip/pgram/sim/pgram.v" into library xil_defaultlib
INFO: [VRFC 10-311] analyzing module pgram
INFO: [VRFC 10-2263] Analyzing Verilog file "D:/GitHub/Computer-Organization-Project/pipelineCPU/pipelineCPU.srcs/sources_1/ip/pgrom/sim/pgrom.v" into library xil_defaultlib
INFO: [VRFC 10-311] analyzing module pgrom
INFO: [VRFC 10-2263] Analyzing Verilog file "D:/GitHub/Computer-Organization-Project/pipelineCPU/pipelineCPU.srcs/sources_1/new/ClockDivider.v" into library xil_defaultlib
INFO: [VRFC 10-311] analyzing module ClockDivider
INFO: [VRFC 10-2263] Analyzing Verilog file "D:/GitHub/Computer-Organization-Project/pipelineCPU/pipelineCPU.srcs/sources_1/new/EXE.v" into library xil_defaultlib
INFO: [VRFC 10-311] analyzing module EXE
INFO: [VRFC 10-2263] Analyzing Verilog file "D:/GitHub/Computer-Organization-Project/pipelineCPU/pipelineCPU.srcs/sources_1/new/HarzardDetection.v" into library xil_defaultlib
INFO: [VRFC 10-311] analyzing module HarzardDetection
INFO: [VRFC 10-2263] Analyzing Verilog file "D:/GitHub/Computer-Organization-Project/pipelineCPU/pipelineCPU.srcs/sources_1/new/IF.v" into library xil_defaultlib
INFO: [VRFC 10-311] analyzing module IF
INFO: [VRFC 10-2263] Analyzing Verilog file "D:/GitHub/Computer-Organization-Project/pipelineCPU/pipelineCPU.srcs/sources_1/new/InputModule.v" into library xil_defaultlib
INFO: [VRFC 10-311] analyzing module InputModule
INFO: [VRFC 10-2263] Analyzing Verilog file "D:/GitHub/Computer-Organization-Project/pipelineCPU/pipelineCPU.srcs/sources_1/new/MEM.v" into library xil_defaultlib
INFO: [VRFC 10-311] analyzing module MEM
INFO: [VRFC 10-2263] Analyzing Verilog file "D:/GitHub/Computer-Organization-Project/pipelineCPU/pipelineCPU.srcs/sources_1/new/OutputModule.v" into library xil_defaultlib
INFO: [VRFC 10-311] analyzing module OutputModule
INFO: [VRFC 10-2263] Analyzing Verilog file "D:/GitHub/Computer-Organization-Project/pipelineCPU/pipelineCPU.srcs/sources_1/new/SegDisplay.v" into library xil_defaultlib
INFO: [VRFC 10-311] analyzing module SegDisplay
INFO: [VRFC 10-2263] Analyzing Verilog file "D:/GitHub/Computer-Organization-Project/pipelineCPU/pipelineCPU.srcs/sources_1/new/SegGenerator.v" into library xil_defaultlib
INFO: [VRFC 10-311] analyzing module SegGenerator
INFO: [VRFC 10-2263] Analyzing SystemVerilog file "D:/GitHub/Computer-Organization-Project/pipelineCPU/pipelineCPU.srcs/sources_1/new/ID.v" into library xil_defaultlib
INFO: [VRFC 10-311] analyzing module ID
INFO: [VRFC 10-2263] Analyzing SystemVerilog file "D:/GitHub/Computer-Organization-Project/pipelineCPU/pipelineCPU.srcs/sources_1/new/WB.v" into library xil_defaultlib
INFO: [VRFC 10-311] analyzing module WB
INFO: [VRFC 10-2263] Analyzing SystemVerilog file "D:/GitHub/Computer-Organization-Project/pipelineCPU/pipelineCPU.srcs/sources_1/new/top_module.v" into library xil_defaultlib
INFO: [VRFC 10-311] analyzing module top_module
INFO: [USF-XSim-69] 'compile' step finished in '1' seconds
INFO: [USF-XSim-3] XSim::Elaborate design
INFO: [USF-XSim-61] Executing 'ELABORATE' step in 'D:/GitHub/Computer-Organization-Project/pipelineCPU/pipelineCPU.sim/sim_1/behav/xsim'
Vivado Simulator 2017.4
Copyright 1986-1999, 2001-2016 Xilinx, Inc. All Rights Reserved.
Running: D:/Xilinx/Vivado/2017.4/bin/unwrapped/win64.o/xelab.exe -wto 374ad2d08ccb4635b2dbbca0a3224143 --incr --debug typical --relax --mt 2 -L blk_mem_gen_v8_4_1 -L xil_defaultlib -L unisims_ver -L unimacro_ver -L secureip -L xpm --snapshot tb_pipeline_behav xil_defaultlib.tb_pipeline xil_defaultlib.glbl -log elaborate.log 
Using 2 slave threads.
Starting static elaboration
WARNING: [VRFC 10-278] actual bit length 32 differs from formal bit length 4 for port wea [D:/GitHub/Computer-Organization-Project/pipelineCPU/pipelineCPU.srcs/sources_1/new/MEM.v:68]
WARNING: [VRFC 10-1783] select index 62 into current_contents is out of bounds [/wrk/2017.4/nightly/2017_12_15_2086221/packages/customer/vivado/data/ip/xilinx/blk_mem_gen_v8_4/simulation/blk_mem_gen_v8_4.v:2420]
Completed static elaboration
Starting simulation data flow analysis
WARNING: [XSIM 43-4100] "D:/GitHub/Computer-Organization-Project/pipelineCPU/pipelineCPU.srcs/sources_1/new/top_module.v" Line 3. Module top_module has a timescale but at least one module in design doesn't have timescale.
WARNING: [XSIM 43-4100] "D:/GitHub/Computer-Organization-Project/pipelineCPU/pipelineCPU.srcs/sources_1/new/ClockDivider.v" Line 1. Module ClockDivider has a timescale but at least one module in design doesn't have timescale.
WARNING: [XSIM 43-4100] "D:/GitHub/Computer-Organization-Project/pipelineCPU/pipelineCPU.srcs/sources_1/new/ClockDivider.v" Line 1. Module ClockDivider has a timescale but at least one module in design doesn't have timescale.
WARNING: [XSIM 43-4100] "D:/GitHub/Computer-Organization-Project/pipelineCPU/pipelineCPU.srcs/sources_1/new/HarzardDetection.v" Line 3. Module HarzardDetection has a timescale but at least one module in design doesn't have timescale.
WARNING: [XSIM 43-4100] "D:/GitHub/Computer-Organization-Project/pipelineCPU/pipelineCPU.srcs/sources_1/new/IF.v" Line 23. Module IF has a timescale but at least one module in design doesn't have timescale.
WARNING: [XSIM 43-4100] "D:/GitHub/Computer-Organization-Project/pipelineCPU/pipelineCPU.srcs/sources_1/ip/pgrom/sim/pgrom.v" Line 55. Module pgrom has a timescale but at least one module in design doesn't have timescale.
WARNING: [XSIM 43-4100] "/wrk/2017.4/nightly/2017_12_15_2086221/packages/customer/vivado/data/ip/xilinx/blk_mem_gen_v8_4/simulation/blk_mem_gen_v8_4.v" Line 3412. Module blk_mem_gen_v8_4_1(C_FAMILY="artix7",C_XDEVICEFAMILY="artix7",C_ELABORATION_DIR="./",C_AXI_TYPE=1,C_MEM_TYPE=3,C_PRIM_TYPE=1,C_LOAD_INIT_FILE=1,C_INIT_FILE_NAME="pgrom.mif",C_INIT_FILE="pgrom.mem",C_HAS_ENA=0,C_WRITE_DEPTH_A=16384,C_READ_DEPTH_A=16384,C_ADDRA_WIDTH=14,C_INITB_VAL="0",C_HAS_ENB=0,C_WRITE_DEPTH_B=16384,C_READ_DEPTH_B=16384,C_ADDRB_WIDTH=14,C_SIM_COLLISION_CHECK="ALL",C_COMMON_CLK=0,C_COUNT_36K_BRAM="14",C_COUNT_18K_BRAM="1",C_EST_POWER_SUMMARY="Estimated_Power_for_IP_____:_____12.7204_mW") has a timescale but at least one module in design doesn't have timescale.
WARNING: [XSIM 43-4100] "/wrk/2017.4/nightly/2017_12_15_2086221/packages/customer/vivado/data/ip/xilinx/blk_mem_gen_v8_4/simulation/blk_mem_gen_v8_4.v" Line 1951. Module blk_mem_gen_v8_4_1_mem_module(C_FAMILY="artix7",C_XDEVICEFAMILY="artix7",C_MEM_TYPE=3,C_PRIM_TYPE=1,C_LOAD_INIT_FILE=1,C_INIT_FILE_NAME="pgrom.mif",C_INIT_FILE="pgrom.mem",C_HAS_ENA=0,C_WRITE_DEPTH_A=16384,C_READ_DEPTH_A=16384,C_ADDRA_WIDTH=14,C_INITB_VAL="0",C_HAS_ENB=0,C_WRITE_DEPTH_B=16384,C_READ_DEPTH_B=16384,C_ADDRB_WIDTH=14,C_SIM_COLLISION_CHECK="ALL",C_COMMON_CLK=0) has a timescale but at least one module in design doesn't have timescale.
WARNING: [XSIM 43-4100] "/wrk/2017.4/nightly/2017_12_15_2086221/packages/customer/vivado/data/ip/xilinx/blk_mem_gen_v8_4/simulation/blk_mem_gen_v8_4.v" Line 1563. Module blk_mem_gen_v8_4_1_output_stage(C_FAMILY="artix7",C_XDEVICEFAMILY="artix7",C_ADDRB_WIDTH=14,NUM_STAGES=0) has a timescale but at least one module in design doesn't have timescale.
WARNING: [XSIM 43-4100] "/wrk/2017.4/nightly/2017_12_15_2086221/packages/customer/vivado/data/ip/xilinx/blk_mem_gen_v8_4/simulation/blk_mem_gen_v8_4.v" Line 1563. Module blk_mem_gen_v8_4_1_output_stage(C_FAMILY="artix7",C_XDEVICEFAMILY="artix7",C_ADDRB_WIDTH=14,NUM_STAGES=0) has a timescale but at least one module in design doesn't have timescale.
WARNING: [XSIM 43-4100] "/wrk/2017.4/nightly/2017_12_15_2086221/packages/customer/vivado/data/ip/xilinx/blk_mem_gen_v8_4/simulation/blk_mem_gen_v8_4.v" Line 1859. Module blk_mem_gen_v8_4_1_softecc_output_reg_stage(C_ADDRB_WIDTH=14) has a timescale but at least one module in design doesn't have timescale.
WARNING: [XSIM 43-4100] "D:/GitHub/Computer-Organization-Project/pipelineCPU/pipelineCPU.srcs/sources_1/new/ID.v" Line 23. Module ID has a timescale but at least one module in design doesn't have timescale.
WARNING: [XSIM 43-4100] "D:/GitHub/Computer-Organization-Project/pipelineCPU/pipelineCPU.srcs/sources_1/new/EXE.v" Line 23. Module EXE has a timescale but at least one module in design doesn't have timescale.
WARNING: [XSIM 43-4100] "D:/GitHub/Computer-Organization-Project/pipelineCPU/pipelineCPU.srcs/sources_1/new/MEM.v" Line 23. Module MEM has a timescale but at least one module in design doesn't have timescale.
WARNING: [XSIM 43-4100] "D:/GitHub/Computer-Organization-Project/pipelineCPU/pipelineCPU.srcs/sources_1/ip/pgram/sim/pgram.v" Line 55. Module pgram has a timescale but at least one module in design doesn't have timescale.
WARNING: [XSIM 43-4100] "/wrk/2017.4/nightly/2017_12_15_2086221/packages/customer/vivado/data/ip/xilinx/blk_mem_gen_v8_4/simulation/blk_mem_gen_v8_4.v" Line 3412. Module blk_mem_gen_v8_4_1(C_FAMILY="artix7",C_XDEVICEFAMILY="artix7",C_ELABORATION_DIR="./",C_AXI_TYPE=1,C_MEM_TYPE=0,C_BYTE_SIZE=8,C_PRIM_TYPE=1,C_INIT_FILE_NAME="no_coe_file_loaded",C_INIT_FILE="pgram.mem",C_HAS_ENA=0,C_USE_BYTE_WEA=1,C_WEA_WIDTH=4,C_WRITE_DEPTH_A=16384,C_READ_DEPTH_A=16384,C_ADDRA_WIDTH=14,C_INITB_VAL="0",C_HAS_ENB=0,C_USE_BYTE_WEB=1,C_WEB_WIDTH=4,C_WRITE_DEPTH_B=16384,C_READ_DEPTH_B=16384,C_ADDRB_WIDTH=14,C_SIM_COLLISION_CHECK="ALL",C_COMMON_CLK=0,C_COUNT_36K_BRAM="16",C_COUNT_18K_BRAM="0",C_EST_POWER_SUMMARY="Estimated_Power_for_IP_____:_____10.194_mW") has a timescale but at least one module in design doesn't have timescale.
WARNING: [XSIM 43-4100] "/wrk/2017.4/nightly/2017_12_15_2086221/packages/customer/vivado/data/ip/xilinx/blk_mem_gen_v8_4/simulation/blk_mem_gen_v8_4.v" Line 1951. Module blk_mem_gen_v8_4_1_mem_module(C_FAMILY="artix7",C_XDEVICEFAMILY="artix7",C_MEM_TYPE=0,C_BYTE_SIZE=8,C_PRIM_TYPE=1,C_INIT_FILE_NAME="no_coe_file_loaded",C_INIT_FILE="pgram.mem",C_HAS_ENA=0,C_USE_BYTE_WEA=1,C_WEA_WIDTH=4,C_WRITE_DEPTH_A=16384,C_READ_DEPTH_A=16384,C_ADDRA_WIDTH=14,C_INITB_VAL="0",C_HAS_ENB=0,C_USE_BYTE_WEB=1,C_WEB_WIDTH=4,C_WRITE_DEPTH_B=16384,C_READ_DEPTH_B=16384,C_ADDRB_WIDTH=14,C_SIM_COLLISION_CHECK="ALL",C_COMMON_CLK=0) has a timescale but at least one module in design doesn't have timescale.
WARNING: [XSIM 43-4100] "/wrk/2017.4/nightly/2017_12_15_2086221/packages/customer/vivado/data/ip/xilinx/blk_mem_gen_v8_4/simulation/blk_mem_gen_v8_4.v" Line 1563. Module blk_mem_gen_v8_4_1_output_stage(C_FAMILY="artix7",C_XDEVICEFAMILY="artix7",C_ADDRB_WIDTH=14,NUM_STAGES=0) has a timescale but at least one module in design doesn't have timescale.
WARNING: [XSIM 43-4100] "/wrk/2017.4/nightly/2017_12_15_2086221/packages/customer/vivado/data/ip/xilinx/blk_mem_gen_v8_4/simulation/blk_mem_gen_v8_4.v" Line 1563. Module blk_mem_gen_v8_4_1_output_stage(C_FAMILY="artix7",C_XDEVICEFAMILY="artix7",C_ADDRB_WIDTH=14,NUM_STAGES=0) has a timescale but at least one module in design doesn't have timescale.
WARNING: [XSIM 43-4100] "/wrk/2017.4/nightly/2017_12_15_2086221/packages/customer/vivado/data/ip/xilinx/blk_mem_gen_v8_4/simulation/blk_mem_gen_v8_4.v" Line 1859. Module blk_mem_gen_v8_4_1_softecc_output_reg_stage(C_ADDRB_WIDTH=14) has a timescale but at least one module in design doesn't have timescale.
WARNING: [XSIM 43-4100] "D:/GitHub/Computer-Organization-Project/pipelineCPU/pipelineCPU.srcs/sources_1/new/WB.v" Line 1. Module WB has a timescale but at least one module in design doesn't have timescale.
WARNING: [XSIM 43-4100] "D:/GitHub/Computer-Organization-Project/pipelineCPU/pipelineCPU.srcs/sources_1/new/InputModule.v" Line 3. Module InputModule has a timescale but at least one module in design doesn't have timescale.
WARNING: [XSIM 43-4100] "D:/GitHub/Computer-Organization-Project/pipelineCPU/pipelineCPU.srcs/sources_1/new/OutputModule.v" Line 1. Module OutputModule has a timescale but at least one module in design doesn't have timescale.
WARNING: [XSIM 43-4100] "D:/GitHub/Computer-Organization-Project/pipelineCPU/pipelineCPU.srcs/sources_1/new/SegGenerator.v" Line 1. Module SegGenerator has a timescale but at least one module in design doesn't have timescale.
WARNING: [XSIM 43-4100] "D:/GitHub/Computer-Organization-Project/pipelineCPU/pipelineCPU.srcs/sources_1/new/ClockDivider.v" Line 1. Module ClockDivider has a timescale but at least one module in design doesn't have timescale.
WARNING: [XSIM 43-4100] "D:/GitHub/Computer-Organization-Project/pipelineCPU/pipelineCPU.srcs/sources_1/new/SegDisplay.v" Line 1. Module SegDisplay has a timescale but at least one module in design doesn't have timescale.
WARNING: [XSIM 43-4100] "D:/GitHub/Computer-Organization-Project/pipelineCPU/pipelineCPU.sim/sim_1/behav/xsim/glbl.v" Line 6. Module glbl has a timescale but at least one module in design doesn't have timescale.
Completed simulation data flow analysis
Time Resolution for simulation is 1ps
Compiling module xil_defaultlib.ClockDivider
Compiling module xil_defaultlib.HarzardDetection
Compiling module blk_mem_gen_v8_4_1.blk_mem_gen_v8_4_1_output_stage(...
Compiling module blk_mem_gen_v8_4_1.blk_mem_gen_v8_4_1_softecc_outpu...
Compiling module blk_mem_gen_v8_4_1.blk_mem_gen_v8_4_1_mem_module(C_...
Compiling module blk_mem_gen_v8_4_1.blk_mem_gen_v8_4_1(C_FAMILY="art...
Compiling module xil_defaultlib.pgrom
Compiling module xil_defaultlib.IF
Compiling module xil_defaultlib.ID
Compiling module xil_defaultlib.EXE
Compiling module blk_mem_gen_v8_4_1.blk_mem_gen_v8_4_1_mem_module(C_...
Compiling module blk_mem_gen_v8_4_1.blk_mem_gen_v8_4_1(C_FAMILY="art...
Compiling module xil_defaultlib.pgram
Compiling module xil_defaultlib.MEM
Compiling module xil_defaultlib.WB
Compiling module xil_defaultlib.InputModule
Compiling module xil_defaultlib.SegGenerator
Compiling module xil_defaultlib.SegDisplay
Compiling module xil_defaultlib.OutputModule
Compiling module xil_defaultlib.top_module
Compiling module xil_defaultlib.tb_pipeline
Compiling module xil_defaultlib.glbl
Built simulation snapshot tb_pipeline_behav
INFO: [USF-XSim-69] 'elaborate' step finished in '3' seconds
INFO: [USF-XSim-4] XSim::Simulate design
INFO: [USF-XSim-61] Executing 'SIMULATE' step in 'D:/GitHub/Computer-Organization-Project/pipelineCPU/pipelineCPU.sim/sim_1/behav/xsim'
INFO: [USF-XSim-98] *** Running xsim
   with args "tb_pipeline_behav -key {Behavioral:sim_1:Functional:tb_pipeline} -tclbatch {tb_pipeline.tcl} -view {D:/GitHub/Computer-Organization-Project/pipelineCPU/tb_pipeline_behav.wcfg} -log {simulate.log}"
INFO: [USF-XSim-8] Loading simulator feature
Vivado Simulator 2017.4
Time resolution is 1 ps
open_wave_config D:/GitHub/Computer-Organization-Project/pipelineCPU/tb_pipeline_behav.wcfg
WARNING: Simulation object /tb_pipeline/uut_tm/u2_zero was not found in the design.
WARNING: Simulation object /tb_pipeline/uut_tm/v2_zero was not found in the design.
WARNING: Simulation object /tb_pipeline/uut_tm/u4_input_data was not found in the design.
WARNING: Simulation object /tb_pipeline/uut_tm/v4_input_data was not found in the design.
source tb_pipeline.tcl
# set curr_wave [current_wave_config]
# if { [string length $curr_wave] == 0 } {
#   if { [llength [get_objects]] > 0} {
#     add_wave /
#     set_property needs_save false [current_wave_config]
#   } else {
#      send_msg_id Add_Wave-1 WARNING "No top level signals found. Simulator will start without a wave window. If you want to open a wave window go to 'File->New Waveform Configuration' or type 'create_wave_config' in the TCL console."
#   }
# }
# run 1000ns
 Block Memory Generator module loading initial data...
 Block Memory Generator data initialization complete.
Block Memory Generator module tb_pipeline.uut_tm.if_uut.urom.inst.native_mem_module.blk_mem_gen_v8_4_1_inst is using a behavioral model for simulation which will not precisely model memory collision behavior.
Block Memory Generator module tb_pipeline.uut_tm.mem_uut.udram.inst.native_mem_module.blk_mem_gen_v8_4_1_inst is using a behavioral model for simulation which will not precisely model memory collision behavior.
INFO: [USF-XSim-96] XSim completed. Design snapshot 'tb_pipeline_behav' loaded.
INFO: [USF-XSim-97] XSim simulation ran for 1000ns
launch_simulation: Time (s): cpu = 00:00:01 ; elapsed = 00:00:07 . Memory (MB): peak = 1243.992 ; gain = 0.000
add_wave {{/tb_pipeline/uut_tm/hd_uut/count}} 
save_wave_config {D:/GitHub/Computer-Organization-Project/pipelineCPU/tb_pipeline_behav.wcfg}
close_sim
INFO: [Simtcl 6-16] Simulation closed
launch_simulation
INFO: [Vivado 12-5698] Checking validity of IPs in the design for the 'XSim' simulator...
INFO: [Vivado 12-5682] Launching behavioral simulation in 'D:/GitHub/Computer-Organization-Project/pipelineCPU/pipelineCPU.sim/sim_1/behav/xsim'
INFO: [Vivado 12-4795] Using compiled simulation libraries for IPs
INFO: [SIM-utils-51] Simulation object is 'sim_1'
INFO: [USF-XSim-7] Finding pre-compiled libraries...
INFO: [USF-XSim-11] File 'D:/Xilinx/Vivado/2017.4/data/xsim/ip/xsim_ip.ini' copied to run dir:'D:/GitHub/Computer-Organization-Project/pipelineCPU/pipelineCPU.sim/sim_1/behav/xsim'
INFO: [SIM-utils-54] Inspecting design source files for 'tb_pipeline' in fileset 'sim_1'...
INFO: [SIM-utils-43] Exported 'D:/GitHub/Computer-Organization-Project/pipelineCPU/pipelineCPU.sim/sim_1/behav/xsim/pgrom.mif'
INFO: [SIM-utils-43] Exported 'D:/GitHub/Computer-Organization-Project/pipelineCPU/pipelineCPU.sim/sim_1/behav/xsim/test1ROM.coe'
INFO: [USF-XSim-97] Finding global include files...
INFO: [USF-XSim-98] Fetching design files from 'sim_1'...
INFO: [USF-XSim-2] XSim::Compile design
INFO: [USF-XSim-61] Executing 'COMPILE and ANALYZE' step in 'D:/GitHub/Computer-Organization-Project/pipelineCPU/pipelineCPU.sim/sim_1/behav/xsim'
"xvlog --incr --relax -L xil_defaultlib -prj tb_pipeline_vlog.prj"
INFO: [VRFC 10-2263] Analyzing SystemVerilog file "D:/GitHub/Computer-Organization-Project/pipelineCPU/pipelineCPU.srcs/sources_1/new/ID.v" into library xil_defaultlib
INFO: [VRFC 10-311] analyzing module ID
INFO: [VRFC 10-2263] Analyzing SystemVerilog file "D:/GitHub/Computer-Organization-Project/pipelineCPU/pipelineCPU.srcs/sources_1/new/WB.v" into library xil_defaultlib
INFO: [VRFC 10-311] analyzing module WB
INFO: [VRFC 10-2263] Analyzing SystemVerilog file "D:/GitHub/Computer-Organization-Project/pipelineCPU/pipelineCPU.srcs/sources_1/new/top_module.v" into library xil_defaultlib
INFO: [VRFC 10-311] analyzing module top_module
INFO: [USF-XSim-69] 'compile' step finished in '1' seconds
INFO: [USF-XSim-3] XSim::Elaborate design
INFO: [USF-XSim-61] Executing 'ELABORATE' step in 'D:/GitHub/Computer-Organization-Project/pipelineCPU/pipelineCPU.sim/sim_1/behav/xsim'
Vivado Simulator 2017.4
Copyright 1986-1999, 2001-2016 Xilinx, Inc. All Rights Reserved.
Running: D:/Xilinx/Vivado/2017.4/bin/unwrapped/win64.o/xelab.exe -wto 374ad2d08ccb4635b2dbbca0a3224143 --incr --debug typical --relax --mt 2 -L blk_mem_gen_v8_4_1 -L xil_defaultlib -L unisims_ver -L unimacro_ver -L secureip -L xpm --snapshot tb_pipeline_behav xil_defaultlib.tb_pipeline xil_defaultlib.glbl -log elaborate.log 
Using 2 slave threads.
Starting static elaboration
WARNING: [VRFC 10-278] actual bit length 32 differs from formal bit length 4 for port wea [D:/GitHub/Computer-Organization-Project/pipelineCPU/pipelineCPU.srcs/sources_1/new/MEM.v:68]
WARNING: [VRFC 10-1783] select index 62 into current_contents is out of bounds [/wrk/2017.4/nightly/2017_12_15_2086221/packages/customer/vivado/data/ip/xilinx/blk_mem_gen_v8_4/simulation/blk_mem_gen_v8_4.v:2420]
Completed static elaboration
Starting simulation data flow analysis
WARNING: [XSIM 43-4100] "D:/GitHub/Computer-Organization-Project/pipelineCPU/pipelineCPU.srcs/sources_1/new/top_module.v" Line 3. Module top_module has a timescale but at least one module in design doesn't have timescale.
WARNING: [XSIM 43-4100] "D:/GitHub/Computer-Organization-Project/pipelineCPU/pipelineCPU.srcs/sources_1/new/ClockDivider.v" Line 1. Module ClockDivider has a timescale but at least one module in design doesn't have timescale.
WARNING: [XSIM 43-4100] "D:/GitHub/Computer-Organization-Project/pipelineCPU/pipelineCPU.srcs/sources_1/new/ClockDivider.v" Line 1. Module ClockDivider has a timescale but at least one module in design doesn't have timescale.
WARNING: [XSIM 43-4100] "D:/GitHub/Computer-Organization-Project/pipelineCPU/pipelineCPU.srcs/sources_1/new/HarzardDetection.v" Line 3. Module HarzardDetection has a timescale but at least one module in design doesn't have timescale.
WARNING: [XSIM 43-4100] "D:/GitHub/Computer-Organization-Project/pipelineCPU/pipelineCPU.srcs/sources_1/new/IF.v" Line 23. Module IF has a timescale but at least one module in design doesn't have timescale.
WARNING: [XSIM 43-4100] "D:/GitHub/Computer-Organization-Project/pipelineCPU/pipelineCPU.srcs/sources_1/ip/pgrom/sim/pgrom.v" Line 55. Module pgrom has a timescale but at least one module in design doesn't have timescale.
WARNING: [XSIM 43-4100] "/wrk/2017.4/nightly/2017_12_15_2086221/packages/customer/vivado/data/ip/xilinx/blk_mem_gen_v8_4/simulation/blk_mem_gen_v8_4.v" Line 3412. Module blk_mem_gen_v8_4_1(C_FAMILY="artix7",C_XDEVICEFAMILY="artix7",C_ELABORATION_DIR="./",C_AXI_TYPE=1,C_MEM_TYPE=3,C_PRIM_TYPE=1,C_LOAD_INIT_FILE=1,C_INIT_FILE_NAME="pgrom.mif",C_INIT_FILE="pgrom.mem",C_HAS_ENA=0,C_WRITE_DEPTH_A=16384,C_READ_DEPTH_A=16384,C_ADDRA_WIDTH=14,C_INITB_VAL="0",C_HAS_ENB=0,C_WRITE_DEPTH_B=16384,C_READ_DEPTH_B=16384,C_ADDRB_WIDTH=14,C_SIM_COLLISION_CHECK="ALL",C_COMMON_CLK=0,C_COUNT_36K_BRAM="14",C_COUNT_18K_BRAM="1",C_EST_POWER_SUMMARY="Estimated_Power_for_IP_____:_____12.7204_mW") has a timescale but at least one module in design doesn't have timescale.
WARNING: [XSIM 43-4100] "/wrk/2017.4/nightly/2017_12_15_2086221/packages/customer/vivado/data/ip/xilinx/blk_mem_gen_v8_4/simulation/blk_mem_gen_v8_4.v" Line 1951. Module blk_mem_gen_v8_4_1_mem_module(C_FAMILY="artix7",C_XDEVICEFAMILY="artix7",C_MEM_TYPE=3,C_PRIM_TYPE=1,C_LOAD_INIT_FILE=1,C_INIT_FILE_NAME="pgrom.mif",C_INIT_FILE="pgrom.mem",C_HAS_ENA=0,C_WRITE_DEPTH_A=16384,C_READ_DEPTH_A=16384,C_ADDRA_WIDTH=14,C_INITB_VAL="0",C_HAS_ENB=0,C_WRITE_DEPTH_B=16384,C_READ_DEPTH_B=16384,C_ADDRB_WIDTH=14,C_SIM_COLLISION_CHECK="ALL",C_COMMON_CLK=0) has a timescale but at least one module in design doesn't have timescale.
WARNING: [XSIM 43-4100] "/wrk/2017.4/nightly/2017_12_15_2086221/packages/customer/vivado/data/ip/xilinx/blk_mem_gen_v8_4/simulation/blk_mem_gen_v8_4.v" Line 1563. Module blk_mem_gen_v8_4_1_output_stage(C_FAMILY="artix7",C_XDEVICEFAMILY="artix7",C_ADDRB_WIDTH=14,NUM_STAGES=0) has a timescale but at least one module in design doesn't have timescale.
WARNING: [XSIM 43-4100] "/wrk/2017.4/nightly/2017_12_15_2086221/packages/customer/vivado/data/ip/xilinx/blk_mem_gen_v8_4/simulation/blk_mem_gen_v8_4.v" Line 1563. Module blk_mem_gen_v8_4_1_output_stage(C_FAMILY="artix7",C_XDEVICEFAMILY="artix7",C_ADDRB_WIDTH=14,NUM_STAGES=0) has a timescale but at least one module in design doesn't have timescale.
WARNING: [XSIM 43-4100] "/wrk/2017.4/nightly/2017_12_15_2086221/packages/customer/vivado/data/ip/xilinx/blk_mem_gen_v8_4/simulation/blk_mem_gen_v8_4.v" Line 1859. Module blk_mem_gen_v8_4_1_softecc_output_reg_stage(C_ADDRB_WIDTH=14) has a timescale but at least one module in design doesn't have timescale.
WARNING: [XSIM 43-4100] "D:/GitHub/Computer-Organization-Project/pipelineCPU/pipelineCPU.srcs/sources_1/new/ID.v" Line 23. Module ID has a timescale but at least one module in design doesn't have timescale.
WARNING: [XSIM 43-4100] "D:/GitHub/Computer-Organization-Project/pipelineCPU/pipelineCPU.srcs/sources_1/new/EXE.v" Line 23. Module EXE has a timescale but at least one module in design doesn't have timescale.
WARNING: [XSIM 43-4100] "D:/GitHub/Computer-Organization-Project/pipelineCPU/pipelineCPU.srcs/sources_1/new/MEM.v" Line 23. Module MEM has a timescale but at least one module in design doesn't have timescale.
WARNING: [XSIM 43-4100] "D:/GitHub/Computer-Organization-Project/pipelineCPU/pipelineCPU.srcs/sources_1/ip/pgram/sim/pgram.v" Line 55. Module pgram has a timescale but at least one module in design doesn't have timescale.
WARNING: [XSIM 43-4100] "/wrk/2017.4/nightly/2017_12_15_2086221/packages/customer/vivado/data/ip/xilinx/blk_mem_gen_v8_4/simulation/blk_mem_gen_v8_4.v" Line 3412. Module blk_mem_gen_v8_4_1(C_FAMILY="artix7",C_XDEVICEFAMILY="artix7",C_ELABORATION_DIR="./",C_AXI_TYPE=1,C_MEM_TYPE=0,C_BYTE_SIZE=8,C_PRIM_TYPE=1,C_INIT_FILE_NAME="no_coe_file_loaded",C_INIT_FILE="pgram.mem",C_HAS_ENA=0,C_USE_BYTE_WEA=1,C_WEA_WIDTH=4,C_WRITE_DEPTH_A=16384,C_READ_DEPTH_A=16384,C_ADDRA_WIDTH=14,C_INITB_VAL="0",C_HAS_ENB=0,C_USE_BYTE_WEB=1,C_WEB_WIDTH=4,C_WRITE_DEPTH_B=16384,C_READ_DEPTH_B=16384,C_ADDRB_WIDTH=14,C_SIM_COLLISION_CHECK="ALL",C_COMMON_CLK=0,C_COUNT_36K_BRAM="16",C_COUNT_18K_BRAM="0",C_EST_POWER_SUMMARY="Estimated_Power_for_IP_____:_____10.194_mW") has a timescale but at least one module in design doesn't have timescale.
WARNING: [XSIM 43-4100] "/wrk/2017.4/nightly/2017_12_15_2086221/packages/customer/vivado/data/ip/xilinx/blk_mem_gen_v8_4/simulation/blk_mem_gen_v8_4.v" Line 1951. Module blk_mem_gen_v8_4_1_mem_module(C_FAMILY="artix7",C_XDEVICEFAMILY="artix7",C_MEM_TYPE=0,C_BYTE_SIZE=8,C_PRIM_TYPE=1,C_INIT_FILE_NAME="no_coe_file_loaded",C_INIT_FILE="pgram.mem",C_HAS_ENA=0,C_USE_BYTE_WEA=1,C_WEA_WIDTH=4,C_WRITE_DEPTH_A=16384,C_READ_DEPTH_A=16384,C_ADDRA_WIDTH=14,C_INITB_VAL="0",C_HAS_ENB=0,C_USE_BYTE_WEB=1,C_WEB_WIDTH=4,C_WRITE_DEPTH_B=16384,C_READ_DEPTH_B=16384,C_ADDRB_WIDTH=14,C_SIM_COLLISION_CHECK="ALL",C_COMMON_CLK=0) has a timescale but at least one module in design doesn't have timescale.
WARNING: [XSIM 43-4100] "/wrk/2017.4/nightly/2017_12_15_2086221/packages/customer/vivado/data/ip/xilinx/blk_mem_gen_v8_4/simulation/blk_mem_gen_v8_4.v" Line 1563. Module blk_mem_gen_v8_4_1_output_stage(C_FAMILY="artix7",C_XDEVICEFAMILY="artix7",C_ADDRB_WIDTH=14,NUM_STAGES=0) has a timescale but at least one module in design doesn't have timescale.
WARNING: [XSIM 43-4100] "/wrk/2017.4/nightly/2017_12_15_2086221/packages/customer/vivado/data/ip/xilinx/blk_mem_gen_v8_4/simulation/blk_mem_gen_v8_4.v" Line 1563. Module blk_mem_gen_v8_4_1_output_stage(C_FAMILY="artix7",C_XDEVICEFAMILY="artix7",C_ADDRB_WIDTH=14,NUM_STAGES=0) has a timescale but at least one module in design doesn't have timescale.
WARNING: [XSIM 43-4100] "/wrk/2017.4/nightly/2017_12_15_2086221/packages/customer/vivado/data/ip/xilinx/blk_mem_gen_v8_4/simulation/blk_mem_gen_v8_4.v" Line 1859. Module blk_mem_gen_v8_4_1_softecc_output_reg_stage(C_ADDRB_WIDTH=14) has a timescale but at least one module in design doesn't have timescale.
WARNING: [XSIM 43-4100] "D:/GitHub/Computer-Organization-Project/pipelineCPU/pipelineCPU.srcs/sources_1/new/WB.v" Line 1. Module WB has a timescale but at least one module in design doesn't have timescale.
WARNING: [XSIM 43-4100] "D:/GitHub/Computer-Organization-Project/pipelineCPU/pipelineCPU.srcs/sources_1/new/InputModule.v" Line 3. Module InputModule has a timescale but at least one module in design doesn't have timescale.
WARNING: [XSIM 43-4100] "D:/GitHub/Computer-Organization-Project/pipelineCPU/pipelineCPU.srcs/sources_1/new/OutputModule.v" Line 1. Module OutputModule has a timescale but at least one module in design doesn't have timescale.
WARNING: [XSIM 43-4100] "D:/GitHub/Computer-Organization-Project/pipelineCPU/pipelineCPU.srcs/sources_1/new/SegGenerator.v" Line 1. Module SegGenerator has a timescale but at least one module in design doesn't have timescale.
WARNING: [XSIM 43-4100] "D:/GitHub/Computer-Organization-Project/pipelineCPU/pipelineCPU.srcs/sources_1/new/ClockDivider.v" Line 1. Module ClockDivider has a timescale but at least one module in design doesn't have timescale.
WARNING: [XSIM 43-4100] "D:/GitHub/Computer-Organization-Project/pipelineCPU/pipelineCPU.srcs/sources_1/new/SegDisplay.v" Line 1. Module SegDisplay has a timescale but at least one module in design doesn't have timescale.
WARNING: [XSIM 43-4100] "D:/GitHub/Computer-Organization-Project/pipelineCPU/pipelineCPU.sim/sim_1/behav/xsim/glbl.v" Line 6. Module glbl has a timescale but at least one module in design doesn't have timescale.
Completed simulation data flow analysis
Time Resolution for simulation is 1ps
Compiling module xil_defaultlib.ClockDivider
Compiling module xil_defaultlib.HarzardDetection
Compiling module blk_mem_gen_v8_4_1.blk_mem_gen_v8_4_1_output_stage(...
Compiling module blk_mem_gen_v8_4_1.blk_mem_gen_v8_4_1_softecc_outpu...
Compiling module blk_mem_gen_v8_4_1.blk_mem_gen_v8_4_1_mem_module(C_...
Compiling module blk_mem_gen_v8_4_1.blk_mem_gen_v8_4_1(C_FAMILY="art...
Compiling module xil_defaultlib.pgrom
Compiling module xil_defaultlib.IF
Compiling module xil_defaultlib.ID
Compiling module xil_defaultlib.EXE
Compiling module blk_mem_gen_v8_4_1.blk_mem_gen_v8_4_1_mem_module(C_...
Compiling module blk_mem_gen_v8_4_1.blk_mem_gen_v8_4_1(C_FAMILY="art...
Compiling module xil_defaultlib.pgram
Compiling module xil_defaultlib.MEM
Compiling module xil_defaultlib.WB
Compiling module xil_defaultlib.InputModule
Compiling module xil_defaultlib.SegGenerator
Compiling module xil_defaultlib.SegDisplay
Compiling module xil_defaultlib.OutputModule
Compiling module xil_defaultlib.top_module
Compiling module xil_defaultlib.tb_pipeline
Compiling module xil_defaultlib.glbl
Built simulation snapshot tb_pipeline_behav
INFO: [USF-XSim-69] 'elaborate' step finished in '4' seconds
INFO: [USF-XSim-4] XSim::Simulate design
INFO: [USF-XSim-61] Executing 'SIMULATE' step in 'D:/GitHub/Computer-Organization-Project/pipelineCPU/pipelineCPU.sim/sim_1/behav/xsim'
INFO: [USF-XSim-98] *** Running xsim
   with args "tb_pipeline_behav -key {Behavioral:sim_1:Functional:tb_pipeline} -tclbatch {tb_pipeline.tcl} -view {D:/GitHub/Computer-Organization-Project/pipelineCPU/tb_pipeline_behav.wcfg} -log {simulate.log}"
INFO: [USF-XSim-8] Loading simulator feature
Vivado Simulator 2017.4
Time resolution is 1 ps
open_wave_config D:/GitHub/Computer-Organization-Project/pipelineCPU/tb_pipeline_behav.wcfg
source tb_pipeline.tcl
# set curr_wave [current_wave_config]
# if { [string length $curr_wave] == 0 } {
#   if { [llength [get_objects]] > 0} {
#     add_wave /
#     set_property needs_save false [current_wave_config]
#   } else {
#      send_msg_id Add_Wave-1 WARNING "No top level signals found. Simulator will start without a wave window. If you want to open a wave window go to 'File->New Waveform Configuration' or type 'create_wave_config' in the TCL console."
#   }
# }
# run 1000ns
 Block Memory Generator module loading initial data...
 Block Memory Generator data initialization complete.
Block Memory Generator module tb_pipeline.uut_tm.if_uut.urom.inst.native_mem_module.blk_mem_gen_v8_4_1_inst is using a behavioral model for simulation which will not precisely model memory collision behavior.
Block Memory Generator module tb_pipeline.uut_tm.mem_uut.udram.inst.native_mem_module.blk_mem_gen_v8_4_1_inst is using a behavioral model for simulation which will not precisely model memory collision behavior.
INFO: [USF-XSim-96] XSim completed. Design snapshot 'tb_pipeline_behav' loaded.
INFO: [USF-XSim-97] XSim simulation ran for 1000ns
launch_simulation: Time (s): cpu = 00:00:04 ; elapsed = 00:00:07 . Memory (MB): peak = 1243.992 ; gain = 0.000
add_wave {{/tb_pipeline/uut_tm/clk}} 
save_wave_config {D:/GitHub/Computer-Organization-Project/pipelineCPU/tb_pipeline_behav.wcfg}
close_sim
INFO: [Simtcl 6-16] Simulation closed
launch_simulation
INFO: [Vivado 12-5698] Checking validity of IPs in the design for the 'XSim' simulator...
INFO: [Vivado 12-5682] Launching behavioral simulation in 'D:/GitHub/Computer-Organization-Project/pipelineCPU/pipelineCPU.sim/sim_1/behav/xsim'
INFO: [Vivado 12-4795] Using compiled simulation libraries for IPs
INFO: [SIM-utils-51] Simulation object is 'sim_1'
INFO: [USF-XSim-7] Finding pre-compiled libraries...
INFO: [USF-XSim-11] File 'D:/Xilinx/Vivado/2017.4/data/xsim/ip/xsim_ip.ini' copied to run dir:'D:/GitHub/Computer-Organization-Project/pipelineCPU/pipelineCPU.sim/sim_1/behav/xsim'
INFO: [SIM-utils-54] Inspecting design source files for 'tb_pipeline' in fileset 'sim_1'...
INFO: [SIM-utils-43] Exported 'D:/GitHub/Computer-Organization-Project/pipelineCPU/pipelineCPU.sim/sim_1/behav/xsim/pgrom.mif'
INFO: [SIM-utils-43] Exported 'D:/GitHub/Computer-Organization-Project/pipelineCPU/pipelineCPU.sim/sim_1/behav/xsim/test1ROM.coe'
INFO: [USF-XSim-97] Finding global include files...
INFO: [USF-XSim-98] Fetching design files from 'sim_1'...
INFO: [USF-XSim-2] XSim::Compile design
INFO: [USF-XSim-61] Executing 'COMPILE and ANALYZE' step in 'D:/GitHub/Computer-Organization-Project/pipelineCPU/pipelineCPU.sim/sim_1/behav/xsim'
"xvlog --incr --relax -L xil_defaultlib -prj tb_pipeline_vlog.prj"
INFO: [VRFC 10-2263] Analyzing Verilog file "D:/GitHub/Computer-Organization-Project/pipelineCPU/pipelineCPU.srcs/sim_1/new/tb_pipeline.v" into library xil_defaultlib
INFO: [VRFC 10-311] analyzing module tb_pipeline
INFO: [USF-XSim-69] 'compile' step finished in '1' seconds
INFO: [USF-XSim-3] XSim::Elaborate design
INFO: [USF-XSim-61] Executing 'ELABORATE' step in 'D:/GitHub/Computer-Organization-Project/pipelineCPU/pipelineCPU.sim/sim_1/behav/xsim'
Vivado Simulator 2017.4
Copyright 1986-1999, 2001-2016 Xilinx, Inc. All Rights Reserved.
Running: D:/Xilinx/Vivado/2017.4/bin/unwrapped/win64.o/xelab.exe -wto 374ad2d08ccb4635b2dbbca0a3224143 --incr --debug typical --relax --mt 2 -L blk_mem_gen_v8_4_1 -L xil_defaultlib -L unisims_ver -L unimacro_ver -L secureip -L xpm --snapshot tb_pipeline_behav xil_defaultlib.tb_pipeline xil_defaultlib.glbl -log elaborate.log 
Using 2 slave threads.
Starting static elaboration
WARNING: [VRFC 10-278] actual bit length 32 differs from formal bit length 4 for port wea [D:/GitHub/Computer-Organization-Project/pipelineCPU/pipelineCPU.srcs/sources_1/new/MEM.v:68]
WARNING: [VRFC 10-1783] select index 62 into current_contents is out of bounds [/wrk/2017.4/nightly/2017_12_15_2086221/packages/customer/vivado/data/ip/xilinx/blk_mem_gen_v8_4/simulation/blk_mem_gen_v8_4.v:2420]
Completed static elaboration
Starting simulation data flow analysis
WARNING: [XSIM 43-4100] "D:/GitHub/Computer-Organization-Project/pipelineCPU/pipelineCPU.srcs/sources_1/new/top_module.v" Line 3. Module top_module has a timescale but at least one module in design doesn't have timescale.
WARNING: [XSIM 43-4100] "D:/GitHub/Computer-Organization-Project/pipelineCPU/pipelineCPU.srcs/sources_1/new/ClockDivider.v" Line 1. Module ClockDivider has a timescale but at least one module in design doesn't have timescale.
WARNING: [XSIM 43-4100] "D:/GitHub/Computer-Organization-Project/pipelineCPU/pipelineCPU.srcs/sources_1/new/ClockDivider.v" Line 1. Module ClockDivider has a timescale but at least one module in design doesn't have timescale.
WARNING: [XSIM 43-4100] "D:/GitHub/Computer-Organization-Project/pipelineCPU/pipelineCPU.srcs/sources_1/new/HarzardDetection.v" Line 3. Module HarzardDetection has a timescale but at least one module in design doesn't have timescale.
WARNING: [XSIM 43-4100] "D:/GitHub/Computer-Organization-Project/pipelineCPU/pipelineCPU.srcs/sources_1/new/IF.v" Line 23. Module IF has a timescale but at least one module in design doesn't have timescale.
WARNING: [XSIM 43-4100] "D:/GitHub/Computer-Organization-Project/pipelineCPU/pipelineCPU.srcs/sources_1/ip/pgrom/sim/pgrom.v" Line 55. Module pgrom has a timescale but at least one module in design doesn't have timescale.
WARNING: [XSIM 43-4100] "/wrk/2017.4/nightly/2017_12_15_2086221/packages/customer/vivado/data/ip/xilinx/blk_mem_gen_v8_4/simulation/blk_mem_gen_v8_4.v" Line 3412. Module blk_mem_gen_v8_4_1(C_FAMILY="artix7",C_XDEVICEFAMILY="artix7",C_ELABORATION_DIR="./",C_AXI_TYPE=1,C_MEM_TYPE=3,C_PRIM_TYPE=1,C_LOAD_INIT_FILE=1,C_INIT_FILE_NAME="pgrom.mif",C_INIT_FILE="pgrom.mem",C_HAS_ENA=0,C_WRITE_DEPTH_A=16384,C_READ_DEPTH_A=16384,C_ADDRA_WIDTH=14,C_INITB_VAL="0",C_HAS_ENB=0,C_WRITE_DEPTH_B=16384,C_READ_DEPTH_B=16384,C_ADDRB_WIDTH=14,C_SIM_COLLISION_CHECK="ALL",C_COMMON_CLK=0,C_COUNT_36K_BRAM="14",C_COUNT_18K_BRAM="1",C_EST_POWER_SUMMARY="Estimated_Power_for_IP_____:_____12.7204_mW") has a timescale but at least one module in design doesn't have timescale.
WARNING: [XSIM 43-4100] "/wrk/2017.4/nightly/2017_12_15_2086221/packages/customer/vivado/data/ip/xilinx/blk_mem_gen_v8_4/simulation/blk_mem_gen_v8_4.v" Line 1951. Module blk_mem_gen_v8_4_1_mem_module(C_FAMILY="artix7",C_XDEVICEFAMILY="artix7",C_MEM_TYPE=3,C_PRIM_TYPE=1,C_LOAD_INIT_FILE=1,C_INIT_FILE_NAME="pgrom.mif",C_INIT_FILE="pgrom.mem",C_HAS_ENA=0,C_WRITE_DEPTH_A=16384,C_READ_DEPTH_A=16384,C_ADDRA_WIDTH=14,C_INITB_VAL="0",C_HAS_ENB=0,C_WRITE_DEPTH_B=16384,C_READ_DEPTH_B=16384,C_ADDRB_WIDTH=14,C_SIM_COLLISION_CHECK="ALL",C_COMMON_CLK=0) has a timescale but at least one module in design doesn't have timescale.
WARNING: [XSIM 43-4100] "/wrk/2017.4/nightly/2017_12_15_2086221/packages/customer/vivado/data/ip/xilinx/blk_mem_gen_v8_4/simulation/blk_mem_gen_v8_4.v" Line 1563. Module blk_mem_gen_v8_4_1_output_stage(C_FAMILY="artix7",C_XDEVICEFAMILY="artix7",C_ADDRB_WIDTH=14,NUM_STAGES=0) has a timescale but at least one module in design doesn't have timescale.
WARNING: [XSIM 43-4100] "/wrk/2017.4/nightly/2017_12_15_2086221/packages/customer/vivado/data/ip/xilinx/blk_mem_gen_v8_4/simulation/blk_mem_gen_v8_4.v" Line 1563. Module blk_mem_gen_v8_4_1_output_stage(C_FAMILY="artix7",C_XDEVICEFAMILY="artix7",C_ADDRB_WIDTH=14,NUM_STAGES=0) has a timescale but at least one module in design doesn't have timescale.
WARNING: [XSIM 43-4100] "/wrk/2017.4/nightly/2017_12_15_2086221/packages/customer/vivado/data/ip/xilinx/blk_mem_gen_v8_4/simulation/blk_mem_gen_v8_4.v" Line 1859. Module blk_mem_gen_v8_4_1_softecc_output_reg_stage(C_ADDRB_WIDTH=14) has a timescale but at least one module in design doesn't have timescale.
WARNING: [XSIM 43-4100] "D:/GitHub/Computer-Organization-Project/pipelineCPU/pipelineCPU.srcs/sources_1/new/ID.v" Line 23. Module ID has a timescale but at least one module in design doesn't have timescale.
WARNING: [XSIM 43-4100] "D:/GitHub/Computer-Organization-Project/pipelineCPU/pipelineCPU.srcs/sources_1/new/EXE.v" Line 23. Module EXE has a timescale but at least one module in design doesn't have timescale.
WARNING: [XSIM 43-4100] "D:/GitHub/Computer-Organization-Project/pipelineCPU/pipelineCPU.srcs/sources_1/new/MEM.v" Line 23. Module MEM has a timescale but at least one module in design doesn't have timescale.
WARNING: [XSIM 43-4100] "D:/GitHub/Computer-Organization-Project/pipelineCPU/pipelineCPU.srcs/sources_1/ip/pgram/sim/pgram.v" Line 55. Module pgram has a timescale but at least one module in design doesn't have timescale.
WARNING: [XSIM 43-4100] "/wrk/2017.4/nightly/2017_12_15_2086221/packages/customer/vivado/data/ip/xilinx/blk_mem_gen_v8_4/simulation/blk_mem_gen_v8_4.v" Line 3412. Module blk_mem_gen_v8_4_1(C_FAMILY="artix7",C_XDEVICEFAMILY="artix7",C_ELABORATION_DIR="./",C_AXI_TYPE=1,C_MEM_TYPE=0,C_BYTE_SIZE=8,C_PRIM_TYPE=1,C_INIT_FILE_NAME="no_coe_file_loaded",C_INIT_FILE="pgram.mem",C_HAS_ENA=0,C_USE_BYTE_WEA=1,C_WEA_WIDTH=4,C_WRITE_DEPTH_A=16384,C_READ_DEPTH_A=16384,C_ADDRA_WIDTH=14,C_INITB_VAL="0",C_HAS_ENB=0,C_USE_BYTE_WEB=1,C_WEB_WIDTH=4,C_WRITE_DEPTH_B=16384,C_READ_DEPTH_B=16384,C_ADDRB_WIDTH=14,C_SIM_COLLISION_CHECK="ALL",C_COMMON_CLK=0,C_COUNT_36K_BRAM="16",C_COUNT_18K_BRAM="0",C_EST_POWER_SUMMARY="Estimated_Power_for_IP_____:_____10.194_mW") has a timescale but at least one module in design doesn't have timescale.
WARNING: [XSIM 43-4100] "/wrk/2017.4/nightly/2017_12_15_2086221/packages/customer/vivado/data/ip/xilinx/blk_mem_gen_v8_4/simulation/blk_mem_gen_v8_4.v" Line 1951. Module blk_mem_gen_v8_4_1_mem_module(C_FAMILY="artix7",C_XDEVICEFAMILY="artix7",C_MEM_TYPE=0,C_BYTE_SIZE=8,C_PRIM_TYPE=1,C_INIT_FILE_NAME="no_coe_file_loaded",C_INIT_FILE="pgram.mem",C_HAS_ENA=0,C_USE_BYTE_WEA=1,C_WEA_WIDTH=4,C_WRITE_DEPTH_A=16384,C_READ_DEPTH_A=16384,C_ADDRA_WIDTH=14,C_INITB_VAL="0",C_HAS_ENB=0,C_USE_BYTE_WEB=1,C_WEB_WIDTH=4,C_WRITE_DEPTH_B=16384,C_READ_DEPTH_B=16384,C_ADDRB_WIDTH=14,C_SIM_COLLISION_CHECK="ALL",C_COMMON_CLK=0) has a timescale but at least one module in design doesn't have timescale.
WARNING: [XSIM 43-4100] "/wrk/2017.4/nightly/2017_12_15_2086221/packages/customer/vivado/data/ip/xilinx/blk_mem_gen_v8_4/simulation/blk_mem_gen_v8_4.v" Line 1563. Module blk_mem_gen_v8_4_1_output_stage(C_FAMILY="artix7",C_XDEVICEFAMILY="artix7",C_ADDRB_WIDTH=14,NUM_STAGES=0) has a timescale but at least one module in design doesn't have timescale.
WARNING: [XSIM 43-4100] "/wrk/2017.4/nightly/2017_12_15_2086221/packages/customer/vivado/data/ip/xilinx/blk_mem_gen_v8_4/simulation/blk_mem_gen_v8_4.v" Line 1563. Module blk_mem_gen_v8_4_1_output_stage(C_FAMILY="artix7",C_XDEVICEFAMILY="artix7",C_ADDRB_WIDTH=14,NUM_STAGES=0) has a timescale but at least one module in design doesn't have timescale.
WARNING: [XSIM 43-4100] "/wrk/2017.4/nightly/2017_12_15_2086221/packages/customer/vivado/data/ip/xilinx/blk_mem_gen_v8_4/simulation/blk_mem_gen_v8_4.v" Line 1859. Module blk_mem_gen_v8_4_1_softecc_output_reg_stage(C_ADDRB_WIDTH=14) has a timescale but at least one module in design doesn't have timescale.
WARNING: [XSIM 43-4100] "D:/GitHub/Computer-Organization-Project/pipelineCPU/pipelineCPU.srcs/sources_1/new/WB.v" Line 1. Module WB has a timescale but at least one module in design doesn't have timescale.
WARNING: [XSIM 43-4100] "D:/GitHub/Computer-Organization-Project/pipelineCPU/pipelineCPU.srcs/sources_1/new/InputModule.v" Line 3. Module InputModule has a timescale but at least one module in design doesn't have timescale.
WARNING: [XSIM 43-4100] "D:/GitHub/Computer-Organization-Project/pipelineCPU/pipelineCPU.srcs/sources_1/new/OutputModule.v" Line 1. Module OutputModule has a timescale but at least one module in design doesn't have timescale.
WARNING: [XSIM 43-4100] "D:/GitHub/Computer-Organization-Project/pipelineCPU/pipelineCPU.srcs/sources_1/new/SegGenerator.v" Line 1. Module SegGenerator has a timescale but at least one module in design doesn't have timescale.
WARNING: [XSIM 43-4100] "D:/GitHub/Computer-Organization-Project/pipelineCPU/pipelineCPU.srcs/sources_1/new/ClockDivider.v" Line 1. Module ClockDivider has a timescale but at least one module in design doesn't have timescale.
WARNING: [XSIM 43-4100] "D:/GitHub/Computer-Organization-Project/pipelineCPU/pipelineCPU.srcs/sources_1/new/SegDisplay.v" Line 1. Module SegDisplay has a timescale but at least one module in design doesn't have timescale.
WARNING: [XSIM 43-4100] "D:/GitHub/Computer-Organization-Project/pipelineCPU/pipelineCPU.sim/sim_1/behav/xsim/glbl.v" Line 6. Module glbl has a timescale but at least one module in design doesn't have timescale.
Completed simulation data flow analysis
Time Resolution for simulation is 1ps
Compiling module xil_defaultlib.ClockDivider
Compiling module xil_defaultlib.HarzardDetection
Compiling module blk_mem_gen_v8_4_1.blk_mem_gen_v8_4_1_output_stage(...
Compiling module blk_mem_gen_v8_4_1.blk_mem_gen_v8_4_1_softecc_outpu...
Compiling module blk_mem_gen_v8_4_1.blk_mem_gen_v8_4_1_mem_module(C_...
Compiling module blk_mem_gen_v8_4_1.blk_mem_gen_v8_4_1(C_FAMILY="art...
Compiling module xil_defaultlib.pgrom
Compiling module xil_defaultlib.IF
Compiling module xil_defaultlib.ID
Compiling module xil_defaultlib.EXE
Compiling module blk_mem_gen_v8_4_1.blk_mem_gen_v8_4_1_mem_module(C_...
Compiling module blk_mem_gen_v8_4_1.blk_mem_gen_v8_4_1(C_FAMILY="art...
Compiling module xil_defaultlib.pgram
Compiling module xil_defaultlib.MEM
Compiling module xil_defaultlib.WB
Compiling module xil_defaultlib.InputModule
Compiling module xil_defaultlib.SegGenerator
Compiling module xil_defaultlib.SegDisplay
Compiling module xil_defaultlib.OutputModule
Compiling module xil_defaultlib.top_module
Compiling module xil_defaultlib.tb_pipeline
Compiling module xil_defaultlib.glbl
Built simulation snapshot tb_pipeline_behav
INFO: [USF-XSim-69] 'elaborate' step finished in '3' seconds
INFO: [USF-XSim-4] XSim::Simulate design
INFO: [USF-XSim-61] Executing 'SIMULATE' step in 'D:/GitHub/Computer-Organization-Project/pipelineCPU/pipelineCPU.sim/sim_1/behav/xsim'
INFO: [USF-XSim-98] *** Running xsim
   with args "tb_pipeline_behav -key {Behavioral:sim_1:Functional:tb_pipeline} -tclbatch {tb_pipeline.tcl} -view {D:/GitHub/Computer-Organization-Project/pipelineCPU/tb_pipeline_behav.wcfg} -log {simulate.log}"
INFO: [USF-XSim-8] Loading simulator feature
Vivado Simulator 2017.4
Time resolution is 1 ps
open_wave_config D:/GitHub/Computer-Organization-Project/pipelineCPU/tb_pipeline_behav.wcfg
source tb_pipeline.tcl
# set curr_wave [current_wave_config]
# if { [string length $curr_wave] == 0 } {
#   if { [llength [get_objects]] > 0} {
#     add_wave /
#     set_property needs_save false [current_wave_config]
#   } else {
#      send_msg_id Add_Wave-1 WARNING "No top level signals found. Simulator will start without a wave window. If you want to open a wave window go to 'File->New Waveform Configuration' or type 'create_wave_config' in the TCL console."
#   }
# }
# run 1000ns
 Block Memory Generator module loading initial data...
 Block Memory Generator data initialization complete.
Block Memory Generator module tb_pipeline.uut_tm.if_uut.urom.inst.native_mem_module.blk_mem_gen_v8_4_1_inst is using a behavioral model for simulation which will not precisely model memory collision behavior.
Block Memory Generator module tb_pipeline.uut_tm.mem_uut.udram.inst.native_mem_module.blk_mem_gen_v8_4_1_inst is using a behavioral model for simulation which will not precisely model memory collision behavior.
INFO: [USF-XSim-96] XSim completed. Design snapshot 'tb_pipeline_behav' loaded.
INFO: [USF-XSim-97] XSim simulation ran for 1000ns
launch_simulation: Time (s): cpu = 00:00:02 ; elapsed = 00:00:07 . Memory (MB): peak = 1244.992 ; gain = 0.590
close_sim
INFO: [Simtcl 6-16] Simulation closed
launch_simulation
INFO: [Vivado 12-5698] Checking validity of IPs in the design for the 'XSim' simulator...
INFO: [Vivado 12-5682] Launching behavioral simulation in 'D:/GitHub/Computer-Organization-Project/pipelineCPU/pipelineCPU.sim/sim_1/behav/xsim'
INFO: [Vivado 12-4795] Using compiled simulation libraries for IPs
INFO: [SIM-utils-51] Simulation object is 'sim_1'
INFO: [USF-XSim-7] Finding pre-compiled libraries...
INFO: [USF-XSim-11] File 'D:/Xilinx/Vivado/2017.4/data/xsim/ip/xsim_ip.ini' copied to run dir:'D:/GitHub/Computer-Organization-Project/pipelineCPU/pipelineCPU.sim/sim_1/behav/xsim'
INFO: [SIM-utils-54] Inspecting design source files for 'tb_pipeline' in fileset 'sim_1'...
INFO: [SIM-utils-43] Exported 'D:/GitHub/Computer-Organization-Project/pipelineCPU/pipelineCPU.sim/sim_1/behav/xsim/pgrom.mif'
INFO: [SIM-utils-43] Exported 'D:/GitHub/Computer-Organization-Project/pipelineCPU/pipelineCPU.sim/sim_1/behav/xsim/test1ROM.coe'
INFO: [USF-XSim-97] Finding global include files...
INFO: [USF-XSim-98] Fetching design files from 'sim_1'...
INFO: [USF-XSim-2] XSim::Compile design
INFO: [USF-XSim-61] Executing 'COMPILE and ANALYZE' step in 'D:/GitHub/Computer-Organization-Project/pipelineCPU/pipelineCPU.sim/sim_1/behav/xsim'
"xvlog --incr --relax -L xil_defaultlib -prj tb_pipeline_vlog.prj"
INFO: [USF-XSim-69] 'compile' step finished in '1' seconds
INFO: [USF-XSim-3] XSim::Elaborate design
INFO: [USF-XSim-61] Executing 'ELABORATE' step in 'D:/GitHub/Computer-Organization-Project/pipelineCPU/pipelineCPU.sim/sim_1/behav/xsim'
Vivado Simulator 2017.4
Copyright 1986-1999, 2001-2016 Xilinx, Inc. All Rights Reserved.
Running: D:/Xilinx/Vivado/2017.4/bin/unwrapped/win64.o/xelab.exe -wto 374ad2d08ccb4635b2dbbca0a3224143 --incr --debug typical --relax --mt 2 -L blk_mem_gen_v8_4_1 -L xil_defaultlib -L unisims_ver -L unimacro_ver -L secureip -L xpm --snapshot tb_pipeline_behav xil_defaultlib.tb_pipeline xil_defaultlib.glbl -log elaborate.log 
Using 2 slave threads.
Starting static elaboration
WARNING: [VRFC 10-278] actual bit length 32 differs from formal bit length 4 for port wea [D:/GitHub/Computer-Organization-Project/pipelineCPU/pipelineCPU.srcs/sources_1/new/MEM.v:68]
WARNING: [VRFC 10-1783] select index 62 into current_contents is out of bounds [/wrk/2017.4/nightly/2017_12_15_2086221/packages/customer/vivado/data/ip/xilinx/blk_mem_gen_v8_4/simulation/blk_mem_gen_v8_4.v:2420]
Completed static elaboration
INFO: [XSIM 43-4323] No Change in HDL. Linking previously generated obj files to create kernel
INFO: [USF-XSim-69] 'elaborate' step finished in '1' seconds
INFO: [USF-XSim-4] XSim::Simulate design
INFO: [USF-XSim-61] Executing 'SIMULATE' step in 'D:/GitHub/Computer-Organization-Project/pipelineCPU/pipelineCPU.sim/sim_1/behav/xsim'
INFO: [USF-XSim-98] *** Running xsim
   with args "tb_pipeline_behav -key {Behavioral:sim_1:Functional:tb_pipeline} -tclbatch {tb_pipeline.tcl} -view {D:/GitHub/Computer-Organization-Project/pipelineCPU/tb_pipeline_behav.wcfg} -log {simulate.log}"
INFO: [USF-XSim-8] Loading simulator feature
Vivado Simulator 2017.4
Time resolution is 1 ps
open_wave_config D:/GitHub/Computer-Organization-Project/pipelineCPU/tb_pipeline_behav.wcfg
source tb_pipeline.tcl
# set curr_wave [current_wave_config]
# if { [string length $curr_wave] == 0 } {
#   if { [llength [get_objects]] > 0} {
#     add_wave /
#     set_property needs_save false [current_wave_config]
#   } else {
#      send_msg_id Add_Wave-1 WARNING "No top level signals found. Simulator will start without a wave window. If you want to open a wave window go to 'File->New Waveform Configuration' or type 'create_wave_config' in the TCL console."
#   }
# }
# run 1000ns
 Block Memory Generator module loading initial data...
 Block Memory Generator data initialization complete.
Block Memory Generator module tb_pipeline.uut_tm.if_uut.urom.inst.native_mem_module.blk_mem_gen_v8_4_1_inst is using a behavioral model for simulation which will not precisely model memory collision behavior.
Block Memory Generator module tb_pipeline.uut_tm.mem_uut.udram.inst.native_mem_module.blk_mem_gen_v8_4_1_inst is using a behavioral model for simulation which will not precisely model memory collision behavior.
INFO: [USF-XSim-96] XSim completed. Design snapshot 'tb_pipeline_behav' loaded.
INFO: [USF-XSim-97] XSim simulation ran for 1000ns
current_project CPU
launch_simulation
INFO: [Vivado 12-5698] Checking validity of IPs in the design for the 'XSim' simulator...
INFO: [Vivado 12-5682] Launching behavioral simulation in 'D:/GitHub/Computer-Organization-Project/CPU/CPU.sim/sim_1/behav/xsim'
INFO: [Vivado 12-4795] Using compiled simulation libraries for IPs
INFO: [SIM-utils-51] Simulation object is 'sim_1'
INFO: [USF-XSim-7] Finding pre-compiled libraries...
INFO: [USF-XSim-11] File 'D:/Xilinx/Vivado/2017.4/data/xsim/ip/xsim_ip.ini' copied to run dir:'D:/GitHub/Computer-Organization-Project/CPU/CPU.sim/sim_1/behav/xsim'
INFO: [SIM-utils-54] Inspecting design source files for 'tb_Controller' in fileset 'sim_1'...
INFO: [SIM-utils-43] Exported 'D:/GitHub/Computer-Organization-Project/CPU/CPU.sim/sim_1/behav/xsim/prgram.mif'
INFO: [SIM-utils-43] Exported 'D:/GitHub/Computer-Organization-Project/CPU/CPU.sim/sim_1/behav/xsim/test6RAM.coe'
INFO: [SIM-utils-43] Exported 'D:/GitHub/Computer-Organization-Project/CPU/CPU.sim/sim_1/behav/xsim/prgrom.mif'
INFO: [SIM-utils-43] Exported 'D:/GitHub/Computer-Organization-Project/CPU/CPU.sim/sim_1/behav/xsim/RUnitTestROM.coe'
INFO: [SIM-utils-43] Exported 'D:/GitHub/Computer-Organization-Project/CPU/CPU.sim/sim_1/behav/xsim/prgrom32.coe'
INFO: [SIM-utils-43] Exported 'D:/GitHub/Computer-Organization-Project/CPU/CPU.sim/sim_1/behav/xsim/dmem32.coe'
INFO: [SIM-utils-43] Exported 'D:/GitHub/Computer-Organization-Project/CPU/CPU.sim/sim_1/behav/xsim/test1ROM.coe'
INFO: [SIM-utils-43] Exported 'D:/GitHub/Computer-Organization-Project/CPU/CPU.sim/sim_1/behav/xsim/test1RAM.coe'
INFO: [SIM-utils-43] Exported 'D:/GitHub/Computer-Organization-Project/CPU/CPU.sim/sim_1/behav/xsim/test2ROM.coe'
INFO: [SIM-utils-43] Exported 'D:/GitHub/Computer-Organization-Project/CPU/CPU.sim/sim_1/behav/xsim/test4ROM.coe'
INFO: [SIM-utils-43] Exported 'D:/GitHub/Computer-Organization-Project/CPU/CPU.sim/sim_1/behav/xsim/test5ROM.coe'
INFO: [SIM-utils-43] Exported 'D:/GitHub/Computer-Organization-Project/CPU/CPU.sim/sim_1/behav/xsim/test5RAM.coe'
INFO: [SIM-utils-43] Exported 'D:/GitHub/Computer-Organization-Project/CPU/CPU.sim/sim_1/behav/xsim/test6ROM.coe'
INFO: [SIM-utils-43] Exported 'D:/GitHub/Computer-Organization-Project/CPU/CPU.sim/sim_1/behav/xsim/test9ROM.coe'
INFO: [SIM-utils-43] Exported 'D:/GitHub/Computer-Organization-Project/CPU/CPU.sim/sim_1/behav/xsim/test12ROM.coe'
INFO: [SIM-utils-43] Exported 'D:/GitHub/Computer-Organization-Project/CPU/CPU.sim/sim_1/behav/xsim/BaseTest2ROM.coe'
INFO: [USF-XSim-97] Finding global include files...
INFO: [USF-XSim-98] Fetching design files from 'sim_1'...
INFO: [USF-XSim-2] XSim::Compile design
INFO: [USF-XSim-61] Executing 'COMPILE and ANALYZE' step in 'D:/GitHub/Computer-Organization-Project/CPU/CPU.sim/sim_1/behav/xsim'
"xvlog --incr --relax -prj tb_Controller_vlog.prj"
INFO: [USF-XSim-69] 'compile' step finished in '1' seconds
INFO: [USF-XSim-3] XSim::Elaborate design
INFO: [USF-XSim-61] Executing 'ELABORATE' step in 'D:/GitHub/Computer-Organization-Project/CPU/CPU.sim/sim_1/behav/xsim'
Vivado Simulator 2017.4
Copyright 1986-1999, 2001-2016 Xilinx, Inc. All Rights Reserved.
Running: D:/Xilinx/Vivado/2017.4/bin/unwrapped/win64.o/xelab.exe -wto 1c99ea6a430e47fbaf72bbfceaf43014 --incr --debug typical --relax --mt 2 -L xil_defaultlib -L unisims_ver -L unimacro_ver -L secureip -L xpm --snapshot tb_Controller_behav xil_defaultlib.tb_Controller xil_defaultlib.glbl -log elaborate.log 
Using 2 slave threads.
Starting static elaboration
WARNING: [VRFC 10-696] first argument of $fatal is invalid, expecting 0, 1 or 2 [D:/GitHub/Computer-Organization-Project/CPU/CPU.srcs/sim_1/new/tb_Controller.v:57]
WARNING: [VRFC 10-696] first argument of $fatal is invalid, expecting 0, 1 or 2 [D:/GitHub/Computer-Organization-Project/CPU/CPU.srcs/sim_1/new/tb_Controller.v:62]
WARNING: [VRFC 10-696] first argument of $fatal is invalid, expecting 0, 1 or 2 [D:/GitHub/Computer-Organization-Project/CPU/CPU.srcs/sim_1/new/tb_Controller.v:68]
WARNING: [VRFC 10-696] first argument of $fatal is invalid, expecting 0, 1 or 2 [D:/GitHub/Computer-Organization-Project/CPU/CPU.srcs/sim_1/new/tb_Controller.v:73]
WARNING: [VRFC 10-696] first argument of $fatal is invalid, expecting 0, 1 or 2 [D:/GitHub/Computer-Organization-Project/CPU/CPU.srcs/sim_1/new/tb_Controller.v:79]
WARNING: [VRFC 10-696] first argument of $fatal is invalid, expecting 0, 1 or 2 [D:/GitHub/Computer-Organization-Project/CPU/CPU.srcs/sim_1/new/tb_Controller.v:84]
WARNING: [VRFC 10-696] first argument of $fatal is invalid, expecting 0, 1 or 2 [D:/GitHub/Computer-Organization-Project/CPU/CPU.srcs/sim_1/new/tb_Controller.v:89]
WARNING: [VRFC 10-696] first argument of $fatal is invalid, expecting 0, 1 or 2 [D:/GitHub/Computer-Organization-Project/CPU/CPU.srcs/sim_1/new/tb_Controller.v:94]
WARNING: [VRFC 10-696] first argument of $fatal is invalid, expecting 0, 1 or 2 [D:/GitHub/Computer-Organization-Project/CPU/CPU.srcs/sim_1/new/tb_Controller.v:99]
WARNING: [VRFC 10-696] first argument of $fatal is invalid, expecting 0, 1 or 2 [D:/GitHub/Computer-Organization-Project/CPU/CPU.srcs/sim_1/new/tb_Controller.v:104]
WARNING: [VRFC 10-696] first argument of $fatal is invalid, expecting 0, 1 or 2 [D:/GitHub/Computer-Organization-Project/CPU/CPU.srcs/sim_1/new/tb_Controller.v:109]
WARNING: [VRFC 10-696] first argument of $fatal is invalid, expecting 0, 1 or 2 [D:/GitHub/Computer-Organization-Project/CPU/CPU.srcs/sim_1/new/tb_Controller.v:114]
Completed static elaboration
INFO: [XSIM 43-4323] No Change in HDL. Linking previously generated obj files to create kernel
INFO: [USF-XSim-69] 'elaborate' step finished in '1' seconds
INFO: [USF-XSim-4] XSim::Simulate design
INFO: [USF-XSim-61] Executing 'SIMULATE' step in 'D:/GitHub/Computer-Organization-Project/CPU/CPU.sim/sim_1/behav/xsim'
INFO: [USF-XSim-98] *** Running xsim
   with args "tb_Controller_behav -key {Behavioral:sim_1:Functional:tb_Controller} -tclbatch {tb_Controller.tcl} -log {simulate.log}"
INFO: [USF-XSim-8] Loading simulator feature
Vivado Simulator 2017.4
Time resolution is 1 ps
source tb_Controller.tcl
# set curr_wave [current_wave_config]
# if { [string length $curr_wave] == 0 } {
#   if { [llength [get_objects]] > 0} {
#     add_wave /
#     set_property needs_save false [current_wave_config]
#   } else {
#      send_msg_id Add_Wave-1 WARNING "No top level signals found. Simulator will start without a wave window. If you want to open a wave window go to 'File->New Waveform Configuration' or type 'create_wave_config' in the TCL console."
#   }
# }
# run 1000ns
All Controller tests passed
$finish called at time : 13 ns : File "D:/GitHub/Computer-Organization-Project/CPU/CPU.srcs/sim_1/new/tb_Controller.v" Line 117
INFO: [USF-XSim-96] XSim completed. Design snapshot 'tb_Controller_behav' loaded.
INFO: [USF-XSim-97] XSim simulation ran for 1000ns
current_project pipelineCPU
current_sim simulation_6
remove_forces { {/tb_pipeline/uut_tm/en_pc} {/tb_pipeline/uut_tm/done_input} {/tb_pipeline/uut_tm/en_input} {/tb_pipeline/uut_tm/en_output} {/tb_pipeline/uut_tm/pc} {/tb_pipeline/uut_tm/is_nop} {/tb_pipeline/uut_tm/u1_inst} {/tb_pipeline/uut_tm/v1_inst} {/tb_pipeline/uut_tm/u1_pc} {/tb_pipeline/uut_tm/v1_pc} {/tb_pipeline/uut_tm/u2_rs1_data} {/tb_pipeline/uut_tm/u2_rs2_data} {/tb_pipeline/uut_tm/u2_imm32} {/tb_pipeline/uut_tm/v2_rs1_data} {/tb_pipeline/uut_tm/v2_rs2_data} {/tb_pipeline/uut_tm/v2_imm32} {/tb_pipeline/uut_tm/u2_pc} {/tb_pipeline/uut_tm/v2_pc} {/tb_pipeline/uut_tm/u2_funct3} {/tb_pipeline/uut_tm/u2_funct7} {/tb_pipeline/uut_tm/v2_funct3} {/tb_pipeline/uut_tm/v2_funct7} {/tb_pipeline/uut_tm/u2_rd} {/tb_pipeline/uut_tm/v2_rd} {/tb_pipeline/uut_tm/u2_branch} {/tb_pipeline/uut_tm/u2_alu_src} {/tb_pipeline/uut_tm/u2_mem_read} {/tb_pipeline/uut_tm/u2_mem_write} {/tb_pipeline/uut_tm/u2_mem_to_reg} {/tb_pipeline/uut_tm/u2_reg_write} {/tb_pipeline/uut_tm/u2_is_jal} {/tb_pipeline/uut_tm/u2_is_jalr} {/tb_pipeline/uut_tm/u2_is_lui} {/tb_pipeline/uut_tm/u2_is_auipc} {/tb_pipeline/uut_tm/u2_alu_op} {/tb_pipeline/uut_tm/v2_branch} {/tb_pipeline/uut_tm/v2_alu_src} {/tb_pipeline/uut_tm/v2_mem_read} {/tb_pipeline/uut_tm/v2_mem_write} {/tb_pipeline/uut_tm/v2_mem_to_reg} {/tb_pipeline/uut_tm/v2_reg_write} {/tb_pipeline/uut_tm/v2_is_jal} {/tb_pipeline/uut_tm/v2_is_jalr} {/tb_pipeline/uut_tm/v2_is_lui} {/tb_pipeline/uut_tm/v2_is_auipc} {/tb_pipeline/uut_tm/v2_alu_op} {/tb_pipeline/uut_tm/u3_alu_result} {/tb_pipeline/uut_tm/u3_zero} {/tb_pipeline/uut_tm/v3_alu_result} {/tb_pipeline/uut_tm/v3_zero} {/tb_pipeline/uut_tm/u3_pc} {/tb_pipeline/uut_tm/v3_pc} {/tb_pipeline/uut_tm/u3_rd} {/tb_pipeline/uut_tm/v3_rd} {/tb_pipeline/uut_tm/u3_mem_read} {/tb_pipeline/uut_tm/v3_mem_read} {/tb_pipeline/uut_tm/u3_mem_write} {/tb_pipeline/uut_tm/v3_mem_write} {/tb_pipeline/uut_tm/u3_rs2_data} {/tb_pipeline/uut_tm/v3_rs2_data} {/tb_pipeline/uut_tm/u3_mem_to_reg} {/tb_pipeline/uut_tm/u3_reg_write} {/tb_pipeline/uut_tm/u3_funct3} {/tb_pipeline/uut_tm/u3_is_jal} {/tb_pipeline/uut_tm/u3_is_jalr} {/tb_pipeline/uut_tm/v3_mem_to_reg} {/tb_pipeline/uut_tm/v3_reg_write} {/tb_pipeline/uut_tm/v3_funct3} {/tb_pipeline/uut_tm/v3_is_jal} {/tb_pipeline/uut_tm/v3_is_jalr} {/tb_pipeline/uut_tm/u4_mem_read_data} {/tb_pipeline/uut_tm/v4_mem_read_data} {/tb_pipeline/uut_tm/u4_pc} {/tb_pipeline/uut_tm/v4_pc} {/tb_pipeline/uut_tm/u4_rd} {/tb_pipeline/uut_tm/v4_rd} {/tb_pipeline/uut_tm/u4_mem_to_reg} {/tb_pipeline/uut_tm/u4_reg_write} {/tb_pipeline/uut_tm/u4_alu_result} {/tb_pipeline/uut_tm/u4_funct3} {/tb_pipeline/uut_tm/u4_is_jal} {/tb_pipeline/uut_tm/u4_is_jalr} {/tb_pipeline/uut_tm/v4_mem_to_reg} {/tb_pipeline/uut_tm/v4_reg_write} {/tb_pipeline/uut_tm/v4_alu_result} {/tb_pipeline/uut_tm/v4_funct3} {/tb_pipeline/uut_tm/v4_is_jal} {/tb_pipeline/uut_tm/v4_is_jalr} }
save_wave_config {D:/GitHub/Computer-Organization-Project/pipelineCPU/tb_pipeline_behav.wcfg}
close_sim
INFO: [Simtcl 6-16] Simulation closed
launch_simulation
INFO: [Vivado 12-5698] Checking validity of IPs in the design for the 'XSim' simulator...
INFO: [Vivado 12-5682] Launching behavioral simulation in 'D:/GitHub/Computer-Organization-Project/pipelineCPU/pipelineCPU.sim/sim_1/behav/xsim'
INFO: [Vivado 12-4795] Using compiled simulation libraries for IPs
INFO: [SIM-utils-51] Simulation object is 'sim_1'
INFO: [USF-XSim-7] Finding pre-compiled libraries...
INFO: [USF-XSim-11] File 'D:/Xilinx/Vivado/2017.4/data/xsim/ip/xsim_ip.ini' copied to run dir:'D:/GitHub/Computer-Organization-Project/pipelineCPU/pipelineCPU.sim/sim_1/behav/xsim'
INFO: [SIM-utils-54] Inspecting design source files for 'tb_pipeline' in fileset 'sim_1'...
INFO: [SIM-utils-43] Exported 'D:/GitHub/Computer-Organization-Project/pipelineCPU/pipelineCPU.sim/sim_1/behav/xsim/pgrom.mif'
INFO: [SIM-utils-43] Exported 'D:/GitHub/Computer-Organization-Project/pipelineCPU/pipelineCPU.sim/sim_1/behav/xsim/test1ROM.coe'
INFO: [USF-XSim-97] Finding global include files...
INFO: [USF-XSim-98] Fetching design files from 'sim_1'...
INFO: [USF-XSim-2] XSim::Compile design
INFO: [USF-XSim-61] Executing 'COMPILE and ANALYZE' step in 'D:/GitHub/Computer-Organization-Project/pipelineCPU/pipelineCPU.sim/sim_1/behav/xsim'
"xvlog --incr --relax -L xil_defaultlib -prj tb_pipeline_vlog.prj"
INFO: [VRFC 10-2263] Analyzing SystemVerilog file "D:/GitHub/Computer-Organization-Project/pipelineCPU/pipelineCPU.srcs/sources_1/new/ID.v" into library xil_defaultlib
INFO: [VRFC 10-311] analyzing module ID
INFO: [VRFC 10-2263] Analyzing SystemVerilog file "D:/GitHub/Computer-Organization-Project/pipelineCPU/pipelineCPU.srcs/sources_1/new/WB.v" into library xil_defaultlib
INFO: [VRFC 10-311] analyzing module WB
INFO: [VRFC 10-2263] Analyzing SystemVerilog file "D:/GitHub/Computer-Organization-Project/pipelineCPU/pipelineCPU.srcs/sources_1/new/top_module.v" into library xil_defaultlib
INFO: [VRFC 10-311] analyzing module top_module
INFO: [USF-XSim-69] 'compile' step finished in '1' seconds
INFO: [USF-XSim-3] XSim::Elaborate design
INFO: [USF-XSim-61] Executing 'ELABORATE' step in 'D:/GitHub/Computer-Organization-Project/pipelineCPU/pipelineCPU.sim/sim_1/behav/xsim'
Vivado Simulator 2017.4
Copyright 1986-1999, 2001-2016 Xilinx, Inc. All Rights Reserved.
Running: D:/Xilinx/Vivado/2017.4/bin/unwrapped/win64.o/xelab.exe -wto 374ad2d08ccb4635b2dbbca0a3224143 --incr --debug typical --relax --mt 2 -L blk_mem_gen_v8_4_1 -L xil_defaultlib -L unisims_ver -L unimacro_ver -L secureip -L xpm --snapshot tb_pipeline_behav xil_defaultlib.tb_pipeline xil_defaultlib.glbl -log elaborate.log 
Using 2 slave threads.
Starting static elaboration
WARNING: [VRFC 10-278] actual bit length 32 differs from formal bit length 4 for port wea [D:/GitHub/Computer-Organization-Project/pipelineCPU/pipelineCPU.srcs/sources_1/new/MEM.v:68]
WARNING: [VRFC 10-1783] select index 62 into current_contents is out of bounds [/wrk/2017.4/nightly/2017_12_15_2086221/packages/customer/vivado/data/ip/xilinx/blk_mem_gen_v8_4/simulation/blk_mem_gen_v8_4.v:2420]
Completed static elaboration
Starting simulation data flow analysis
WARNING: [XSIM 43-4100] "D:/GitHub/Computer-Organization-Project/pipelineCPU/pipelineCPU.srcs/sources_1/new/top_module.v" Line 3. Module top_module has a timescale but at least one module in design doesn't have timescale.
WARNING: [XSIM 43-4100] "D:/GitHub/Computer-Organization-Project/pipelineCPU/pipelineCPU.srcs/sources_1/new/ClockDivider.v" Line 1. Module ClockDivider has a timescale but at least one module in design doesn't have timescale.
WARNING: [XSIM 43-4100] "D:/GitHub/Computer-Organization-Project/pipelineCPU/pipelineCPU.srcs/sources_1/new/ClockDivider.v" Line 1. Module ClockDivider has a timescale but at least one module in design doesn't have timescale.
WARNING: [XSIM 43-4100] "D:/GitHub/Computer-Organization-Project/pipelineCPU/pipelineCPU.srcs/sources_1/new/HarzardDetection.v" Line 3. Module HarzardDetection has a timescale but at least one module in design doesn't have timescale.
WARNING: [XSIM 43-4100] "D:/GitHub/Computer-Organization-Project/pipelineCPU/pipelineCPU.srcs/sources_1/new/IF.v" Line 23. Module IF has a timescale but at least one module in design doesn't have timescale.
WARNING: [XSIM 43-4100] "D:/GitHub/Computer-Organization-Project/pipelineCPU/pipelineCPU.srcs/sources_1/ip/pgrom/sim/pgrom.v" Line 55. Module pgrom has a timescale but at least one module in design doesn't have timescale.
WARNING: [XSIM 43-4100] "/wrk/2017.4/nightly/2017_12_15_2086221/packages/customer/vivado/data/ip/xilinx/blk_mem_gen_v8_4/simulation/blk_mem_gen_v8_4.v" Line 3412. Module blk_mem_gen_v8_4_1(C_FAMILY="artix7",C_XDEVICEFAMILY="artix7",C_ELABORATION_DIR="./",C_AXI_TYPE=1,C_MEM_TYPE=3,C_PRIM_TYPE=1,C_LOAD_INIT_FILE=1,C_INIT_FILE_NAME="pgrom.mif",C_INIT_FILE="pgrom.mem",C_HAS_ENA=0,C_WRITE_DEPTH_A=16384,C_READ_DEPTH_A=16384,C_ADDRA_WIDTH=14,C_INITB_VAL="0",C_HAS_ENB=0,C_WRITE_DEPTH_B=16384,C_READ_DEPTH_B=16384,C_ADDRB_WIDTH=14,C_SIM_COLLISION_CHECK="ALL",C_COMMON_CLK=0,C_COUNT_36K_BRAM="14",C_COUNT_18K_BRAM="1",C_EST_POWER_SUMMARY="Estimated_Power_for_IP_____:_____12.7204_mW") has a timescale but at least one module in design doesn't have timescale.
WARNING: [XSIM 43-4100] "/wrk/2017.4/nightly/2017_12_15_2086221/packages/customer/vivado/data/ip/xilinx/blk_mem_gen_v8_4/simulation/blk_mem_gen_v8_4.v" Line 1951. Module blk_mem_gen_v8_4_1_mem_module(C_FAMILY="artix7",C_XDEVICEFAMILY="artix7",C_MEM_TYPE=3,C_PRIM_TYPE=1,C_LOAD_INIT_FILE=1,C_INIT_FILE_NAME="pgrom.mif",C_INIT_FILE="pgrom.mem",C_HAS_ENA=0,C_WRITE_DEPTH_A=16384,C_READ_DEPTH_A=16384,C_ADDRA_WIDTH=14,C_INITB_VAL="0",C_HAS_ENB=0,C_WRITE_DEPTH_B=16384,C_READ_DEPTH_B=16384,C_ADDRB_WIDTH=14,C_SIM_COLLISION_CHECK="ALL",C_COMMON_CLK=0) has a timescale but at least one module in design doesn't have timescale.
WARNING: [XSIM 43-4100] "/wrk/2017.4/nightly/2017_12_15_2086221/packages/customer/vivado/data/ip/xilinx/blk_mem_gen_v8_4/simulation/blk_mem_gen_v8_4.v" Line 1563. Module blk_mem_gen_v8_4_1_output_stage(C_FAMILY="artix7",C_XDEVICEFAMILY="artix7",C_ADDRB_WIDTH=14,NUM_STAGES=0) has a timescale but at least one module in design doesn't have timescale.
WARNING: [XSIM 43-4100] "/wrk/2017.4/nightly/2017_12_15_2086221/packages/customer/vivado/data/ip/xilinx/blk_mem_gen_v8_4/simulation/blk_mem_gen_v8_4.v" Line 1563. Module blk_mem_gen_v8_4_1_output_stage(C_FAMILY="artix7",C_XDEVICEFAMILY="artix7",C_ADDRB_WIDTH=14,NUM_STAGES=0) has a timescale but at least one module in design doesn't have timescale.
WARNING: [XSIM 43-4100] "/wrk/2017.4/nightly/2017_12_15_2086221/packages/customer/vivado/data/ip/xilinx/blk_mem_gen_v8_4/simulation/blk_mem_gen_v8_4.v" Line 1859. Module blk_mem_gen_v8_4_1_softecc_output_reg_stage(C_ADDRB_WIDTH=14) has a timescale but at least one module in design doesn't have timescale.
WARNING: [XSIM 43-4100] "D:/GitHub/Computer-Organization-Project/pipelineCPU/pipelineCPU.srcs/sources_1/new/ID.v" Line 23. Module ID has a timescale but at least one module in design doesn't have timescale.
WARNING: [XSIM 43-4100] "D:/GitHub/Computer-Organization-Project/pipelineCPU/pipelineCPU.srcs/sources_1/new/EXE.v" Line 23. Module EXE has a timescale but at least one module in design doesn't have timescale.
WARNING: [XSIM 43-4100] "D:/GitHub/Computer-Organization-Project/pipelineCPU/pipelineCPU.srcs/sources_1/new/MEM.v" Line 23. Module MEM has a timescale but at least one module in design doesn't have timescale.
WARNING: [XSIM 43-4100] "D:/GitHub/Computer-Organization-Project/pipelineCPU/pipelineCPU.srcs/sources_1/ip/pgram/sim/pgram.v" Line 55. Module pgram has a timescale but at least one module in design doesn't have timescale.
WARNING: [XSIM 43-4100] "/wrk/2017.4/nightly/2017_12_15_2086221/packages/customer/vivado/data/ip/xilinx/blk_mem_gen_v8_4/simulation/blk_mem_gen_v8_4.v" Line 3412. Module blk_mem_gen_v8_4_1(C_FAMILY="artix7",C_XDEVICEFAMILY="artix7",C_ELABORATION_DIR="./",C_AXI_TYPE=1,C_MEM_TYPE=0,C_BYTE_SIZE=8,C_PRIM_TYPE=1,C_INIT_FILE_NAME="no_coe_file_loaded",C_INIT_FILE="pgram.mem",C_HAS_ENA=0,C_USE_BYTE_WEA=1,C_WEA_WIDTH=4,C_WRITE_DEPTH_A=16384,C_READ_DEPTH_A=16384,C_ADDRA_WIDTH=14,C_INITB_VAL="0",C_HAS_ENB=0,C_USE_BYTE_WEB=1,C_WEB_WIDTH=4,C_WRITE_DEPTH_B=16384,C_READ_DEPTH_B=16384,C_ADDRB_WIDTH=14,C_SIM_COLLISION_CHECK="ALL",C_COMMON_CLK=0,C_COUNT_36K_BRAM="16",C_COUNT_18K_BRAM="0",C_EST_POWER_SUMMARY="Estimated_Power_for_IP_____:_____10.194_mW") has a timescale but at least one module in design doesn't have timescale.
WARNING: [XSIM 43-4100] "/wrk/2017.4/nightly/2017_12_15_2086221/packages/customer/vivado/data/ip/xilinx/blk_mem_gen_v8_4/simulation/blk_mem_gen_v8_4.v" Line 1951. Module blk_mem_gen_v8_4_1_mem_module(C_FAMILY="artix7",C_XDEVICEFAMILY="artix7",C_MEM_TYPE=0,C_BYTE_SIZE=8,C_PRIM_TYPE=1,C_INIT_FILE_NAME="no_coe_file_loaded",C_INIT_FILE="pgram.mem",C_HAS_ENA=0,C_USE_BYTE_WEA=1,C_WEA_WIDTH=4,C_WRITE_DEPTH_A=16384,C_READ_DEPTH_A=16384,C_ADDRA_WIDTH=14,C_INITB_VAL="0",C_HAS_ENB=0,C_USE_BYTE_WEB=1,C_WEB_WIDTH=4,C_WRITE_DEPTH_B=16384,C_READ_DEPTH_B=16384,C_ADDRB_WIDTH=14,C_SIM_COLLISION_CHECK="ALL",C_COMMON_CLK=0) has a timescale but at least one module in design doesn't have timescale.
WARNING: [XSIM 43-4100] "/wrk/2017.4/nightly/2017_12_15_2086221/packages/customer/vivado/data/ip/xilinx/blk_mem_gen_v8_4/simulation/blk_mem_gen_v8_4.v" Line 1563. Module blk_mem_gen_v8_4_1_output_stage(C_FAMILY="artix7",C_XDEVICEFAMILY="artix7",C_ADDRB_WIDTH=14,NUM_STAGES=0) has a timescale but at least one module in design doesn't have timescale.
WARNING: [XSIM 43-4100] "/wrk/2017.4/nightly/2017_12_15_2086221/packages/customer/vivado/data/ip/xilinx/blk_mem_gen_v8_4/simulation/blk_mem_gen_v8_4.v" Line 1563. Module blk_mem_gen_v8_4_1_output_stage(C_FAMILY="artix7",C_XDEVICEFAMILY="artix7",C_ADDRB_WIDTH=14,NUM_STAGES=0) has a timescale but at least one module in design doesn't have timescale.
WARNING: [XSIM 43-4100] "/wrk/2017.4/nightly/2017_12_15_2086221/packages/customer/vivado/data/ip/xilinx/blk_mem_gen_v8_4/simulation/blk_mem_gen_v8_4.v" Line 1859. Module blk_mem_gen_v8_4_1_softecc_output_reg_stage(C_ADDRB_WIDTH=14) has a timescale but at least one module in design doesn't have timescale.
WARNING: [XSIM 43-4100] "D:/GitHub/Computer-Organization-Project/pipelineCPU/pipelineCPU.srcs/sources_1/new/WB.v" Line 1. Module WB has a timescale but at least one module in design doesn't have timescale.
WARNING: [XSIM 43-4100] "D:/GitHub/Computer-Organization-Project/pipelineCPU/pipelineCPU.srcs/sources_1/new/InputModule.v" Line 3. Module InputModule has a timescale but at least one module in design doesn't have timescale.
WARNING: [XSIM 43-4100] "D:/GitHub/Computer-Organization-Project/pipelineCPU/pipelineCPU.srcs/sources_1/new/OutputModule.v" Line 1. Module OutputModule has a timescale but at least one module in design doesn't have timescale.
WARNING: [XSIM 43-4100] "D:/GitHub/Computer-Organization-Project/pipelineCPU/pipelineCPU.srcs/sources_1/new/SegGenerator.v" Line 1. Module SegGenerator has a timescale but at least one module in design doesn't have timescale.
WARNING: [XSIM 43-4100] "D:/GitHub/Computer-Organization-Project/pipelineCPU/pipelineCPU.srcs/sources_1/new/ClockDivider.v" Line 1. Module ClockDivider has a timescale but at least one module in design doesn't have timescale.
WARNING: [XSIM 43-4100] "D:/GitHub/Computer-Organization-Project/pipelineCPU/pipelineCPU.srcs/sources_1/new/SegDisplay.v" Line 1. Module SegDisplay has a timescale but at least one module in design doesn't have timescale.
WARNING: [XSIM 43-4100] "D:/GitHub/Computer-Organization-Project/pipelineCPU/pipelineCPU.sim/sim_1/behav/xsim/glbl.v" Line 6. Module glbl has a timescale but at least one module in design doesn't have timescale.
Completed simulation data flow analysis
Time Resolution for simulation is 1ps
Compiling module xil_defaultlib.ClockDivider
Compiling module xil_defaultlib.HarzardDetection
Compiling module blk_mem_gen_v8_4_1.blk_mem_gen_v8_4_1_output_stage(...
Compiling module blk_mem_gen_v8_4_1.blk_mem_gen_v8_4_1_softecc_outpu...
Compiling module blk_mem_gen_v8_4_1.blk_mem_gen_v8_4_1_mem_module(C_...
Compiling module blk_mem_gen_v8_4_1.blk_mem_gen_v8_4_1(C_FAMILY="art...
Compiling module xil_defaultlib.pgrom
Compiling module xil_defaultlib.IF
Compiling module xil_defaultlib.ID
Compiling module xil_defaultlib.EXE
Compiling module blk_mem_gen_v8_4_1.blk_mem_gen_v8_4_1_mem_module(C_...
Compiling module blk_mem_gen_v8_4_1.blk_mem_gen_v8_4_1(C_FAMILY="art...
Compiling module xil_defaultlib.pgram
Compiling module xil_defaultlib.MEM
Compiling module xil_defaultlib.WB
Compiling module xil_defaultlib.InputModule
Compiling module xil_defaultlib.SegGenerator
Compiling module xil_defaultlib.SegDisplay
Compiling module xil_defaultlib.OutputModule
Compiling module xil_defaultlib.top_module
Compiling module xil_defaultlib.tb_pipeline
Compiling module xil_defaultlib.glbl
Built simulation snapshot tb_pipeline_behav
INFO: [USF-XSim-69] 'elaborate' step finished in '3' seconds
INFO: [USF-XSim-4] XSim::Simulate design
INFO: [USF-XSim-61] Executing 'SIMULATE' step in 'D:/GitHub/Computer-Organization-Project/pipelineCPU/pipelineCPU.sim/sim_1/behav/xsim'
INFO: [USF-XSim-98] *** Running xsim
   with args "tb_pipeline_behav -key {Behavioral:sim_1:Functional:tb_pipeline} -tclbatch {tb_pipeline.tcl} -view {D:/GitHub/Computer-Organization-Project/pipelineCPU/tb_pipeline_behav.wcfg} -log {simulate.log}"
INFO: [USF-XSim-8] Loading simulator feature
Vivado Simulator 2017.4
Time resolution is 1 ps
open_wave_config D:/GitHub/Computer-Organization-Project/pipelineCPU/tb_pipeline_behav.wcfg
source tb_pipeline.tcl
# set curr_wave [current_wave_config]
# if { [string length $curr_wave] == 0 } {
#   if { [llength [get_objects]] > 0} {
#     add_wave /
#     set_property needs_save false [current_wave_config]
#   } else {
#      send_msg_id Add_Wave-1 WARNING "No top level signals found. Simulator will start without a wave window. If you want to open a wave window go to 'File->New Waveform Configuration' or type 'create_wave_config' in the TCL console."
#   }
# }
# run 1000ns
 Block Memory Generator module loading initial data...
 Block Memory Generator data initialization complete.
Block Memory Generator module tb_pipeline.uut_tm.if_uut.urom.inst.native_mem_module.blk_mem_gen_v8_4_1_inst is using a behavioral model for simulation which will not precisely model memory collision behavior.
Block Memory Generator module tb_pipeline.uut_tm.mem_uut.udram.inst.native_mem_module.blk_mem_gen_v8_4_1_inst is using a behavioral model for simulation which will not precisely model memory collision behavior.
INFO: [USF-XSim-96] XSim completed. Design snapshot 'tb_pipeline_behav' loaded.
INFO: [USF-XSim-97] XSim simulation ran for 1000ns
launch_simulation: Time (s): cpu = 00:00:03 ; elapsed = 00:00:07 . Memory (MB): peak = 1262.102 ; gain = 0.000
close_sim
INFO: [Simtcl 6-16] Simulation closed
launch_simulation
INFO: [Vivado 12-5698] Checking validity of IPs in the design for the 'XSim' simulator...
INFO: [Vivado 12-5682] Launching behavioral simulation in 'D:/GitHub/Computer-Organization-Project/pipelineCPU/pipelineCPU.sim/sim_1/behav/xsim'
INFO: [Vivado 12-4795] Using compiled simulation libraries for IPs
INFO: [SIM-utils-51] Simulation object is 'sim_1'
INFO: [USF-XSim-7] Finding pre-compiled libraries...
INFO: [USF-XSim-11] File 'D:/Xilinx/Vivado/2017.4/data/xsim/ip/xsim_ip.ini' copied to run dir:'D:/GitHub/Computer-Organization-Project/pipelineCPU/pipelineCPU.sim/sim_1/behav/xsim'
INFO: [SIM-utils-54] Inspecting design source files for 'tb_pipeline' in fileset 'sim_1'...
INFO: [SIM-utils-43] Exported 'D:/GitHub/Computer-Organization-Project/pipelineCPU/pipelineCPU.sim/sim_1/behav/xsim/pgrom.mif'
INFO: [SIM-utils-43] Exported 'D:/GitHub/Computer-Organization-Project/pipelineCPU/pipelineCPU.sim/sim_1/behav/xsim/test1ROM.coe'
INFO: [USF-XSim-97] Finding global include files...
INFO: [USF-XSim-98] Fetching design files from 'sim_1'...
INFO: [USF-XSim-2] XSim::Compile design
INFO: [USF-XSim-61] Executing 'COMPILE and ANALYZE' step in 'D:/GitHub/Computer-Organization-Project/pipelineCPU/pipelineCPU.sim/sim_1/behav/xsim'
"xvlog --incr --relax -L xil_defaultlib -prj tb_pipeline_vlog.prj"
INFO: [VRFC 10-2263] Analyzing SystemVerilog file "D:/GitHub/Computer-Organization-Project/pipelineCPU/pipelineCPU.srcs/sources_1/new/ID.v" into library xil_defaultlib
INFO: [VRFC 10-311] analyzing module ID
INFO: [VRFC 10-2263] Analyzing SystemVerilog file "D:/GitHub/Computer-Organization-Project/pipelineCPU/pipelineCPU.srcs/sources_1/new/WB.v" into library xil_defaultlib
INFO: [VRFC 10-311] analyzing module WB
INFO: [VRFC 10-2263] Analyzing SystemVerilog file "D:/GitHub/Computer-Organization-Project/pipelineCPU/pipelineCPU.srcs/sources_1/new/top_module.v" into library xil_defaultlib
INFO: [VRFC 10-311] analyzing module top_module
INFO: [USF-XSim-69] 'compile' step finished in '1' seconds
INFO: [USF-XSim-3] XSim::Elaborate design
INFO: [USF-XSim-61] Executing 'ELABORATE' step in 'D:/GitHub/Computer-Organization-Project/pipelineCPU/pipelineCPU.sim/sim_1/behav/xsim'
Vivado Simulator 2017.4
Copyright 1986-1999, 2001-2016 Xilinx, Inc. All Rights Reserved.
Running: D:/Xilinx/Vivado/2017.4/bin/unwrapped/win64.o/xelab.exe -wto 374ad2d08ccb4635b2dbbca0a3224143 --incr --debug typical --relax --mt 2 -L blk_mem_gen_v8_4_1 -L xil_defaultlib -L unisims_ver -L unimacro_ver -L secureip -L xpm --snapshot tb_pipeline_behav xil_defaultlib.tb_pipeline xil_defaultlib.glbl -log elaborate.log 
Using 2 slave threads.
Starting static elaboration
WARNING: [VRFC 10-278] actual bit length 32 differs from formal bit length 4 for port wea [D:/GitHub/Computer-Organization-Project/pipelineCPU/pipelineCPU.srcs/sources_1/new/MEM.v:68]
WARNING: [VRFC 10-1783] select index 62 into current_contents is out of bounds [/wrk/2017.4/nightly/2017_12_15_2086221/packages/customer/vivado/data/ip/xilinx/blk_mem_gen_v8_4/simulation/blk_mem_gen_v8_4.v:2420]
Completed static elaboration
Starting simulation data flow analysis
WARNING: [XSIM 43-4100] "D:/GitHub/Computer-Organization-Project/pipelineCPU/pipelineCPU.srcs/sources_1/new/top_module.v" Line 3. Module top_module has a timescale but at least one module in design doesn't have timescale.
WARNING: [XSIM 43-4100] "D:/GitHub/Computer-Organization-Project/pipelineCPU/pipelineCPU.srcs/sources_1/new/ClockDivider.v" Line 1. Module ClockDivider has a timescale but at least one module in design doesn't have timescale.
WARNING: [XSIM 43-4100] "D:/GitHub/Computer-Organization-Project/pipelineCPU/pipelineCPU.srcs/sources_1/new/ClockDivider.v" Line 1. Module ClockDivider has a timescale but at least one module in design doesn't have timescale.
WARNING: [XSIM 43-4100] "D:/GitHub/Computer-Organization-Project/pipelineCPU/pipelineCPU.srcs/sources_1/new/HarzardDetection.v" Line 3. Module HarzardDetection has a timescale but at least one module in design doesn't have timescale.
WARNING: [XSIM 43-4100] "D:/GitHub/Computer-Organization-Project/pipelineCPU/pipelineCPU.srcs/sources_1/new/IF.v" Line 23. Module IF has a timescale but at least one module in design doesn't have timescale.
WARNING: [XSIM 43-4100] "D:/GitHub/Computer-Organization-Project/pipelineCPU/pipelineCPU.srcs/sources_1/ip/pgrom/sim/pgrom.v" Line 55. Module pgrom has a timescale but at least one module in design doesn't have timescale.
WARNING: [XSIM 43-4100] "/wrk/2017.4/nightly/2017_12_15_2086221/packages/customer/vivado/data/ip/xilinx/blk_mem_gen_v8_4/simulation/blk_mem_gen_v8_4.v" Line 3412. Module blk_mem_gen_v8_4_1(C_FAMILY="artix7",C_XDEVICEFAMILY="artix7",C_ELABORATION_DIR="./",C_AXI_TYPE=1,C_MEM_TYPE=3,C_PRIM_TYPE=1,C_LOAD_INIT_FILE=1,C_INIT_FILE_NAME="pgrom.mif",C_INIT_FILE="pgrom.mem",C_HAS_ENA=0,C_WRITE_DEPTH_A=16384,C_READ_DEPTH_A=16384,C_ADDRA_WIDTH=14,C_INITB_VAL="0",C_HAS_ENB=0,C_WRITE_DEPTH_B=16384,C_READ_DEPTH_B=16384,C_ADDRB_WIDTH=14,C_SIM_COLLISION_CHECK="ALL",C_COMMON_CLK=0,C_COUNT_36K_BRAM="14",C_COUNT_18K_BRAM="1",C_EST_POWER_SUMMARY="Estimated_Power_for_IP_____:_____12.7204_mW") has a timescale but at least one module in design doesn't have timescale.
WARNING: [XSIM 43-4100] "/wrk/2017.4/nightly/2017_12_15_2086221/packages/customer/vivado/data/ip/xilinx/blk_mem_gen_v8_4/simulation/blk_mem_gen_v8_4.v" Line 1951. Module blk_mem_gen_v8_4_1_mem_module(C_FAMILY="artix7",C_XDEVICEFAMILY="artix7",C_MEM_TYPE=3,C_PRIM_TYPE=1,C_LOAD_INIT_FILE=1,C_INIT_FILE_NAME="pgrom.mif",C_INIT_FILE="pgrom.mem",C_HAS_ENA=0,C_WRITE_DEPTH_A=16384,C_READ_DEPTH_A=16384,C_ADDRA_WIDTH=14,C_INITB_VAL="0",C_HAS_ENB=0,C_WRITE_DEPTH_B=16384,C_READ_DEPTH_B=16384,C_ADDRB_WIDTH=14,C_SIM_COLLISION_CHECK="ALL",C_COMMON_CLK=0) has a timescale but at least one module in design doesn't have timescale.
WARNING: [XSIM 43-4100] "/wrk/2017.4/nightly/2017_12_15_2086221/packages/customer/vivado/data/ip/xilinx/blk_mem_gen_v8_4/simulation/blk_mem_gen_v8_4.v" Line 1563. Module blk_mem_gen_v8_4_1_output_stage(C_FAMILY="artix7",C_XDEVICEFAMILY="artix7",C_ADDRB_WIDTH=14,NUM_STAGES=0) has a timescale but at least one module in design doesn't have timescale.
WARNING: [XSIM 43-4100] "/wrk/2017.4/nightly/2017_12_15_2086221/packages/customer/vivado/data/ip/xilinx/blk_mem_gen_v8_4/simulation/blk_mem_gen_v8_4.v" Line 1563. Module blk_mem_gen_v8_4_1_output_stage(C_FAMILY="artix7",C_XDEVICEFAMILY="artix7",C_ADDRB_WIDTH=14,NUM_STAGES=0) has a timescale but at least one module in design doesn't have timescale.
WARNING: [XSIM 43-4100] "/wrk/2017.4/nightly/2017_12_15_2086221/packages/customer/vivado/data/ip/xilinx/blk_mem_gen_v8_4/simulation/blk_mem_gen_v8_4.v" Line 1859. Module blk_mem_gen_v8_4_1_softecc_output_reg_stage(C_ADDRB_WIDTH=14) has a timescale but at least one module in design doesn't have timescale.
WARNING: [XSIM 43-4100] "D:/GitHub/Computer-Organization-Project/pipelineCPU/pipelineCPU.srcs/sources_1/new/ID.v" Line 23. Module ID has a timescale but at least one module in design doesn't have timescale.
WARNING: [XSIM 43-4100] "D:/GitHub/Computer-Organization-Project/pipelineCPU/pipelineCPU.srcs/sources_1/new/EXE.v" Line 23. Module EXE has a timescale but at least one module in design doesn't have timescale.
WARNING: [XSIM 43-4100] "D:/GitHub/Computer-Organization-Project/pipelineCPU/pipelineCPU.srcs/sources_1/new/MEM.v" Line 23. Module MEM has a timescale but at least one module in design doesn't have timescale.
WARNING: [XSIM 43-4100] "D:/GitHub/Computer-Organization-Project/pipelineCPU/pipelineCPU.srcs/sources_1/ip/pgram/sim/pgram.v" Line 55. Module pgram has a timescale but at least one module in design doesn't have timescale.
WARNING: [XSIM 43-4100] "/wrk/2017.4/nightly/2017_12_15_2086221/packages/customer/vivado/data/ip/xilinx/blk_mem_gen_v8_4/simulation/blk_mem_gen_v8_4.v" Line 3412. Module blk_mem_gen_v8_4_1(C_FAMILY="artix7",C_XDEVICEFAMILY="artix7",C_ELABORATION_DIR="./",C_AXI_TYPE=1,C_MEM_TYPE=0,C_BYTE_SIZE=8,C_PRIM_TYPE=1,C_INIT_FILE_NAME="no_coe_file_loaded",C_INIT_FILE="pgram.mem",C_HAS_ENA=0,C_USE_BYTE_WEA=1,C_WEA_WIDTH=4,C_WRITE_DEPTH_A=16384,C_READ_DEPTH_A=16384,C_ADDRA_WIDTH=14,C_INITB_VAL="0",C_HAS_ENB=0,C_USE_BYTE_WEB=1,C_WEB_WIDTH=4,C_WRITE_DEPTH_B=16384,C_READ_DEPTH_B=16384,C_ADDRB_WIDTH=14,C_SIM_COLLISION_CHECK="ALL",C_COMMON_CLK=0,C_COUNT_36K_BRAM="16",C_COUNT_18K_BRAM="0",C_EST_POWER_SUMMARY="Estimated_Power_for_IP_____:_____10.194_mW") has a timescale but at least one module in design doesn't have timescale.
WARNING: [XSIM 43-4100] "/wrk/2017.4/nightly/2017_12_15_2086221/packages/customer/vivado/data/ip/xilinx/blk_mem_gen_v8_4/simulation/blk_mem_gen_v8_4.v" Line 1951. Module blk_mem_gen_v8_4_1_mem_module(C_FAMILY="artix7",C_XDEVICEFAMILY="artix7",C_MEM_TYPE=0,C_BYTE_SIZE=8,C_PRIM_TYPE=1,C_INIT_FILE_NAME="no_coe_file_loaded",C_INIT_FILE="pgram.mem",C_HAS_ENA=0,C_USE_BYTE_WEA=1,C_WEA_WIDTH=4,C_WRITE_DEPTH_A=16384,C_READ_DEPTH_A=16384,C_ADDRA_WIDTH=14,C_INITB_VAL="0",C_HAS_ENB=0,C_USE_BYTE_WEB=1,C_WEB_WIDTH=4,C_WRITE_DEPTH_B=16384,C_READ_DEPTH_B=16384,C_ADDRB_WIDTH=14,C_SIM_COLLISION_CHECK="ALL",C_COMMON_CLK=0) has a timescale but at least one module in design doesn't have timescale.
WARNING: [XSIM 43-4100] "/wrk/2017.4/nightly/2017_12_15_2086221/packages/customer/vivado/data/ip/xilinx/blk_mem_gen_v8_4/simulation/blk_mem_gen_v8_4.v" Line 1563. Module blk_mem_gen_v8_4_1_output_stage(C_FAMILY="artix7",C_XDEVICEFAMILY="artix7",C_ADDRB_WIDTH=14,NUM_STAGES=0) has a timescale but at least one module in design doesn't have timescale.
WARNING: [XSIM 43-4100] "/wrk/2017.4/nightly/2017_12_15_2086221/packages/customer/vivado/data/ip/xilinx/blk_mem_gen_v8_4/simulation/blk_mem_gen_v8_4.v" Line 1563. Module blk_mem_gen_v8_4_1_output_stage(C_FAMILY="artix7",C_XDEVICEFAMILY="artix7",C_ADDRB_WIDTH=14,NUM_STAGES=0) has a timescale but at least one module in design doesn't have timescale.
WARNING: [XSIM 43-4100] "/wrk/2017.4/nightly/2017_12_15_2086221/packages/customer/vivado/data/ip/xilinx/blk_mem_gen_v8_4/simulation/blk_mem_gen_v8_4.v" Line 1859. Module blk_mem_gen_v8_4_1_softecc_output_reg_stage(C_ADDRB_WIDTH=14) has a timescale but at least one module in design doesn't have timescale.
WARNING: [XSIM 43-4100] "D:/GitHub/Computer-Organization-Project/pipelineCPU/pipelineCPU.srcs/sources_1/new/WB.v" Line 1. Module WB has a timescale but at least one module in design doesn't have timescale.
WARNING: [XSIM 43-4100] "D:/GitHub/Computer-Organization-Project/pipelineCPU/pipelineCPU.srcs/sources_1/new/InputModule.v" Line 3. Module InputModule has a timescale but at least one module in design doesn't have timescale.
WARNING: [XSIM 43-4100] "D:/GitHub/Computer-Organization-Project/pipelineCPU/pipelineCPU.srcs/sources_1/new/OutputModule.v" Line 1. Module OutputModule has a timescale but at least one module in design doesn't have timescale.
WARNING: [XSIM 43-4100] "D:/GitHub/Computer-Organization-Project/pipelineCPU/pipelineCPU.srcs/sources_1/new/SegGenerator.v" Line 1. Module SegGenerator has a timescale but at least one module in design doesn't have timescale.
WARNING: [XSIM 43-4100] "D:/GitHub/Computer-Organization-Project/pipelineCPU/pipelineCPU.srcs/sources_1/new/ClockDivider.v" Line 1. Module ClockDivider has a timescale but at least one module in design doesn't have timescale.
WARNING: [XSIM 43-4100] "D:/GitHub/Computer-Organization-Project/pipelineCPU/pipelineCPU.srcs/sources_1/new/SegDisplay.v" Line 1. Module SegDisplay has a timescale but at least one module in design doesn't have timescale.
WARNING: [XSIM 43-4100] "D:/GitHub/Computer-Organization-Project/pipelineCPU/pipelineCPU.sim/sim_1/behav/xsim/glbl.v" Line 6. Module glbl has a timescale but at least one module in design doesn't have timescale.
Completed simulation data flow analysis
Time Resolution for simulation is 1ps
Compiling module xil_defaultlib.ClockDivider
Compiling module xil_defaultlib.HarzardDetection
Compiling module blk_mem_gen_v8_4_1.blk_mem_gen_v8_4_1_output_stage(...
Compiling module blk_mem_gen_v8_4_1.blk_mem_gen_v8_4_1_softecc_outpu...
Compiling module blk_mem_gen_v8_4_1.blk_mem_gen_v8_4_1_mem_module(C_...
Compiling module blk_mem_gen_v8_4_1.blk_mem_gen_v8_4_1(C_FAMILY="art...
Compiling module xil_defaultlib.pgrom
Compiling module xil_defaultlib.IF
Compiling module xil_defaultlib.ID
Compiling module xil_defaultlib.EXE
Compiling module blk_mem_gen_v8_4_1.blk_mem_gen_v8_4_1_mem_module(C_...
Compiling module blk_mem_gen_v8_4_1.blk_mem_gen_v8_4_1(C_FAMILY="art...
Compiling module xil_defaultlib.pgram
Compiling module xil_defaultlib.MEM
Compiling module xil_defaultlib.WB
Compiling module xil_defaultlib.InputModule
Compiling module xil_defaultlib.SegGenerator
Compiling module xil_defaultlib.SegDisplay
Compiling module xil_defaultlib.OutputModule
Compiling module xil_defaultlib.top_module
Compiling module xil_defaultlib.tb_pipeline
Compiling module xil_defaultlib.glbl
Built simulation snapshot tb_pipeline_behav
INFO: [USF-XSim-69] 'elaborate' step finished in '4' seconds
INFO: [USF-XSim-4] XSim::Simulate design
INFO: [USF-XSim-61] Executing 'SIMULATE' step in 'D:/GitHub/Computer-Organization-Project/pipelineCPU/pipelineCPU.sim/sim_1/behav/xsim'
INFO: [USF-XSim-98] *** Running xsim
   with args "tb_pipeline_behav -key {Behavioral:sim_1:Functional:tb_pipeline} -tclbatch {tb_pipeline.tcl} -view {D:/GitHub/Computer-Organization-Project/pipelineCPU/tb_pipeline_behav.wcfg} -log {simulate.log}"
INFO: [USF-XSim-8] Loading simulator feature
Vivado Simulator 2017.4
Time resolution is 1 ps
open_wave_config D:/GitHub/Computer-Organization-Project/pipelineCPU/tb_pipeline_behav.wcfg
source tb_pipeline.tcl
# set curr_wave [current_wave_config]
# if { [string length $curr_wave] == 0 } {
#   if { [llength [get_objects]] > 0} {
#     add_wave /
#     set_property needs_save false [current_wave_config]
#   } else {
#      send_msg_id Add_Wave-1 WARNING "No top level signals found. Simulator will start without a wave window. If you want to open a wave window go to 'File->New Waveform Configuration' or type 'create_wave_config' in the TCL console."
#   }
# }
# run 1000ns
 Block Memory Generator module loading initial data...
 Block Memory Generator data initialization complete.
Block Memory Generator module tb_pipeline.uut_tm.if_uut.urom.inst.native_mem_module.blk_mem_gen_v8_4_1_inst is using a behavioral model for simulation which will not precisely model memory collision behavior.
Block Memory Generator module tb_pipeline.uut_tm.mem_uut.udram.inst.native_mem_module.blk_mem_gen_v8_4_1_inst is using a behavioral model for simulation which will not precisely model memory collision behavior.
INFO: [USF-XSim-96] XSim completed. Design snapshot 'tb_pipeline_behav' loaded.
INFO: [USF-XSim-97] XSim simulation ran for 1000ns
launch_simulation: Time (s): cpu = 00:00:03 ; elapsed = 00:00:07 . Memory (MB): peak = 1262.102 ; gain = 0.000
add_wave {{/tb_pipeline/uut_tm/regs}} {{/tb_pipeline/uut_tm/u1_inst}} {{/tb_pipeline/uut_tm/v1_inst}} {{/tb_pipeline/uut_tm/u1_pc}} {{/tb_pipeline/uut_tm/v1_pc}} {{/tb_pipeline/uut_tm/u2_rs1_data}} {{/tb_pipeline/uut_tm/u2_rs2_data}} 
save_wave_config {D:/GitHub/Computer-Organization-Project/pipelineCPU/tb_pipeline_behav.wcfg}
close_sim
INFO: [Simtcl 6-16] Simulation closed
launch_simulation
INFO: [Vivado 12-5698] Checking validity of IPs in the design for the 'XSim' simulator...
INFO: [Vivado 12-5682] Launching behavioral simulation in 'D:/GitHub/Computer-Organization-Project/pipelineCPU/pipelineCPU.sim/sim_1/behav/xsim'
INFO: [Vivado 12-4795] Using compiled simulation libraries for IPs
INFO: [SIM-utils-51] Simulation object is 'sim_1'
INFO: [USF-XSim-7] Finding pre-compiled libraries...
INFO: [USF-XSim-11] File 'D:/Xilinx/Vivado/2017.4/data/xsim/ip/xsim_ip.ini' copied to run dir:'D:/GitHub/Computer-Organization-Project/pipelineCPU/pipelineCPU.sim/sim_1/behav/xsim'
INFO: [SIM-utils-54] Inspecting design source files for 'tb_pipeline' in fileset 'sim_1'...
INFO: [SIM-utils-43] Exported 'D:/GitHub/Computer-Organization-Project/pipelineCPU/pipelineCPU.sim/sim_1/behav/xsim/pgrom.mif'
INFO: [SIM-utils-43] Exported 'D:/GitHub/Computer-Organization-Project/pipelineCPU/pipelineCPU.sim/sim_1/behav/xsim/test1ROM.coe'
INFO: [USF-XSim-97] Finding global include files...
INFO: [USF-XSim-98] Fetching design files from 'sim_1'...
INFO: [USF-XSim-2] XSim::Compile design
INFO: [USF-XSim-61] Executing 'COMPILE and ANALYZE' step in 'D:/GitHub/Computer-Organization-Project/pipelineCPU/pipelineCPU.sim/sim_1/behav/xsim'
"xvlog --incr --relax -L xil_defaultlib -prj tb_pipeline_vlog.prj"
INFO: [USF-XSim-69] 'compile' step finished in '1' seconds
INFO: [USF-XSim-3] XSim::Elaborate design
INFO: [USF-XSim-61] Executing 'ELABORATE' step in 'D:/GitHub/Computer-Organization-Project/pipelineCPU/pipelineCPU.sim/sim_1/behav/xsim'
Vivado Simulator 2017.4
Copyright 1986-1999, 2001-2016 Xilinx, Inc. All Rights Reserved.
Running: D:/Xilinx/Vivado/2017.4/bin/unwrapped/win64.o/xelab.exe -wto 374ad2d08ccb4635b2dbbca0a3224143 --incr --debug typical --relax --mt 2 -L blk_mem_gen_v8_4_1 -L xil_defaultlib -L unisims_ver -L unimacro_ver -L secureip -L xpm --snapshot tb_pipeline_behav xil_defaultlib.tb_pipeline xil_defaultlib.glbl -log elaborate.log 
Using 2 slave threads.
Starting static elaboration
WARNING: [VRFC 10-278] actual bit length 32 differs from formal bit length 4 for port wea [D:/GitHub/Computer-Organization-Project/pipelineCPU/pipelineCPU.srcs/sources_1/new/MEM.v:68]
WARNING: [VRFC 10-1783] select index 62 into current_contents is out of bounds [/wrk/2017.4/nightly/2017_12_15_2086221/packages/customer/vivado/data/ip/xilinx/blk_mem_gen_v8_4/simulation/blk_mem_gen_v8_4.v:2420]
Completed static elaboration
INFO: [XSIM 43-4323] No Change in HDL. Linking previously generated obj files to create kernel
INFO: [USF-XSim-69] 'elaborate' step finished in '1' seconds
INFO: [USF-XSim-4] XSim::Simulate design
INFO: [USF-XSim-61] Executing 'SIMULATE' step in 'D:/GitHub/Computer-Organization-Project/pipelineCPU/pipelineCPU.sim/sim_1/behav/xsim'
INFO: [USF-XSim-98] *** Running xsim
   with args "tb_pipeline_behav -key {Behavioral:sim_1:Functional:tb_pipeline} -tclbatch {tb_pipeline.tcl} -view {D:/GitHub/Computer-Organization-Project/pipelineCPU/tb_pipeline_behav.wcfg} -log {simulate.log}"
INFO: [USF-XSim-8] Loading simulator feature
Vivado Simulator 2017.4
Time resolution is 1 ps
open_wave_config D:/GitHub/Computer-Organization-Project/pipelineCPU/tb_pipeline_behav.wcfg
source tb_pipeline.tcl
# set curr_wave [current_wave_config]
# if { [string length $curr_wave] == 0 } {
#   if { [llength [get_objects]] > 0} {
#     add_wave /
#     set_property needs_save false [current_wave_config]
#   } else {
#      send_msg_id Add_Wave-1 WARNING "No top level signals found. Simulator will start without a wave window. If you want to open a wave window go to 'File->New Waveform Configuration' or type 'create_wave_config' in the TCL console."
#   }
# }
# run 1000ns
 Block Memory Generator module loading initial data...
 Block Memory Generator data initialization complete.
Block Memory Generator module tb_pipeline.uut_tm.if_uut.urom.inst.native_mem_module.blk_mem_gen_v8_4_1_inst is using a behavioral model for simulation which will not precisely model memory collision behavior.
Block Memory Generator module tb_pipeline.uut_tm.mem_uut.udram.inst.native_mem_module.blk_mem_gen_v8_4_1_inst is using a behavioral model for simulation which will not precisely model memory collision behavior.
INFO: [USF-XSim-96] XSim completed. Design snapshot 'tb_pipeline_behav' loaded.
INFO: [USF-XSim-97] XSim simulation ran for 1000ns
reset_run synth_1
WARNING: [Vivado 12-1017] Problems encountered:
1. Failed to delete one or more files in run directory D:/GitHub/Computer-Organization-Project/pipelineCPU/pipelineCPU.runs/synth_1

launch_runs impl_1 -to_step write_bitstream -jobs 4
[Thu May 15 22:16:53 2025] Launched synth_1...
Run output will be captured here: D:/GitHub/Computer-Organization-Project/pipelineCPU/pipelineCPU.runs/synth_1/runme.log
[Thu May 15 22:16:53 2025] Launched impl_1...
Run output will be captured here: D:/GitHub/Computer-Organization-Project/pipelineCPU/pipelineCPU.runs/impl_1/runme.log
WARNING: [IP_Flow 19-4067] Ignoring invalid widget type specified checkbox.Providing a default widget
WARNING: [IP_Flow 19-4067] Ignoring invalid widget type specified checkbox.Providing a default widget
WARNING: [IP_Flow 19-4067] Ignoring invalid widget type specified checkbox.Providing a default widget
WARNING: [IP_Flow 19-4067] Ignoring invalid widget type specified checkbox.Providing a default widget
set_property -dict [list CONFIG.Coe_File {D:/GitHub/Computer-Organization-Project/CPU/CPU.srcs/sources_1/ip/prgrom/test9ROM.coe}] [get_ips pgrom]
INFO: [IP_Flow 19-3484] Absolute path of file 'd:/GitHub/Computer-Organization-Project/CPU/CPU.srcs/sources_1/ip/prgrom/test9ROM.coe' provided. It will be converted relative to IP Instance files '../../../../../CPU/CPU.srcs/sources_1/ip/prgrom/test9ROM.coe'
generate_target all [get_files  D:/GitHub/Computer-Organization-Project/pipelineCPU/pipelineCPU.srcs/sources_1/ip/pgrom/pgrom.xci]
INFO: [IP_Flow 19-1686] Generating 'Instantiation Template' target for IP 'pgrom'...
INFO: [IP_Flow 19-1686] Generating 'Synthesis' target for IP 'pgrom'...
INFO: [IP_Flow 19-1686] Generating 'Simulation' target for IP 'pgrom'...
INFO: [IP_Flow 19-1686] Generating 'Miscellaneous' target for IP 'pgrom'...
INFO: [IP_Flow 19-1686] Generating 'Change Log' target for IP 'pgrom'...
catch { config_ip_cache -export [get_ips -all pgrom] }
export_ip_user_files -of_objects [get_files D:/GitHub/Computer-Organization-Project/pipelineCPU/pipelineCPU.srcs/sources_1/ip/pgrom/pgrom.xci] -no_script -sync -force -quiet
reset_run pgrom_synth_1
WARNING: [Vivado 12-1017] Problems encountered:
1. Failed to delete one or more files in run directory D:/GitHub/Computer-Organization-Project/pipelineCPU/pipelineCPU.runs/pgrom_synth_1

launch_runs -jobs 4 pgrom_synth_1
[Thu May 15 22:20:18 2025] Launched pgrom_synth_1...
Run output will be captured here: D:/GitHub/Computer-Organization-Project/pipelineCPU/pipelineCPU.runs/pgrom_synth_1/runme.log
export_simulation -of_objects [get_files D:/GitHub/Computer-Organization-Project/pipelineCPU/pipelineCPU.srcs/sources_1/ip/pgrom/pgrom.xci] -directory D:/GitHub/Computer-Organization-Project/pipelineCPU/pipelineCPU.ip_user_files/sim_scripts -ip_user_files_dir D:/GitHub/Computer-Organization-Project/pipelineCPU/pipelineCPU.ip_user_files -ipstatic_source_dir D:/GitHub/Computer-Organization-Project/pipelineCPU/pipelineCPU.ip_user_files/ipstatic -lib_map_path [list {modelsim=D:/GitHub/Computer-Organization-Project/pipelineCPU/pipelineCPU.cache/compile_simlib/modelsim} {questa=D:/GitHub/Computer-Organization-Project/pipelineCPU/pipelineCPU.cache/compile_simlib/questa} {riviera=D:/GitHub/Computer-Organization-Project/pipelineCPU/pipelineCPU.cache/compile_simlib/riviera} {activehdl=D:/GitHub/Computer-Organization-Project/pipelineCPU/pipelineCPU.cache/compile_simlib/activehdl}] -use_ip_compiled_libs -force -quiet
close_sim
INFO: [Simtcl 6-16] Simulation closed
launch_simulation
INFO: [Vivado 12-5698] Checking validity of IPs in the design for the 'XSim' simulator...
INFO: [Vivado 12-5682] Launching behavioral simulation in 'D:/GitHub/Computer-Organization-Project/pipelineCPU/pipelineCPU.sim/sim_1/behav/xsim'
INFO: [Vivado 12-4795] Using compiled simulation libraries for IPs
INFO: [SIM-utils-51] Simulation object is 'sim_1'
INFO: [USF-XSim-7] Finding pre-compiled libraries...
INFO: [USF-XSim-11] File 'D:/Xilinx/Vivado/2017.4/data/xsim/ip/xsim_ip.ini' copied to run dir:'D:/GitHub/Computer-Organization-Project/pipelineCPU/pipelineCPU.sim/sim_1/behav/xsim'
INFO: [SIM-utils-54] Inspecting design source files for 'tb_pipeline' in fileset 'sim_1'...
INFO: [SIM-utils-43] Exported 'D:/GitHub/Computer-Organization-Project/pipelineCPU/pipelineCPU.sim/sim_1/behav/xsim/pgrom.mif'
INFO: [SIM-utils-43] Exported 'D:/GitHub/Computer-Organization-Project/pipelineCPU/pipelineCPU.sim/sim_1/behav/xsim/test9ROM.coe'
INFO: [SIM-utils-43] Exported 'D:/GitHub/Computer-Organization-Project/pipelineCPU/pipelineCPU.sim/sim_1/behav/xsim/test1ROM.coe'
INFO: [USF-XSim-97] Finding global include files...
INFO: [USF-XSim-98] Fetching design files from 'sim_1'...
INFO: [USF-XSim-2] XSim::Compile design
INFO: [USF-XSim-61] Executing 'COMPILE and ANALYZE' step in 'D:/GitHub/Computer-Organization-Project/pipelineCPU/pipelineCPU.sim/sim_1/behav/xsim'
"xvlog --incr --relax -L xil_defaultlib -prj tb_pipeline_vlog.prj"
INFO: [VRFC 10-2263] Analyzing Verilog file "D:/GitHub/Computer-Organization-Project/pipelineCPU/pipelineCPU.srcs/sources_1/ip/pgram/sim/pgram.v" into library xil_defaultlib
INFO: [VRFC 10-311] analyzing module pgram
INFO: [VRFC 10-2263] Analyzing Verilog file "D:/GitHub/Computer-Organization-Project/pipelineCPU/pipelineCPU.srcs/sources_1/ip/pgrom/sim/pgrom.v" into library xil_defaultlib
INFO: [VRFC 10-311] analyzing module pgrom
INFO: [VRFC 10-2263] Analyzing Verilog file "D:/GitHub/Computer-Organization-Project/pipelineCPU/pipelineCPU.srcs/sources_1/new/ClockDivider.v" into library xil_defaultlib
INFO: [VRFC 10-311] analyzing module ClockDivider
INFO: [VRFC 10-2263] Analyzing Verilog file "D:/GitHub/Computer-Organization-Project/pipelineCPU/pipelineCPU.srcs/sources_1/new/EXE.v" into library xil_defaultlib
INFO: [VRFC 10-311] analyzing module EXE
INFO: [VRFC 10-2263] Analyzing Verilog file "D:/GitHub/Computer-Organization-Project/pipelineCPU/pipelineCPU.srcs/sources_1/new/HarzardDetection.v" into library xil_defaultlib
INFO: [VRFC 10-311] analyzing module HarzardDetection
INFO: [VRFC 10-2263] Analyzing Verilog file "D:/GitHub/Computer-Organization-Project/pipelineCPU/pipelineCPU.srcs/sources_1/new/IF.v" into library xil_defaultlib
INFO: [VRFC 10-311] analyzing module IF
INFO: [VRFC 10-2263] Analyzing Verilog file "D:/GitHub/Computer-Organization-Project/pipelineCPU/pipelineCPU.srcs/sources_1/new/InputModule.v" into library xil_defaultlib
INFO: [VRFC 10-311] analyzing module InputModule
INFO: [VRFC 10-2263] Analyzing Verilog file "D:/GitHub/Computer-Organization-Project/pipelineCPU/pipelineCPU.srcs/sources_1/new/MEM.v" into library xil_defaultlib
INFO: [VRFC 10-311] analyzing module MEM
INFO: [VRFC 10-2263] Analyzing Verilog file "D:/GitHub/Computer-Organization-Project/pipelineCPU/pipelineCPU.srcs/sources_1/new/OutputModule.v" into library xil_defaultlib
INFO: [VRFC 10-311] analyzing module OutputModule
INFO: [VRFC 10-2263] Analyzing Verilog file "D:/GitHub/Computer-Organization-Project/pipelineCPU/pipelineCPU.srcs/sources_1/new/SegDisplay.v" into library xil_defaultlib
INFO: [VRFC 10-311] analyzing module SegDisplay
INFO: [VRFC 10-2263] Analyzing Verilog file "D:/GitHub/Computer-Organization-Project/pipelineCPU/pipelineCPU.srcs/sources_1/new/SegGenerator.v" into library xil_defaultlib
INFO: [VRFC 10-311] analyzing module SegGenerator
INFO: [VRFC 10-2263] Analyzing SystemVerilog file "D:/GitHub/Computer-Organization-Project/pipelineCPU/pipelineCPU.srcs/sources_1/new/ID.v" into library xil_defaultlib
INFO: [VRFC 10-311] analyzing module ID
INFO: [VRFC 10-2263] Analyzing SystemVerilog file "D:/GitHub/Computer-Organization-Project/pipelineCPU/pipelineCPU.srcs/sources_1/new/WB.v" into library xil_defaultlib
INFO: [VRFC 10-311] analyzing module WB
INFO: [VRFC 10-2263] Analyzing SystemVerilog file "D:/GitHub/Computer-Organization-Project/pipelineCPU/pipelineCPU.srcs/sources_1/new/top_module.v" into library xil_defaultlib
INFO: [VRFC 10-311] analyzing module top_module
INFO: [USF-XSim-69] 'compile' step finished in '1' seconds
INFO: [USF-XSim-3] XSim::Elaborate design
INFO: [USF-XSim-61] Executing 'ELABORATE' step in 'D:/GitHub/Computer-Organization-Project/pipelineCPU/pipelineCPU.sim/sim_1/behav/xsim'
Vivado Simulator 2017.4
Copyright 1986-1999, 2001-2016 Xilinx, Inc. All Rights Reserved.
Running: D:/Xilinx/Vivado/2017.4/bin/unwrapped/win64.o/xelab.exe -wto 374ad2d08ccb4635b2dbbca0a3224143 --incr --debug typical --relax --mt 2 -L blk_mem_gen_v8_4_1 -L xil_defaultlib -L unisims_ver -L unimacro_ver -L secureip -L xpm --snapshot tb_pipeline_behav xil_defaultlib.tb_pipeline xil_defaultlib.glbl -log elaborate.log 
Using 2 slave threads.
Starting static elaboration
WARNING: [VRFC 10-278] actual bit length 32 differs from formal bit length 4 for port wea [D:/GitHub/Computer-Organization-Project/pipelineCPU/pipelineCPU.srcs/sources_1/new/MEM.v:68]
WARNING: [VRFC 10-1783] select index 62 into current_contents is out of bounds [/wrk/2017.4/nightly/2017_12_15_2086221/packages/customer/vivado/data/ip/xilinx/blk_mem_gen_v8_4/simulation/blk_mem_gen_v8_4.v:2420]
Completed static elaboration
Starting simulation data flow analysis
WARNING: [XSIM 43-4100] "D:/GitHub/Computer-Organization-Project/pipelineCPU/pipelineCPU.srcs/sources_1/new/top_module.v" Line 3. Module top_module has a timescale but at least one module in design doesn't have timescale.
WARNING: [XSIM 43-4100] "D:/GitHub/Computer-Organization-Project/pipelineCPU/pipelineCPU.srcs/sources_1/new/ClockDivider.v" Line 1. Module ClockDivider has a timescale but at least one module in design doesn't have timescale.
WARNING: [XSIM 43-4100] "D:/GitHub/Computer-Organization-Project/pipelineCPU/pipelineCPU.srcs/sources_1/new/ClockDivider.v" Line 1. Module ClockDivider has a timescale but at least one module in design doesn't have timescale.
WARNING: [XSIM 43-4100] "D:/GitHub/Computer-Organization-Project/pipelineCPU/pipelineCPU.srcs/sources_1/new/HarzardDetection.v" Line 3. Module HarzardDetection has a timescale but at least one module in design doesn't have timescale.
WARNING: [XSIM 43-4100] "D:/GitHub/Computer-Organization-Project/pipelineCPU/pipelineCPU.srcs/sources_1/new/IF.v" Line 23. Module IF has a timescale but at least one module in design doesn't have timescale.
WARNING: [XSIM 43-4100] "D:/GitHub/Computer-Organization-Project/pipelineCPU/pipelineCPU.srcs/sources_1/ip/pgrom/sim/pgrom.v" Line 55. Module pgrom has a timescale but at least one module in design doesn't have timescale.
WARNING: [XSIM 43-4100] "/wrk/2017.4/nightly/2017_12_15_2086221/packages/customer/vivado/data/ip/xilinx/blk_mem_gen_v8_4/simulation/blk_mem_gen_v8_4.v" Line 3412. Module blk_mem_gen_v8_4_1(C_FAMILY="artix7",C_XDEVICEFAMILY="artix7",C_ELABORATION_DIR="./",C_AXI_TYPE=1,C_MEM_TYPE=3,C_PRIM_TYPE=1,C_LOAD_INIT_FILE=1,C_INIT_FILE_NAME="pgrom.mif",C_INIT_FILE="pgrom.mem",C_HAS_ENA=0,C_WRITE_DEPTH_A=16384,C_READ_DEPTH_A=16384,C_ADDRA_WIDTH=14,C_INITB_VAL="0",C_HAS_ENB=0,C_WRITE_DEPTH_B=16384,C_READ_DEPTH_B=16384,C_ADDRB_WIDTH=14,C_SIM_COLLISION_CHECK="ALL",C_COMMON_CLK=0,C_COUNT_36K_BRAM="14",C_COUNT_18K_BRAM="1",C_EST_POWER_SUMMARY="Estimated_Power_for_IP_____:_____12.7204_mW") has a timescale but at least one module in design doesn't have timescale.
WARNING: [XSIM 43-4100] "/wrk/2017.4/nightly/2017_12_15_2086221/packages/customer/vivado/data/ip/xilinx/blk_mem_gen_v8_4/simulation/blk_mem_gen_v8_4.v" Line 1951. Module blk_mem_gen_v8_4_1_mem_module(C_FAMILY="artix7",C_XDEVICEFAMILY="artix7",C_MEM_TYPE=3,C_PRIM_TYPE=1,C_LOAD_INIT_FILE=1,C_INIT_FILE_NAME="pgrom.mif",C_INIT_FILE="pgrom.mem",C_HAS_ENA=0,C_WRITE_DEPTH_A=16384,C_READ_DEPTH_A=16384,C_ADDRA_WIDTH=14,C_INITB_VAL="0",C_HAS_ENB=0,C_WRITE_DEPTH_B=16384,C_READ_DEPTH_B=16384,C_ADDRB_WIDTH=14,C_SIM_COLLISION_CHECK="ALL",C_COMMON_CLK=0) has a timescale but at least one module in design doesn't have timescale.
WARNING: [XSIM 43-4100] "/wrk/2017.4/nightly/2017_12_15_2086221/packages/customer/vivado/data/ip/xilinx/blk_mem_gen_v8_4/simulation/blk_mem_gen_v8_4.v" Line 1563. Module blk_mem_gen_v8_4_1_output_stage(C_FAMILY="artix7",C_XDEVICEFAMILY="artix7",C_ADDRB_WIDTH=14,NUM_STAGES=0) has a timescale but at least one module in design doesn't have timescale.
WARNING: [XSIM 43-4100] "/wrk/2017.4/nightly/2017_12_15_2086221/packages/customer/vivado/data/ip/xilinx/blk_mem_gen_v8_4/simulation/blk_mem_gen_v8_4.v" Line 1563. Module blk_mem_gen_v8_4_1_output_stage(C_FAMILY="artix7",C_XDEVICEFAMILY="artix7",C_ADDRB_WIDTH=14,NUM_STAGES=0) has a timescale but at least one module in design doesn't have timescale.
WARNING: [XSIM 43-4100] "/wrk/2017.4/nightly/2017_12_15_2086221/packages/customer/vivado/data/ip/xilinx/blk_mem_gen_v8_4/simulation/blk_mem_gen_v8_4.v" Line 1859. Module blk_mem_gen_v8_4_1_softecc_output_reg_stage(C_ADDRB_WIDTH=14) has a timescale but at least one module in design doesn't have timescale.
WARNING: [XSIM 43-4100] "D:/GitHub/Computer-Organization-Project/pipelineCPU/pipelineCPU.srcs/sources_1/new/ID.v" Line 23. Module ID has a timescale but at least one module in design doesn't have timescale.
WARNING: [XSIM 43-4100] "D:/GitHub/Computer-Organization-Project/pipelineCPU/pipelineCPU.srcs/sources_1/new/EXE.v" Line 23. Module EXE has a timescale but at least one module in design doesn't have timescale.
WARNING: [XSIM 43-4100] "D:/GitHub/Computer-Organization-Project/pipelineCPU/pipelineCPU.srcs/sources_1/new/MEM.v" Line 23. Module MEM has a timescale but at least one module in design doesn't have timescale.
WARNING: [XSIM 43-4100] "D:/GitHub/Computer-Organization-Project/pipelineCPU/pipelineCPU.srcs/sources_1/ip/pgram/sim/pgram.v" Line 55. Module pgram has a timescale but at least one module in design doesn't have timescale.
WARNING: [XSIM 43-4100] "/wrk/2017.4/nightly/2017_12_15_2086221/packages/customer/vivado/data/ip/xilinx/blk_mem_gen_v8_4/simulation/blk_mem_gen_v8_4.v" Line 3412. Module blk_mem_gen_v8_4_1(C_FAMILY="artix7",C_XDEVICEFAMILY="artix7",C_ELABORATION_DIR="./",C_AXI_TYPE=1,C_MEM_TYPE=0,C_BYTE_SIZE=8,C_PRIM_TYPE=1,C_INIT_FILE_NAME="no_coe_file_loaded",C_INIT_FILE="pgram.mem",C_HAS_ENA=0,C_USE_BYTE_WEA=1,C_WEA_WIDTH=4,C_WRITE_DEPTH_A=16384,C_READ_DEPTH_A=16384,C_ADDRA_WIDTH=14,C_INITB_VAL="0",C_HAS_ENB=0,C_USE_BYTE_WEB=1,C_WEB_WIDTH=4,C_WRITE_DEPTH_B=16384,C_READ_DEPTH_B=16384,C_ADDRB_WIDTH=14,C_SIM_COLLISION_CHECK="ALL",C_COMMON_CLK=0,C_COUNT_36K_BRAM="16",C_COUNT_18K_BRAM="0",C_EST_POWER_SUMMARY="Estimated_Power_for_IP_____:_____10.194_mW") has a timescale but at least one module in design doesn't have timescale.
WARNING: [XSIM 43-4100] "/wrk/2017.4/nightly/2017_12_15_2086221/packages/customer/vivado/data/ip/xilinx/blk_mem_gen_v8_4/simulation/blk_mem_gen_v8_4.v" Line 1951. Module blk_mem_gen_v8_4_1_mem_module(C_FAMILY="artix7",C_XDEVICEFAMILY="artix7",C_MEM_TYPE=0,C_BYTE_SIZE=8,C_PRIM_TYPE=1,C_INIT_FILE_NAME="no_coe_file_loaded",C_INIT_FILE="pgram.mem",C_HAS_ENA=0,C_USE_BYTE_WEA=1,C_WEA_WIDTH=4,C_WRITE_DEPTH_A=16384,C_READ_DEPTH_A=16384,C_ADDRA_WIDTH=14,C_INITB_VAL="0",C_HAS_ENB=0,C_USE_BYTE_WEB=1,C_WEB_WIDTH=4,C_WRITE_DEPTH_B=16384,C_READ_DEPTH_B=16384,C_ADDRB_WIDTH=14,C_SIM_COLLISION_CHECK="ALL",C_COMMON_CLK=0) has a timescale but at least one module in design doesn't have timescale.
WARNING: [XSIM 43-4100] "/wrk/2017.4/nightly/2017_12_15_2086221/packages/customer/vivado/data/ip/xilinx/blk_mem_gen_v8_4/simulation/blk_mem_gen_v8_4.v" Line 1563. Module blk_mem_gen_v8_4_1_output_stage(C_FAMILY="artix7",C_XDEVICEFAMILY="artix7",C_ADDRB_WIDTH=14,NUM_STAGES=0) has a timescale but at least one module in design doesn't have timescale.
WARNING: [XSIM 43-4100] "/wrk/2017.4/nightly/2017_12_15_2086221/packages/customer/vivado/data/ip/xilinx/blk_mem_gen_v8_4/simulation/blk_mem_gen_v8_4.v" Line 1563. Module blk_mem_gen_v8_4_1_output_stage(C_FAMILY="artix7",C_XDEVICEFAMILY="artix7",C_ADDRB_WIDTH=14,NUM_STAGES=0) has a timescale but at least one module in design doesn't have timescale.
WARNING: [XSIM 43-4100] "/wrk/2017.4/nightly/2017_12_15_2086221/packages/customer/vivado/data/ip/xilinx/blk_mem_gen_v8_4/simulation/blk_mem_gen_v8_4.v" Line 1859. Module blk_mem_gen_v8_4_1_softecc_output_reg_stage(C_ADDRB_WIDTH=14) has a timescale but at least one module in design doesn't have timescale.
WARNING: [XSIM 43-4100] "D:/GitHub/Computer-Organization-Project/pipelineCPU/pipelineCPU.srcs/sources_1/new/WB.v" Line 1. Module WB has a timescale but at least one module in design doesn't have timescale.
WARNING: [XSIM 43-4100] "D:/GitHub/Computer-Organization-Project/pipelineCPU/pipelineCPU.srcs/sources_1/new/InputModule.v" Line 3. Module InputModule has a timescale but at least one module in design doesn't have timescale.
WARNING: [XSIM 43-4100] "D:/GitHub/Computer-Organization-Project/pipelineCPU/pipelineCPU.srcs/sources_1/new/OutputModule.v" Line 1. Module OutputModule has a timescale but at least one module in design doesn't have timescale.
WARNING: [XSIM 43-4100] "D:/GitHub/Computer-Organization-Project/pipelineCPU/pipelineCPU.srcs/sources_1/new/SegGenerator.v" Line 1. Module SegGenerator has a timescale but at least one module in design doesn't have timescale.
WARNING: [XSIM 43-4100] "D:/GitHub/Computer-Organization-Project/pipelineCPU/pipelineCPU.srcs/sources_1/new/ClockDivider.v" Line 1. Module ClockDivider has a timescale but at least one module in design doesn't have timescale.
WARNING: [XSIM 43-4100] "D:/GitHub/Computer-Organization-Project/pipelineCPU/pipelineCPU.srcs/sources_1/new/SegDisplay.v" Line 1. Module SegDisplay has a timescale but at least one module in design doesn't have timescale.
WARNING: [XSIM 43-4100] "D:/GitHub/Computer-Organization-Project/pipelineCPU/pipelineCPU.sim/sim_1/behav/xsim/glbl.v" Line 6. Module glbl has a timescale but at least one module in design doesn't have timescale.
Completed simulation data flow analysis
Time Resolution for simulation is 1ps
Compiling module xil_defaultlib.ClockDivider
Compiling module xil_defaultlib.HarzardDetection
Compiling module blk_mem_gen_v8_4_1.blk_mem_gen_v8_4_1_output_stage(...
Compiling module blk_mem_gen_v8_4_1.blk_mem_gen_v8_4_1_softecc_outpu...
Compiling module blk_mem_gen_v8_4_1.blk_mem_gen_v8_4_1_mem_module(C_...
Compiling module blk_mem_gen_v8_4_1.blk_mem_gen_v8_4_1(C_FAMILY="art...
Compiling module xil_defaultlib.pgrom
Compiling module xil_defaultlib.IF
Compiling module xil_defaultlib.ID
Compiling module xil_defaultlib.EXE
Compiling module blk_mem_gen_v8_4_1.blk_mem_gen_v8_4_1_mem_module(C_...
Compiling module blk_mem_gen_v8_4_1.blk_mem_gen_v8_4_1(C_FAMILY="art...
Compiling module xil_defaultlib.pgram
Compiling module xil_defaultlib.MEM
Compiling module xil_defaultlib.WB
Compiling module xil_defaultlib.InputModule
Compiling module xil_defaultlib.SegGenerator
Compiling module xil_defaultlib.SegDisplay
Compiling module xil_defaultlib.OutputModule
Compiling module xil_defaultlib.top_module
Compiling module xil_defaultlib.tb_pipeline
Compiling module xil_defaultlib.glbl
Built simulation snapshot tb_pipeline_behav
INFO: [USF-XSim-69] 'elaborate' step finished in '3' seconds
INFO: [USF-XSim-4] XSim::Simulate design
INFO: [USF-XSim-61] Executing 'SIMULATE' step in 'D:/GitHub/Computer-Organization-Project/pipelineCPU/pipelineCPU.sim/sim_1/behav/xsim'
INFO: [USF-XSim-98] *** Running xsim
   with args "tb_pipeline_behav -key {Behavioral:sim_1:Functional:tb_pipeline} -tclbatch {tb_pipeline.tcl} -view {D:/GitHub/Computer-Organization-Project/pipelineCPU/tb_pipeline_behav.wcfg} -log {simulate.log}"
INFO: [USF-XSim-8] Loading simulator feature
Vivado Simulator 2017.4
Time resolution is 1 ps
open_wave_config D:/GitHub/Computer-Organization-Project/pipelineCPU/tb_pipeline_behav.wcfg
source tb_pipeline.tcl
# set curr_wave [current_wave_config]
# if { [string length $curr_wave] == 0 } {
#   if { [llength [get_objects]] > 0} {
#     add_wave /
#     set_property needs_save false [current_wave_config]
#   } else {
#      send_msg_id Add_Wave-1 WARNING "No top level signals found. Simulator will start without a wave window. If you want to open a wave window go to 'File->New Waveform Configuration' or type 'create_wave_config' in the TCL console."
#   }
# }
# run 1000ns
 Block Memory Generator module loading initial data...
 Block Memory Generator data initialization complete.
Block Memory Generator module tb_pipeline.uut_tm.if_uut.urom.inst.native_mem_module.blk_mem_gen_v8_4_1_inst is using a behavioral model for simulation which will not precisely model memory collision behavior.
Block Memory Generator module tb_pipeline.uut_tm.mem_uut.udram.inst.native_mem_module.blk_mem_gen_v8_4_1_inst is using a behavioral model for simulation which will not precisely model memory collision behavior.
INFO: [USF-XSim-96] XSim completed. Design snapshot 'tb_pipeline_behav' loaded.
INFO: [USF-XSim-97] XSim simulation ran for 1000ns
launch_simulation: Time (s): cpu = 00:00:02 ; elapsed = 00:00:07 . Memory (MB): peak = 1276.840 ; gain = 0.000
add_wave {{/tb_pipeline/uut_tm/wb_uut/alu_result}} 
save_wave_config {D:/GitHub/Computer-Organization-Project/pipelineCPU/tb_pipeline_behav.wcfg}
close_sim
INFO: [Simtcl 6-16] Simulation closed
launch_simulation
INFO: [Vivado 12-5698] Checking validity of IPs in the design for the 'XSim' simulator...
INFO: [Vivado 12-5682] Launching behavioral simulation in 'D:/GitHub/Computer-Organization-Project/pipelineCPU/pipelineCPU.sim/sim_1/behav/xsim'
INFO: [Vivado 12-4795] Using compiled simulation libraries for IPs
INFO: [SIM-utils-51] Simulation object is 'sim_1'
INFO: [USF-XSim-7] Finding pre-compiled libraries...
INFO: [USF-XSim-11] File 'D:/Xilinx/Vivado/2017.4/data/xsim/ip/xsim_ip.ini' copied to run dir:'D:/GitHub/Computer-Organization-Project/pipelineCPU/pipelineCPU.sim/sim_1/behav/xsim'
INFO: [SIM-utils-54] Inspecting design source files for 'tb_pipeline' in fileset 'sim_1'...
INFO: [SIM-utils-43] Exported 'D:/GitHub/Computer-Organization-Project/pipelineCPU/pipelineCPU.sim/sim_1/behav/xsim/pgrom.mif'
INFO: [SIM-utils-43] Exported 'D:/GitHub/Computer-Organization-Project/pipelineCPU/pipelineCPU.sim/sim_1/behav/xsim/test9ROM.coe'
INFO: [SIM-utils-43] Exported 'D:/GitHub/Computer-Organization-Project/pipelineCPU/pipelineCPU.sim/sim_1/behav/xsim/test1ROM.coe'
INFO: [USF-XSim-97] Finding global include files...
INFO: [USF-XSim-98] Fetching design files from 'sim_1'...
INFO: [USF-XSim-2] XSim::Compile design
INFO: [USF-XSim-61] Executing 'COMPILE and ANALYZE' step in 'D:/GitHub/Computer-Organization-Project/pipelineCPU/pipelineCPU.sim/sim_1/behav/xsim'
"xvlog --incr --relax -L xil_defaultlib -prj tb_pipeline_vlog.prj"
INFO: [USF-XSim-69] 'compile' step finished in '1' seconds
INFO: [USF-XSim-3] XSim::Elaborate design
INFO: [USF-XSim-61] Executing 'ELABORATE' step in 'D:/GitHub/Computer-Organization-Project/pipelineCPU/pipelineCPU.sim/sim_1/behav/xsim'
Vivado Simulator 2017.4
Copyright 1986-1999, 2001-2016 Xilinx, Inc. All Rights Reserved.
Running: D:/Xilinx/Vivado/2017.4/bin/unwrapped/win64.o/xelab.exe -wto 374ad2d08ccb4635b2dbbca0a3224143 --incr --debug typical --relax --mt 2 -L blk_mem_gen_v8_4_1 -L xil_defaultlib -L unisims_ver -L unimacro_ver -L secureip -L xpm --snapshot tb_pipeline_behav xil_defaultlib.tb_pipeline xil_defaultlib.glbl -log elaborate.log 
Using 2 slave threads.
Starting static elaboration
WARNING: [VRFC 10-278] actual bit length 32 differs from formal bit length 4 for port wea [D:/GitHub/Computer-Organization-Project/pipelineCPU/pipelineCPU.srcs/sources_1/new/MEM.v:68]
WARNING: [VRFC 10-1783] select index 62 into current_contents is out of bounds [/wrk/2017.4/nightly/2017_12_15_2086221/packages/customer/vivado/data/ip/xilinx/blk_mem_gen_v8_4/simulation/blk_mem_gen_v8_4.v:2420]
Completed static elaboration
INFO: [XSIM 43-4323] No Change in HDL. Linking previously generated obj files to create kernel
INFO: [USF-XSim-69] 'elaborate' step finished in '1' seconds
INFO: [USF-XSim-4] XSim::Simulate design
INFO: [USF-XSim-61] Executing 'SIMULATE' step in 'D:/GitHub/Computer-Organization-Project/pipelineCPU/pipelineCPU.sim/sim_1/behav/xsim'
INFO: [USF-XSim-98] *** Running xsim
   with args "tb_pipeline_behav -key {Behavioral:sim_1:Functional:tb_pipeline} -tclbatch {tb_pipeline.tcl} -view {D:/GitHub/Computer-Organization-Project/pipelineCPU/tb_pipeline_behav.wcfg} -log {simulate.log}"
INFO: [USF-XSim-8] Loading simulator feature
Vivado Simulator 2017.4
Time resolution is 1 ps
open_wave_config D:/GitHub/Computer-Organization-Project/pipelineCPU/tb_pipeline_behav.wcfg
source tb_pipeline.tcl
# set curr_wave [current_wave_config]
# if { [string length $curr_wave] == 0 } {
#   if { [llength [get_objects]] > 0} {
#     add_wave /
#     set_property needs_save false [current_wave_config]
#   } else {
#      send_msg_id Add_Wave-1 WARNING "No top level signals found. Simulator will start without a wave window. If you want to open a wave window go to 'File->New Waveform Configuration' or type 'create_wave_config' in the TCL console."
#   }
# }
# run 1000ns
 Block Memory Generator module loading initial data...
 Block Memory Generator data initialization complete.
Block Memory Generator module tb_pipeline.uut_tm.if_uut.urom.inst.native_mem_module.blk_mem_gen_v8_4_1_inst is using a behavioral model for simulation which will not precisely model memory collision behavior.
Block Memory Generator module tb_pipeline.uut_tm.mem_uut.udram.inst.native_mem_module.blk_mem_gen_v8_4_1_inst is using a behavioral model for simulation which will not precisely model memory collision behavior.
INFO: [USF-XSim-96] XSim completed. Design snapshot 'tb_pipeline_behav' loaded.
INFO: [USF-XSim-97] XSim simulation ran for 1000ns
close_sim
INFO: [Simtcl 6-16] Simulation closed
launch_simulation
INFO: [Vivado 12-5698] Checking validity of IPs in the design for the 'XSim' simulator...
INFO: [Vivado 12-5682] Launching behavioral simulation in 'D:/GitHub/Computer-Organization-Project/pipelineCPU/pipelineCPU.sim/sim_1/behav/xsim'
INFO: [Vivado 12-4795] Using compiled simulation libraries for IPs
INFO: [SIM-utils-51] Simulation object is 'sim_1'
INFO: [USF-XSim-7] Finding pre-compiled libraries...
INFO: [USF-XSim-11] File 'D:/Xilinx/Vivado/2017.4/data/xsim/ip/xsim_ip.ini' copied to run dir:'D:/GitHub/Computer-Organization-Project/pipelineCPU/pipelineCPU.sim/sim_1/behav/xsim'
INFO: [SIM-utils-54] Inspecting design source files for 'tb_pipeline' in fileset 'sim_1'...
INFO: [SIM-utils-43] Exported 'D:/GitHub/Computer-Organization-Project/pipelineCPU/pipelineCPU.sim/sim_1/behav/xsim/pgrom.mif'
INFO: [SIM-utils-43] Exported 'D:/GitHub/Computer-Organization-Project/pipelineCPU/pipelineCPU.sim/sim_1/behav/xsim/test9ROM.coe'
INFO: [SIM-utils-43] Exported 'D:/GitHub/Computer-Organization-Project/pipelineCPU/pipelineCPU.sim/sim_1/behav/xsim/test1ROM.coe'
INFO: [USF-XSim-97] Finding global include files...
INFO: [USF-XSim-98] Fetching design files from 'sim_1'...
INFO: [USF-XSim-2] XSim::Compile design
INFO: [USF-XSim-61] Executing 'COMPILE and ANALYZE' step in 'D:/GitHub/Computer-Organization-Project/pipelineCPU/pipelineCPU.sim/sim_1/behav/xsim'
"xvlog --incr --relax -L xil_defaultlib -prj tb_pipeline_vlog.prj"
INFO: [VRFC 10-2263] Analyzing SystemVerilog file "D:/GitHub/Computer-Organization-Project/pipelineCPU/pipelineCPU.srcs/sources_1/new/ID.v" into library xil_defaultlib
INFO: [VRFC 10-311] analyzing module ID
INFO: [VRFC 10-2263] Analyzing SystemVerilog file "D:/GitHub/Computer-Organization-Project/pipelineCPU/pipelineCPU.srcs/sources_1/new/WB.v" into library xil_defaultlib
INFO: [VRFC 10-311] analyzing module WB
INFO: [VRFC 10-2263] Analyzing SystemVerilog file "D:/GitHub/Computer-Organization-Project/pipelineCPU/pipelineCPU.srcs/sources_1/new/top_module.v" into library xil_defaultlib
INFO: [VRFC 10-311] analyzing module top_module
INFO: [USF-XSim-69] 'compile' step finished in '1' seconds
INFO: [USF-XSim-3] XSim::Elaborate design
INFO: [USF-XSim-61] Executing 'ELABORATE' step in 'D:/GitHub/Computer-Organization-Project/pipelineCPU/pipelineCPU.sim/sim_1/behav/xsim'
Vivado Simulator 2017.4
Copyright 1986-1999, 2001-2016 Xilinx, Inc. All Rights Reserved.
Running: D:/Xilinx/Vivado/2017.4/bin/unwrapped/win64.o/xelab.exe -wto 374ad2d08ccb4635b2dbbca0a3224143 --incr --debug typical --relax --mt 2 -L blk_mem_gen_v8_4_1 -L xil_defaultlib -L unisims_ver -L unimacro_ver -L secureip -L xpm --snapshot tb_pipeline_behav xil_defaultlib.tb_pipeline xil_defaultlib.glbl -log elaborate.log 
Using 2 slave threads.
Starting static elaboration
WARNING: [VRFC 10-278] actual bit length 32 differs from formal bit length 4 for port wea [D:/GitHub/Computer-Organization-Project/pipelineCPU/pipelineCPU.srcs/sources_1/new/MEM.v:68]
WARNING: [VRFC 10-1783] select index 62 into current_contents is out of bounds [/wrk/2017.4/nightly/2017_12_15_2086221/packages/customer/vivado/data/ip/xilinx/blk_mem_gen_v8_4/simulation/blk_mem_gen_v8_4.v:2420]
Completed static elaboration
Starting simulation data flow analysis
WARNING: [XSIM 43-4100] "D:/GitHub/Computer-Organization-Project/pipelineCPU/pipelineCPU.srcs/sources_1/new/top_module.v" Line 3. Module top_module has a timescale but at least one module in design doesn't have timescale.
WARNING: [XSIM 43-4100] "D:/GitHub/Computer-Organization-Project/pipelineCPU/pipelineCPU.srcs/sources_1/new/ClockDivider.v" Line 1. Module ClockDivider has a timescale but at least one module in design doesn't have timescale.
WARNING: [XSIM 43-4100] "D:/GitHub/Computer-Organization-Project/pipelineCPU/pipelineCPU.srcs/sources_1/new/ClockDivider.v" Line 1. Module ClockDivider has a timescale but at least one module in design doesn't have timescale.
WARNING: [XSIM 43-4100] "D:/GitHub/Computer-Organization-Project/pipelineCPU/pipelineCPU.srcs/sources_1/new/HarzardDetection.v" Line 3. Module HarzardDetection has a timescale but at least one module in design doesn't have timescale.
WARNING: [XSIM 43-4100] "D:/GitHub/Computer-Organization-Project/pipelineCPU/pipelineCPU.srcs/sources_1/new/IF.v" Line 23. Module IF has a timescale but at least one module in design doesn't have timescale.
WARNING: [XSIM 43-4100] "D:/GitHub/Computer-Organization-Project/pipelineCPU/pipelineCPU.srcs/sources_1/ip/pgrom/sim/pgrom.v" Line 55. Module pgrom has a timescale but at least one module in design doesn't have timescale.
WARNING: [XSIM 43-4100] "/wrk/2017.4/nightly/2017_12_15_2086221/packages/customer/vivado/data/ip/xilinx/blk_mem_gen_v8_4/simulation/blk_mem_gen_v8_4.v" Line 3412. Module blk_mem_gen_v8_4_1(C_FAMILY="artix7",C_XDEVICEFAMILY="artix7",C_ELABORATION_DIR="./",C_AXI_TYPE=1,C_MEM_TYPE=3,C_PRIM_TYPE=1,C_LOAD_INIT_FILE=1,C_INIT_FILE_NAME="pgrom.mif",C_INIT_FILE="pgrom.mem",C_HAS_ENA=0,C_WRITE_DEPTH_A=16384,C_READ_DEPTH_A=16384,C_ADDRA_WIDTH=14,C_INITB_VAL="0",C_HAS_ENB=0,C_WRITE_DEPTH_B=16384,C_READ_DEPTH_B=16384,C_ADDRB_WIDTH=14,C_SIM_COLLISION_CHECK="ALL",C_COMMON_CLK=0,C_COUNT_36K_BRAM="14",C_COUNT_18K_BRAM="1",C_EST_POWER_SUMMARY="Estimated_Power_for_IP_____:_____12.7204_mW") has a timescale but at least one module in design doesn't have timescale.
WARNING: [XSIM 43-4100] "/wrk/2017.4/nightly/2017_12_15_2086221/packages/customer/vivado/data/ip/xilinx/blk_mem_gen_v8_4/simulation/blk_mem_gen_v8_4.v" Line 1951. Module blk_mem_gen_v8_4_1_mem_module(C_FAMILY="artix7",C_XDEVICEFAMILY="artix7",C_MEM_TYPE=3,C_PRIM_TYPE=1,C_LOAD_INIT_FILE=1,C_INIT_FILE_NAME="pgrom.mif",C_INIT_FILE="pgrom.mem",C_HAS_ENA=0,C_WRITE_DEPTH_A=16384,C_READ_DEPTH_A=16384,C_ADDRA_WIDTH=14,C_INITB_VAL="0",C_HAS_ENB=0,C_WRITE_DEPTH_B=16384,C_READ_DEPTH_B=16384,C_ADDRB_WIDTH=14,C_SIM_COLLISION_CHECK="ALL",C_COMMON_CLK=0) has a timescale but at least one module in design doesn't have timescale.
WARNING: [XSIM 43-4100] "/wrk/2017.4/nightly/2017_12_15_2086221/packages/customer/vivado/data/ip/xilinx/blk_mem_gen_v8_4/simulation/blk_mem_gen_v8_4.v" Line 1563. Module blk_mem_gen_v8_4_1_output_stage(C_FAMILY="artix7",C_XDEVICEFAMILY="artix7",C_ADDRB_WIDTH=14,NUM_STAGES=0) has a timescale but at least one module in design doesn't have timescale.
WARNING: [XSIM 43-4100] "/wrk/2017.4/nightly/2017_12_15_2086221/packages/customer/vivado/data/ip/xilinx/blk_mem_gen_v8_4/simulation/blk_mem_gen_v8_4.v" Line 1563. Module blk_mem_gen_v8_4_1_output_stage(C_FAMILY="artix7",C_XDEVICEFAMILY="artix7",C_ADDRB_WIDTH=14,NUM_STAGES=0) has a timescale but at least one module in design doesn't have timescale.
WARNING: [XSIM 43-4100] "/wrk/2017.4/nightly/2017_12_15_2086221/packages/customer/vivado/data/ip/xilinx/blk_mem_gen_v8_4/simulation/blk_mem_gen_v8_4.v" Line 1859. Module blk_mem_gen_v8_4_1_softecc_output_reg_stage(C_ADDRB_WIDTH=14) has a timescale but at least one module in design doesn't have timescale.
WARNING: [XSIM 43-4100] "D:/GitHub/Computer-Organization-Project/pipelineCPU/pipelineCPU.srcs/sources_1/new/ID.v" Line 23. Module ID has a timescale but at least one module in design doesn't have timescale.
WARNING: [XSIM 43-4100] "D:/GitHub/Computer-Organization-Project/pipelineCPU/pipelineCPU.srcs/sources_1/new/EXE.v" Line 23. Module EXE has a timescale but at least one module in design doesn't have timescale.
WARNING: [XSIM 43-4100] "D:/GitHub/Computer-Organization-Project/pipelineCPU/pipelineCPU.srcs/sources_1/new/MEM.v" Line 23. Module MEM has a timescale but at least one module in design doesn't have timescale.
WARNING: [XSIM 43-4100] "D:/GitHub/Computer-Organization-Project/pipelineCPU/pipelineCPU.srcs/sources_1/ip/pgram/sim/pgram.v" Line 55. Module pgram has a timescale but at least one module in design doesn't have timescale.
WARNING: [XSIM 43-4100] "/wrk/2017.4/nightly/2017_12_15_2086221/packages/customer/vivado/data/ip/xilinx/blk_mem_gen_v8_4/simulation/blk_mem_gen_v8_4.v" Line 3412. Module blk_mem_gen_v8_4_1(C_FAMILY="artix7",C_XDEVICEFAMILY="artix7",C_ELABORATION_DIR="./",C_AXI_TYPE=1,C_MEM_TYPE=0,C_BYTE_SIZE=8,C_PRIM_TYPE=1,C_INIT_FILE_NAME="no_coe_file_loaded",C_INIT_FILE="pgram.mem",C_HAS_ENA=0,C_USE_BYTE_WEA=1,C_WEA_WIDTH=4,C_WRITE_DEPTH_A=16384,C_READ_DEPTH_A=16384,C_ADDRA_WIDTH=14,C_INITB_VAL="0",C_HAS_ENB=0,C_USE_BYTE_WEB=1,C_WEB_WIDTH=4,C_WRITE_DEPTH_B=16384,C_READ_DEPTH_B=16384,C_ADDRB_WIDTH=14,C_SIM_COLLISION_CHECK="ALL",C_COMMON_CLK=0,C_COUNT_36K_BRAM="16",C_COUNT_18K_BRAM="0",C_EST_POWER_SUMMARY="Estimated_Power_for_IP_____:_____10.194_mW") has a timescale but at least one module in design doesn't have timescale.
WARNING: [XSIM 43-4100] "/wrk/2017.4/nightly/2017_12_15_2086221/packages/customer/vivado/data/ip/xilinx/blk_mem_gen_v8_4/simulation/blk_mem_gen_v8_4.v" Line 1951. Module blk_mem_gen_v8_4_1_mem_module(C_FAMILY="artix7",C_XDEVICEFAMILY="artix7",C_MEM_TYPE=0,C_BYTE_SIZE=8,C_PRIM_TYPE=1,C_INIT_FILE_NAME="no_coe_file_loaded",C_INIT_FILE="pgram.mem",C_HAS_ENA=0,C_USE_BYTE_WEA=1,C_WEA_WIDTH=4,C_WRITE_DEPTH_A=16384,C_READ_DEPTH_A=16384,C_ADDRA_WIDTH=14,C_INITB_VAL="0",C_HAS_ENB=0,C_USE_BYTE_WEB=1,C_WEB_WIDTH=4,C_WRITE_DEPTH_B=16384,C_READ_DEPTH_B=16384,C_ADDRB_WIDTH=14,C_SIM_COLLISION_CHECK="ALL",C_COMMON_CLK=0) has a timescale but at least one module in design doesn't have timescale.
WARNING: [XSIM 43-4100] "/wrk/2017.4/nightly/2017_12_15_2086221/packages/customer/vivado/data/ip/xilinx/blk_mem_gen_v8_4/simulation/blk_mem_gen_v8_4.v" Line 1563. Module blk_mem_gen_v8_4_1_output_stage(C_FAMILY="artix7",C_XDEVICEFAMILY="artix7",C_ADDRB_WIDTH=14,NUM_STAGES=0) has a timescale but at least one module in design doesn't have timescale.
WARNING: [XSIM 43-4100] "/wrk/2017.4/nightly/2017_12_15_2086221/packages/customer/vivado/data/ip/xilinx/blk_mem_gen_v8_4/simulation/blk_mem_gen_v8_4.v" Line 1563. Module blk_mem_gen_v8_4_1_output_stage(C_FAMILY="artix7",C_XDEVICEFAMILY="artix7",C_ADDRB_WIDTH=14,NUM_STAGES=0) has a timescale but at least one module in design doesn't have timescale.
WARNING: [XSIM 43-4100] "/wrk/2017.4/nightly/2017_12_15_2086221/packages/customer/vivado/data/ip/xilinx/blk_mem_gen_v8_4/simulation/blk_mem_gen_v8_4.v" Line 1859. Module blk_mem_gen_v8_4_1_softecc_output_reg_stage(C_ADDRB_WIDTH=14) has a timescale but at least one module in design doesn't have timescale.
WARNING: [XSIM 43-4100] "D:/GitHub/Computer-Organization-Project/pipelineCPU/pipelineCPU.srcs/sources_1/new/WB.v" Line 1. Module WB has a timescale but at least one module in design doesn't have timescale.
WARNING: [XSIM 43-4100] "D:/GitHub/Computer-Organization-Project/pipelineCPU/pipelineCPU.srcs/sources_1/new/InputModule.v" Line 3. Module InputModule has a timescale but at least one module in design doesn't have timescale.
WARNING: [XSIM 43-4100] "D:/GitHub/Computer-Organization-Project/pipelineCPU/pipelineCPU.srcs/sources_1/new/OutputModule.v" Line 1. Module OutputModule has a timescale but at least one module in design doesn't have timescale.
WARNING: [XSIM 43-4100] "D:/GitHub/Computer-Organization-Project/pipelineCPU/pipelineCPU.srcs/sources_1/new/SegGenerator.v" Line 1. Module SegGenerator has a timescale but at least one module in design doesn't have timescale.
WARNING: [XSIM 43-4100] "D:/GitHub/Computer-Organization-Project/pipelineCPU/pipelineCPU.srcs/sources_1/new/ClockDivider.v" Line 1. Module ClockDivider has a timescale but at least one module in design doesn't have timescale.
WARNING: [XSIM 43-4100] "D:/GitHub/Computer-Organization-Project/pipelineCPU/pipelineCPU.srcs/sources_1/new/SegDisplay.v" Line 1. Module SegDisplay has a timescale but at least one module in design doesn't have timescale.
WARNING: [XSIM 43-4100] "D:/GitHub/Computer-Organization-Project/pipelineCPU/pipelineCPU.sim/sim_1/behav/xsim/glbl.v" Line 6. Module glbl has a timescale but at least one module in design doesn't have timescale.
Completed simulation data flow analysis
Time Resolution for simulation is 1ps
Compiling module xil_defaultlib.ClockDivider
Compiling module xil_defaultlib.HarzardDetection
Compiling module blk_mem_gen_v8_4_1.blk_mem_gen_v8_4_1_output_stage(...
Compiling module blk_mem_gen_v8_4_1.blk_mem_gen_v8_4_1_softecc_outpu...
Compiling module blk_mem_gen_v8_4_1.blk_mem_gen_v8_4_1_mem_module(C_...
Compiling module blk_mem_gen_v8_4_1.blk_mem_gen_v8_4_1(C_FAMILY="art...
Compiling module xil_defaultlib.pgrom
Compiling module xil_defaultlib.IF
Compiling module xil_defaultlib.ID
Compiling module xil_defaultlib.EXE
Compiling module blk_mem_gen_v8_4_1.blk_mem_gen_v8_4_1_mem_module(C_...
Compiling module blk_mem_gen_v8_4_1.blk_mem_gen_v8_4_1(C_FAMILY="art...
Compiling module xil_defaultlib.pgram
Compiling module xil_defaultlib.MEM
Compiling module xil_defaultlib.WB
Compiling module xil_defaultlib.InputModule
Compiling module xil_defaultlib.SegGenerator
Compiling module xil_defaultlib.SegDisplay
Compiling module xil_defaultlib.OutputModule
Compiling module xil_defaultlib.top_module
Compiling module xil_defaultlib.tb_pipeline
Compiling module xil_defaultlib.glbl
Built simulation snapshot tb_pipeline_behav
INFO: [USF-XSim-69] 'elaborate' step finished in '4' seconds
INFO: [USF-XSim-4] XSim::Simulate design
INFO: [USF-XSim-61] Executing 'SIMULATE' step in 'D:/GitHub/Computer-Organization-Project/pipelineCPU/pipelineCPU.sim/sim_1/behav/xsim'
INFO: [USF-XSim-98] *** Running xsim
   with args "tb_pipeline_behav -key {Behavioral:sim_1:Functional:tb_pipeline} -tclbatch {tb_pipeline.tcl} -view {D:/GitHub/Computer-Organization-Project/pipelineCPU/tb_pipeline_behav.wcfg} -log {simulate.log}"
INFO: [USF-XSim-8] Loading simulator feature
Vivado Simulator 2017.4
Time resolution is 1 ps
open_wave_config D:/GitHub/Computer-Organization-Project/pipelineCPU/tb_pipeline_behav.wcfg
source tb_pipeline.tcl
# set curr_wave [current_wave_config]
# if { [string length $curr_wave] == 0 } {
#   if { [llength [get_objects]] > 0} {
#     add_wave /
#     set_property needs_save false [current_wave_config]
#   } else {
#      send_msg_id Add_Wave-1 WARNING "No top level signals found. Simulator will start without a wave window. If you want to open a wave window go to 'File->New Waveform Configuration' or type 'create_wave_config' in the TCL console."
#   }
# }
# run 1000ns
 Block Memory Generator module loading initial data...
 Block Memory Generator data initialization complete.
Block Memory Generator module tb_pipeline.uut_tm.if_uut.urom.inst.native_mem_module.blk_mem_gen_v8_4_1_inst is using a behavioral model for simulation which will not precisely model memory collision behavior.
Block Memory Generator module tb_pipeline.uut_tm.mem_uut.udram.inst.native_mem_module.blk_mem_gen_v8_4_1_inst is using a behavioral model for simulation which will not precisely model memory collision behavior.
INFO: [USF-XSim-96] XSim completed. Design snapshot 'tb_pipeline_behav' loaded.
INFO: [USF-XSim-97] XSim simulation ran for 1000ns
launch_simulation: Time (s): cpu = 00:00:02 ; elapsed = 00:00:07 . Memory (MB): peak = 1277.336 ; gain = 0.000
close_sim
INFO: [Simtcl 6-16] Simulation closed
launch_simulation
INFO: [Vivado 12-5698] Checking validity of IPs in the design for the 'XSim' simulator...
INFO: [Vivado 12-5682] Launching behavioral simulation in 'D:/GitHub/Computer-Organization-Project/pipelineCPU/pipelineCPU.sim/sim_1/behav/xsim'
INFO: [Vivado 12-4795] Using compiled simulation libraries for IPs
INFO: [SIM-utils-51] Simulation object is 'sim_1'
INFO: [USF-XSim-7] Finding pre-compiled libraries...
INFO: [USF-XSim-11] File 'D:/Xilinx/Vivado/2017.4/data/xsim/ip/xsim_ip.ini' copied to run dir:'D:/GitHub/Computer-Organization-Project/pipelineCPU/pipelineCPU.sim/sim_1/behav/xsim'
INFO: [SIM-utils-54] Inspecting design source files for 'tb_pipeline' in fileset 'sim_1'...
INFO: [SIM-utils-43] Exported 'D:/GitHub/Computer-Organization-Project/pipelineCPU/pipelineCPU.sim/sim_1/behav/xsim/pgrom.mif'
INFO: [SIM-utils-43] Exported 'D:/GitHub/Computer-Organization-Project/pipelineCPU/pipelineCPU.sim/sim_1/behav/xsim/test9ROM.coe'
INFO: [SIM-utils-43] Exported 'D:/GitHub/Computer-Organization-Project/pipelineCPU/pipelineCPU.sim/sim_1/behav/xsim/test1ROM.coe'
INFO: [USF-XSim-97] Finding global include files...
INFO: [USF-XSim-98] Fetching design files from 'sim_1'...
INFO: [USF-XSim-2] XSim::Compile design
INFO: [USF-XSim-61] Executing 'COMPILE and ANALYZE' step in 'D:/GitHub/Computer-Organization-Project/pipelineCPU/pipelineCPU.sim/sim_1/behav/xsim'
"xvlog --incr --relax -L xil_defaultlib -prj tb_pipeline_vlog.prj"
INFO: [VRFC 10-2263] Analyzing SystemVerilog file "D:/GitHub/Computer-Organization-Project/pipelineCPU/pipelineCPU.srcs/sources_1/new/ID.v" into library xil_defaultlib
INFO: [VRFC 10-311] analyzing module ID
INFO: [VRFC 10-2263] Analyzing SystemVerilog file "D:/GitHub/Computer-Organization-Project/pipelineCPU/pipelineCPU.srcs/sources_1/new/WB.v" into library xil_defaultlib
INFO: [VRFC 10-311] analyzing module WB
INFO: [VRFC 10-2263] Analyzing SystemVerilog file "D:/GitHub/Computer-Organization-Project/pipelineCPU/pipelineCPU.srcs/sources_1/new/top_module.v" into library xil_defaultlib
INFO: [VRFC 10-311] analyzing module top_module
INFO: [USF-XSim-69] 'compile' step finished in '1' seconds
INFO: [USF-XSim-3] XSim::Elaborate design
INFO: [USF-XSim-61] Executing 'ELABORATE' step in 'D:/GitHub/Computer-Organization-Project/pipelineCPU/pipelineCPU.sim/sim_1/behav/xsim'
Vivado Simulator 2017.4
Copyright 1986-1999, 2001-2016 Xilinx, Inc. All Rights Reserved.
Running: D:/Xilinx/Vivado/2017.4/bin/unwrapped/win64.o/xelab.exe -wto 374ad2d08ccb4635b2dbbca0a3224143 --incr --debug typical --relax --mt 2 -L blk_mem_gen_v8_4_1 -L xil_defaultlib -L unisims_ver -L unimacro_ver -L secureip -L xpm --snapshot tb_pipeline_behav xil_defaultlib.tb_pipeline xil_defaultlib.glbl -log elaborate.log 
Using 2 slave threads.
Starting static elaboration
WARNING: [VRFC 10-278] actual bit length 32 differs from formal bit length 4 for port wea [D:/GitHub/Computer-Organization-Project/pipelineCPU/pipelineCPU.srcs/sources_1/new/MEM.v:68]
WARNING: [VRFC 10-1783] select index 62 into current_contents is out of bounds [/wrk/2017.4/nightly/2017_12_15_2086221/packages/customer/vivado/data/ip/xilinx/blk_mem_gen_v8_4/simulation/blk_mem_gen_v8_4.v:2420]
Completed static elaboration
Starting simulation data flow analysis
WARNING: [XSIM 43-4100] "D:/GitHub/Computer-Organization-Project/pipelineCPU/pipelineCPU.srcs/sources_1/new/top_module.v" Line 3. Module top_module has a timescale but at least one module in design doesn't have timescale.
WARNING: [XSIM 43-4100] "D:/GitHub/Computer-Organization-Project/pipelineCPU/pipelineCPU.srcs/sources_1/new/ClockDivider.v" Line 1. Module ClockDivider has a timescale but at least one module in design doesn't have timescale.
WARNING: [XSIM 43-4100] "D:/GitHub/Computer-Organization-Project/pipelineCPU/pipelineCPU.srcs/sources_1/new/ClockDivider.v" Line 1. Module ClockDivider has a timescale but at least one module in design doesn't have timescale.
WARNING: [XSIM 43-4100] "D:/GitHub/Computer-Organization-Project/pipelineCPU/pipelineCPU.srcs/sources_1/new/HarzardDetection.v" Line 3. Module HarzardDetection has a timescale but at least one module in design doesn't have timescale.
WARNING: [XSIM 43-4100] "D:/GitHub/Computer-Organization-Project/pipelineCPU/pipelineCPU.srcs/sources_1/new/IF.v" Line 23. Module IF has a timescale but at least one module in design doesn't have timescale.
WARNING: [XSIM 43-4100] "D:/GitHub/Computer-Organization-Project/pipelineCPU/pipelineCPU.srcs/sources_1/ip/pgrom/sim/pgrom.v" Line 55. Module pgrom has a timescale but at least one module in design doesn't have timescale.
WARNING: [XSIM 43-4100] "/wrk/2017.4/nightly/2017_12_15_2086221/packages/customer/vivado/data/ip/xilinx/blk_mem_gen_v8_4/simulation/blk_mem_gen_v8_4.v" Line 3412. Module blk_mem_gen_v8_4_1(C_FAMILY="artix7",C_XDEVICEFAMILY="artix7",C_ELABORATION_DIR="./",C_AXI_TYPE=1,C_MEM_TYPE=3,C_PRIM_TYPE=1,C_LOAD_INIT_FILE=1,C_INIT_FILE_NAME="pgrom.mif",C_INIT_FILE="pgrom.mem",C_HAS_ENA=0,C_WRITE_DEPTH_A=16384,C_READ_DEPTH_A=16384,C_ADDRA_WIDTH=14,C_INITB_VAL="0",C_HAS_ENB=0,C_WRITE_DEPTH_B=16384,C_READ_DEPTH_B=16384,C_ADDRB_WIDTH=14,C_SIM_COLLISION_CHECK="ALL",C_COMMON_CLK=0,C_COUNT_36K_BRAM="14",C_COUNT_18K_BRAM="1",C_EST_POWER_SUMMARY="Estimated_Power_for_IP_____:_____12.7204_mW") has a timescale but at least one module in design doesn't have timescale.
WARNING: [XSIM 43-4100] "/wrk/2017.4/nightly/2017_12_15_2086221/packages/customer/vivado/data/ip/xilinx/blk_mem_gen_v8_4/simulation/blk_mem_gen_v8_4.v" Line 1951. Module blk_mem_gen_v8_4_1_mem_module(C_FAMILY="artix7",C_XDEVICEFAMILY="artix7",C_MEM_TYPE=3,C_PRIM_TYPE=1,C_LOAD_INIT_FILE=1,C_INIT_FILE_NAME="pgrom.mif",C_INIT_FILE="pgrom.mem",C_HAS_ENA=0,C_WRITE_DEPTH_A=16384,C_READ_DEPTH_A=16384,C_ADDRA_WIDTH=14,C_INITB_VAL="0",C_HAS_ENB=0,C_WRITE_DEPTH_B=16384,C_READ_DEPTH_B=16384,C_ADDRB_WIDTH=14,C_SIM_COLLISION_CHECK="ALL",C_COMMON_CLK=0) has a timescale but at least one module in design doesn't have timescale.
WARNING: [XSIM 43-4100] "/wrk/2017.4/nightly/2017_12_15_2086221/packages/customer/vivado/data/ip/xilinx/blk_mem_gen_v8_4/simulation/blk_mem_gen_v8_4.v" Line 1563. Module blk_mem_gen_v8_4_1_output_stage(C_FAMILY="artix7",C_XDEVICEFAMILY="artix7",C_ADDRB_WIDTH=14,NUM_STAGES=0) has a timescale but at least one module in design doesn't have timescale.
WARNING: [XSIM 43-4100] "/wrk/2017.4/nightly/2017_12_15_2086221/packages/customer/vivado/data/ip/xilinx/blk_mem_gen_v8_4/simulation/blk_mem_gen_v8_4.v" Line 1563. Module blk_mem_gen_v8_4_1_output_stage(C_FAMILY="artix7",C_XDEVICEFAMILY="artix7",C_ADDRB_WIDTH=14,NUM_STAGES=0) has a timescale but at least one module in design doesn't have timescale.
WARNING: [XSIM 43-4100] "/wrk/2017.4/nightly/2017_12_15_2086221/packages/customer/vivado/data/ip/xilinx/blk_mem_gen_v8_4/simulation/blk_mem_gen_v8_4.v" Line 1859. Module blk_mem_gen_v8_4_1_softecc_output_reg_stage(C_ADDRB_WIDTH=14) has a timescale but at least one module in design doesn't have timescale.
WARNING: [XSIM 43-4100] "D:/GitHub/Computer-Organization-Project/pipelineCPU/pipelineCPU.srcs/sources_1/new/ID.v" Line 23. Module ID has a timescale but at least one module in design doesn't have timescale.
WARNING: [XSIM 43-4100] "D:/GitHub/Computer-Organization-Project/pipelineCPU/pipelineCPU.srcs/sources_1/new/EXE.v" Line 23. Module EXE has a timescale but at least one module in design doesn't have timescale.
WARNING: [XSIM 43-4100] "D:/GitHub/Computer-Organization-Project/pipelineCPU/pipelineCPU.srcs/sources_1/new/MEM.v" Line 23. Module MEM has a timescale but at least one module in design doesn't have timescale.
WARNING: [XSIM 43-4100] "D:/GitHub/Computer-Organization-Project/pipelineCPU/pipelineCPU.srcs/sources_1/ip/pgram/sim/pgram.v" Line 55. Module pgram has a timescale but at least one module in design doesn't have timescale.
WARNING: [XSIM 43-4100] "/wrk/2017.4/nightly/2017_12_15_2086221/packages/customer/vivado/data/ip/xilinx/blk_mem_gen_v8_4/simulation/blk_mem_gen_v8_4.v" Line 3412. Module blk_mem_gen_v8_4_1(C_FAMILY="artix7",C_XDEVICEFAMILY="artix7",C_ELABORATION_DIR="./",C_AXI_TYPE=1,C_MEM_TYPE=0,C_BYTE_SIZE=8,C_PRIM_TYPE=1,C_INIT_FILE_NAME="no_coe_file_loaded",C_INIT_FILE="pgram.mem",C_HAS_ENA=0,C_USE_BYTE_WEA=1,C_WEA_WIDTH=4,C_WRITE_DEPTH_A=16384,C_READ_DEPTH_A=16384,C_ADDRA_WIDTH=14,C_INITB_VAL="0",C_HAS_ENB=0,C_USE_BYTE_WEB=1,C_WEB_WIDTH=4,C_WRITE_DEPTH_B=16384,C_READ_DEPTH_B=16384,C_ADDRB_WIDTH=14,C_SIM_COLLISION_CHECK="ALL",C_COMMON_CLK=0,C_COUNT_36K_BRAM="16",C_COUNT_18K_BRAM="0",C_EST_POWER_SUMMARY="Estimated_Power_for_IP_____:_____10.194_mW") has a timescale but at least one module in design doesn't have timescale.
WARNING: [XSIM 43-4100] "/wrk/2017.4/nightly/2017_12_15_2086221/packages/customer/vivado/data/ip/xilinx/blk_mem_gen_v8_4/simulation/blk_mem_gen_v8_4.v" Line 1951. Module blk_mem_gen_v8_4_1_mem_module(C_FAMILY="artix7",C_XDEVICEFAMILY="artix7",C_MEM_TYPE=0,C_BYTE_SIZE=8,C_PRIM_TYPE=1,C_INIT_FILE_NAME="no_coe_file_loaded",C_INIT_FILE="pgram.mem",C_HAS_ENA=0,C_USE_BYTE_WEA=1,C_WEA_WIDTH=4,C_WRITE_DEPTH_A=16384,C_READ_DEPTH_A=16384,C_ADDRA_WIDTH=14,C_INITB_VAL="0",C_HAS_ENB=0,C_USE_BYTE_WEB=1,C_WEB_WIDTH=4,C_WRITE_DEPTH_B=16384,C_READ_DEPTH_B=16384,C_ADDRB_WIDTH=14,C_SIM_COLLISION_CHECK="ALL",C_COMMON_CLK=0) has a timescale but at least one module in design doesn't have timescale.
WARNING: [XSIM 43-4100] "/wrk/2017.4/nightly/2017_12_15_2086221/packages/customer/vivado/data/ip/xilinx/blk_mem_gen_v8_4/simulation/blk_mem_gen_v8_4.v" Line 1563. Module blk_mem_gen_v8_4_1_output_stage(C_FAMILY="artix7",C_XDEVICEFAMILY="artix7",C_ADDRB_WIDTH=14,NUM_STAGES=0) has a timescale but at least one module in design doesn't have timescale.
WARNING: [XSIM 43-4100] "/wrk/2017.4/nightly/2017_12_15_2086221/packages/customer/vivado/data/ip/xilinx/blk_mem_gen_v8_4/simulation/blk_mem_gen_v8_4.v" Line 1563. Module blk_mem_gen_v8_4_1_output_stage(C_FAMILY="artix7",C_XDEVICEFAMILY="artix7",C_ADDRB_WIDTH=14,NUM_STAGES=0) has a timescale but at least one module in design doesn't have timescale.
WARNING: [XSIM 43-4100] "/wrk/2017.4/nightly/2017_12_15_2086221/packages/customer/vivado/data/ip/xilinx/blk_mem_gen_v8_4/simulation/blk_mem_gen_v8_4.v" Line 1859. Module blk_mem_gen_v8_4_1_softecc_output_reg_stage(C_ADDRB_WIDTH=14) has a timescale but at least one module in design doesn't have timescale.
WARNING: [XSIM 43-4100] "D:/GitHub/Computer-Organization-Project/pipelineCPU/pipelineCPU.srcs/sources_1/new/WB.v" Line 1. Module WB has a timescale but at least one module in design doesn't have timescale.
WARNING: [XSIM 43-4100] "D:/GitHub/Computer-Organization-Project/pipelineCPU/pipelineCPU.srcs/sources_1/new/InputModule.v" Line 3. Module InputModule has a timescale but at least one module in design doesn't have timescale.
WARNING: [XSIM 43-4100] "D:/GitHub/Computer-Organization-Project/pipelineCPU/pipelineCPU.srcs/sources_1/new/OutputModule.v" Line 1. Module OutputModule has a timescale but at least one module in design doesn't have timescale.
WARNING: [XSIM 43-4100] "D:/GitHub/Computer-Organization-Project/pipelineCPU/pipelineCPU.srcs/sources_1/new/SegGenerator.v" Line 1. Module SegGenerator has a timescale but at least one module in design doesn't have timescale.
WARNING: [XSIM 43-4100] "D:/GitHub/Computer-Organization-Project/pipelineCPU/pipelineCPU.srcs/sources_1/new/ClockDivider.v" Line 1. Module ClockDivider has a timescale but at least one module in design doesn't have timescale.
WARNING: [XSIM 43-4100] "D:/GitHub/Computer-Organization-Project/pipelineCPU/pipelineCPU.srcs/sources_1/new/SegDisplay.v" Line 1. Module SegDisplay has a timescale but at least one module in design doesn't have timescale.
WARNING: [XSIM 43-4100] "D:/GitHub/Computer-Organization-Project/pipelineCPU/pipelineCPU.sim/sim_1/behav/xsim/glbl.v" Line 6. Module glbl has a timescale but at least one module in design doesn't have timescale.
Completed simulation data flow analysis
Time Resolution for simulation is 1ps
Compiling module xil_defaultlib.ClockDivider
Compiling module xil_defaultlib.HarzardDetection
Compiling module blk_mem_gen_v8_4_1.blk_mem_gen_v8_4_1_output_stage(...
Compiling module blk_mem_gen_v8_4_1.blk_mem_gen_v8_4_1_softecc_outpu...
Compiling module blk_mem_gen_v8_4_1.blk_mem_gen_v8_4_1_mem_module(C_...
Compiling module blk_mem_gen_v8_4_1.blk_mem_gen_v8_4_1(C_FAMILY="art...
Compiling module xil_defaultlib.pgrom
Compiling module xil_defaultlib.IF
Compiling module xil_defaultlib.ID
Compiling module xil_defaultlib.EXE
Compiling module blk_mem_gen_v8_4_1.blk_mem_gen_v8_4_1_mem_module(C_...
Compiling module blk_mem_gen_v8_4_1.blk_mem_gen_v8_4_1(C_FAMILY="art...
Compiling module xil_defaultlib.pgram
Compiling module xil_defaultlib.MEM
Compiling module xil_defaultlib.WB
Compiling module xil_defaultlib.InputModule
Compiling module xil_defaultlib.SegGenerator
Compiling module xil_defaultlib.SegDisplay
Compiling module xil_defaultlib.OutputModule
Compiling module xil_defaultlib.top_module
Compiling module xil_defaultlib.tb_pipeline
Compiling module xil_defaultlib.glbl
Built simulation snapshot tb_pipeline_behav
INFO: [USF-XSim-69] 'elaborate' step finished in '4' seconds
INFO: [USF-XSim-4] XSim::Simulate design
INFO: [USF-XSim-61] Executing 'SIMULATE' step in 'D:/GitHub/Computer-Organization-Project/pipelineCPU/pipelineCPU.sim/sim_1/behav/xsim'
INFO: [USF-XSim-98] *** Running xsim
   with args "tb_pipeline_behav -key {Behavioral:sim_1:Functional:tb_pipeline} -tclbatch {tb_pipeline.tcl} -view {D:/GitHub/Computer-Organization-Project/pipelineCPU/tb_pipeline_behav.wcfg} -log {simulate.log}"
INFO: [USF-XSim-8] Loading simulator feature
Vivado Simulator 2017.4
Time resolution is 1 ps
open_wave_config D:/GitHub/Computer-Organization-Project/pipelineCPU/tb_pipeline_behav.wcfg
source tb_pipeline.tcl
# set curr_wave [current_wave_config]
# if { [string length $curr_wave] == 0 } {
#   if { [llength [get_objects]] > 0} {
#     add_wave /
#     set_property needs_save false [current_wave_config]
#   } else {
#      send_msg_id Add_Wave-1 WARNING "No top level signals found. Simulator will start without a wave window. If you want to open a wave window go to 'File->New Waveform Configuration' or type 'create_wave_config' in the TCL console."
#   }
# }
# run 1000ns
 Block Memory Generator module loading initial data...
 Block Memory Generator data initialization complete.
Block Memory Generator module tb_pipeline.uut_tm.if_uut.urom.inst.native_mem_module.blk_mem_gen_v8_4_1_inst is using a behavioral model for simulation which will not precisely model memory collision behavior.
Block Memory Generator module tb_pipeline.uut_tm.mem_uut.udram.inst.native_mem_module.blk_mem_gen_v8_4_1_inst is using a behavioral model for simulation which will not precisely model memory collision behavior.
INFO: [USF-XSim-96] XSim completed. Design snapshot 'tb_pipeline_behav' loaded.
INFO: [USF-XSim-97] XSim simulation ran for 1000ns
launch_simulation: Time (s): cpu = 00:00:02 ; elapsed = 00:00:07 . Memory (MB): peak = 1453.590 ; gain = 176.254
WARNING: [IP_Flow 19-4067] Ignoring invalid widget type specified checkbox.Providing a default widget
WARNING: [IP_Flow 19-4067] Ignoring invalid widget type specified checkbox.Providing a default widget
add_wave {{/tb_pipeline/uut_tm/pc}} 
save_wave_config {D:/GitHub/Computer-Organization-Project/pipelineCPU/tb_pipeline_behav.wcfg}
close_sim
INFO: [Simtcl 6-16] Simulation closed
launch_simulation
INFO: [Vivado 12-5698] Checking validity of IPs in the design for the 'XSim' simulator...
INFO: [Vivado 12-5682] Launching behavioral simulation in 'D:/GitHub/Computer-Organization-Project/pipelineCPU/pipelineCPU.sim/sim_1/behav/xsim'
INFO: [Vivado 12-4795] Using compiled simulation libraries for IPs
INFO: [SIM-utils-51] Simulation object is 'sim_1'
INFO: [USF-XSim-7] Finding pre-compiled libraries...
INFO: [USF-XSim-11] File 'D:/Xilinx/Vivado/2017.4/data/xsim/ip/xsim_ip.ini' copied to run dir:'D:/GitHub/Computer-Organization-Project/pipelineCPU/pipelineCPU.sim/sim_1/behav/xsim'
INFO: [SIM-utils-54] Inspecting design source files for 'tb_pipeline' in fileset 'sim_1'...
INFO: [SIM-utils-43] Exported 'D:/GitHub/Computer-Organization-Project/pipelineCPU/pipelineCPU.sim/sim_1/behav/xsim/pgrom.mif'
INFO: [SIM-utils-43] Exported 'D:/GitHub/Computer-Organization-Project/pipelineCPU/pipelineCPU.sim/sim_1/behav/xsim/test9ROM.coe'
INFO: [SIM-utils-43] Exported 'D:/GitHub/Computer-Organization-Project/pipelineCPU/pipelineCPU.sim/sim_1/behav/xsim/test1ROM.coe'
INFO: [USF-XSim-97] Finding global include files...
INFO: [USF-XSim-98] Fetching design files from 'sim_1'...
INFO: [USF-XSim-2] XSim::Compile design
INFO: [USF-XSim-61] Executing 'COMPILE and ANALYZE' step in 'D:/GitHub/Computer-Organization-Project/pipelineCPU/pipelineCPU.sim/sim_1/behav/xsim'
"xvlog --incr --relax -L xil_defaultlib -prj tb_pipeline_vlog.prj"
INFO: [USF-XSim-69] 'compile' step finished in '1' seconds
INFO: [USF-XSim-3] XSim::Elaborate design
INFO: [USF-XSim-61] Executing 'ELABORATE' step in 'D:/GitHub/Computer-Organization-Project/pipelineCPU/pipelineCPU.sim/sim_1/behav/xsim'
Vivado Simulator 2017.4
Copyright 1986-1999, 2001-2016 Xilinx, Inc. All Rights Reserved.
Running: D:/Xilinx/Vivado/2017.4/bin/unwrapped/win64.o/xelab.exe -wto 374ad2d08ccb4635b2dbbca0a3224143 --incr --debug typical --relax --mt 2 -L blk_mem_gen_v8_4_1 -L xil_defaultlib -L unisims_ver -L unimacro_ver -L secureip -L xpm --snapshot tb_pipeline_behav xil_defaultlib.tb_pipeline xil_defaultlib.glbl -log elaborate.log 
Using 2 slave threads.
Starting static elaboration
WARNING: [VRFC 10-278] actual bit length 32 differs from formal bit length 4 for port wea [D:/GitHub/Computer-Organization-Project/pipelineCPU/pipelineCPU.srcs/sources_1/new/MEM.v:68]
WARNING: [VRFC 10-1783] select index 62 into current_contents is out of bounds [/wrk/2017.4/nightly/2017_12_15_2086221/packages/customer/vivado/data/ip/xilinx/blk_mem_gen_v8_4/simulation/blk_mem_gen_v8_4.v:2420]
Completed static elaboration
INFO: [XSIM 43-4323] No Change in HDL. Linking previously generated obj files to create kernel
INFO: [USF-XSim-69] 'elaborate' step finished in '1' seconds
INFO: [USF-XSim-4] XSim::Simulate design
INFO: [USF-XSim-61] Executing 'SIMULATE' step in 'D:/GitHub/Computer-Organization-Project/pipelineCPU/pipelineCPU.sim/sim_1/behav/xsim'
INFO: [USF-XSim-98] *** Running xsim
   with args "tb_pipeline_behav -key {Behavioral:sim_1:Functional:tb_pipeline} -tclbatch {tb_pipeline.tcl} -view {D:/GitHub/Computer-Organization-Project/pipelineCPU/tb_pipeline_behav.wcfg} -log {simulate.log}"
INFO: [USF-XSim-8] Loading simulator feature
Vivado Simulator 2017.4
Time resolution is 1 ps
open_wave_config D:/GitHub/Computer-Organization-Project/pipelineCPU/tb_pipeline_behav.wcfg
source tb_pipeline.tcl
# set curr_wave [current_wave_config]
# if { [string length $curr_wave] == 0 } {
#   if { [llength [get_objects]] > 0} {
#     add_wave /
#     set_property needs_save false [current_wave_config]
#   } else {
#      send_msg_id Add_Wave-1 WARNING "No top level signals found. Simulator will start without a wave window. If you want to open a wave window go to 'File->New Waveform Configuration' or type 'create_wave_config' in the TCL console."
#   }
# }
# run 1000ns
 Block Memory Generator module loading initial data...
 Block Memory Generator data initialization complete.
Block Memory Generator module tb_pipeline.uut_tm.if_uut.urom.inst.native_mem_module.blk_mem_gen_v8_4_1_inst is using a behavioral model for simulation which will not precisely model memory collision behavior.
Block Memory Generator module tb_pipeline.uut_tm.mem_uut.udram.inst.native_mem_module.blk_mem_gen_v8_4_1_inst is using a behavioral model for simulation which will not precisely model memory collision behavior.
INFO: [USF-XSim-96] XSim completed. Design snapshot 'tb_pipeline_behav' loaded.
INFO: [USF-XSim-97] XSim simulation ran for 1000ns
close_sim
INFO: [Simtcl 6-16] Simulation closed
launch_simulation
INFO: [Vivado 12-5698] Checking validity of IPs in the design for the 'XSim' simulator...
INFO: [Vivado 12-5682] Launching behavioral simulation in 'D:/GitHub/Computer-Organization-Project/pipelineCPU/pipelineCPU.sim/sim_1/behav/xsim'
INFO: [Vivado 12-4795] Using compiled simulation libraries for IPs
INFO: [SIM-utils-51] Simulation object is 'sim_1'
INFO: [USF-XSim-7] Finding pre-compiled libraries...
INFO: [USF-XSim-11] File 'D:/Xilinx/Vivado/2017.4/data/xsim/ip/xsim_ip.ini' copied to run dir:'D:/GitHub/Computer-Organization-Project/pipelineCPU/pipelineCPU.sim/sim_1/behav/xsim'
INFO: [SIM-utils-54] Inspecting design source files for 'tb_pipeline' in fileset 'sim_1'...
INFO: [SIM-utils-43] Exported 'D:/GitHub/Computer-Organization-Project/pipelineCPU/pipelineCPU.sim/sim_1/behav/xsim/pgrom.mif'
INFO: [SIM-utils-43] Exported 'D:/GitHub/Computer-Organization-Project/pipelineCPU/pipelineCPU.sim/sim_1/behav/xsim/test9ROM.coe'
INFO: [SIM-utils-43] Exported 'D:/GitHub/Computer-Organization-Project/pipelineCPU/pipelineCPU.sim/sim_1/behav/xsim/test1ROM.coe'
INFO: [USF-XSim-97] Finding global include files...
INFO: [USF-XSim-98] Fetching design files from 'sim_1'...
INFO: [USF-XSim-2] XSim::Compile design
INFO: [USF-XSim-61] Executing 'COMPILE and ANALYZE' step in 'D:/GitHub/Computer-Organization-Project/pipelineCPU/pipelineCPU.sim/sim_1/behav/xsim'
"xvlog --incr --relax -L xil_defaultlib -prj tb_pipeline_vlog.prj"
INFO: [VRFC 10-2263] Analyzing Verilog file "D:/GitHub/Computer-Organization-Project/pipelineCPU/pipelineCPU.srcs/sources_1/ip/pgram/sim/pgram.v" into library xil_defaultlib
INFO: [VRFC 10-311] analyzing module pgram
INFO: [VRFC 10-2263] Analyzing Verilog file "D:/GitHub/Computer-Organization-Project/pipelineCPU/pipelineCPU.srcs/sources_1/ip/pgrom/sim/pgrom.v" into library xil_defaultlib
INFO: [VRFC 10-311] analyzing module pgrom
INFO: [VRFC 10-2263] Analyzing Verilog file "D:/GitHub/Computer-Organization-Project/pipelineCPU/pipelineCPU.srcs/sources_1/new/ClockDivider.v" into library xil_defaultlib
INFO: [VRFC 10-311] analyzing module ClockDivider
INFO: [VRFC 10-2263] Analyzing Verilog file "D:/GitHub/Computer-Organization-Project/pipelineCPU/pipelineCPU.srcs/sources_1/new/EXE.v" into library xil_defaultlib
INFO: [VRFC 10-311] analyzing module EXE
INFO: [VRFC 10-2263] Analyzing Verilog file "D:/GitHub/Computer-Organization-Project/pipelineCPU/pipelineCPU.srcs/sources_1/new/HarzardDetection.v" into library xil_defaultlib
INFO: [VRFC 10-311] analyzing module HarzardDetection
INFO: [VRFC 10-2263] Analyzing Verilog file "D:/GitHub/Computer-Organization-Project/pipelineCPU/pipelineCPU.srcs/sources_1/new/IF.v" into library xil_defaultlib
INFO: [VRFC 10-311] analyzing module IF
INFO: [VRFC 10-2263] Analyzing Verilog file "D:/GitHub/Computer-Organization-Project/pipelineCPU/pipelineCPU.srcs/sources_1/new/InputModule.v" into library xil_defaultlib
INFO: [VRFC 10-311] analyzing module InputModule
INFO: [VRFC 10-2263] Analyzing Verilog file "D:/GitHub/Computer-Organization-Project/pipelineCPU/pipelineCPU.srcs/sources_1/new/MEM.v" into library xil_defaultlib
INFO: [VRFC 10-311] analyzing module MEM
INFO: [VRFC 10-2263] Analyzing Verilog file "D:/GitHub/Computer-Organization-Project/pipelineCPU/pipelineCPU.srcs/sources_1/new/OutputModule.v" into library xil_defaultlib
INFO: [VRFC 10-311] analyzing module OutputModule
INFO: [VRFC 10-2263] Analyzing Verilog file "D:/GitHub/Computer-Organization-Project/pipelineCPU/pipelineCPU.srcs/sources_1/new/SegDisplay.v" into library xil_defaultlib
INFO: [VRFC 10-311] analyzing module SegDisplay
INFO: [VRFC 10-2263] Analyzing Verilog file "D:/GitHub/Computer-Organization-Project/pipelineCPU/pipelineCPU.srcs/sources_1/new/SegGenerator.v" into library xil_defaultlib
INFO: [VRFC 10-311] analyzing module SegGenerator
INFO: [USF-XSim-69] 'compile' step finished in '1' seconds
INFO: [USF-XSim-3] XSim::Elaborate design
INFO: [USF-XSim-61] Executing 'ELABORATE' step in 'D:/GitHub/Computer-Organization-Project/pipelineCPU/pipelineCPU.sim/sim_1/behav/xsim'
Vivado Simulator 2017.4
Copyright 1986-1999, 2001-2016 Xilinx, Inc. All Rights Reserved.
Running: D:/Xilinx/Vivado/2017.4/bin/unwrapped/win64.o/xelab.exe -wto 374ad2d08ccb4635b2dbbca0a3224143 --incr --debug typical --relax --mt 2 -L blk_mem_gen_v8_4_1 -L xil_defaultlib -L unisims_ver -L unimacro_ver -L secureip -L xpm --snapshot tb_pipeline_behav xil_defaultlib.tb_pipeline xil_defaultlib.glbl -log elaborate.log 
Using 2 slave threads.
Starting static elaboration
WARNING: [VRFC 10-278] actual bit length 32 differs from formal bit length 4 for port wea [D:/GitHub/Computer-Organization-Project/pipelineCPU/pipelineCPU.srcs/sources_1/new/MEM.v:68]
WARNING: [VRFC 10-1783] select index 62 into current_contents is out of bounds [/wrk/2017.4/nightly/2017_12_15_2086221/packages/customer/vivado/data/ip/xilinx/blk_mem_gen_v8_4/simulation/blk_mem_gen_v8_4.v:2420]
Completed static elaboration
Starting simulation data flow analysis
WARNING: [XSIM 43-4100] "D:/GitHub/Computer-Organization-Project/pipelineCPU/pipelineCPU.srcs/sources_1/new/top_module.v" Line 3. Module top_module has a timescale but at least one module in design doesn't have timescale.
WARNING: [XSIM 43-4100] "D:/GitHub/Computer-Organization-Project/pipelineCPU/pipelineCPU.srcs/sources_1/new/ClockDivider.v" Line 1. Module ClockDivider has a timescale but at least one module in design doesn't have timescale.
WARNING: [XSIM 43-4100] "D:/GitHub/Computer-Organization-Project/pipelineCPU/pipelineCPU.srcs/sources_1/new/ClockDivider.v" Line 1. Module ClockDivider has a timescale but at least one module in design doesn't have timescale.
WARNING: [XSIM 43-4100] "D:/GitHub/Computer-Organization-Project/pipelineCPU/pipelineCPU.srcs/sources_1/new/HarzardDetection.v" Line 3. Module HarzardDetection has a timescale but at least one module in design doesn't have timescale.
WARNING: [XSIM 43-4100] "D:/GitHub/Computer-Organization-Project/pipelineCPU/pipelineCPU.srcs/sources_1/new/IF.v" Line 23. Module IF has a timescale but at least one module in design doesn't have timescale.
WARNING: [XSIM 43-4100] "D:/GitHub/Computer-Organization-Project/pipelineCPU/pipelineCPU.srcs/sources_1/ip/pgrom/sim/pgrom.v" Line 55. Module pgrom has a timescale but at least one module in design doesn't have timescale.
WARNING: [XSIM 43-4100] "/wrk/2017.4/nightly/2017_12_15_2086221/packages/customer/vivado/data/ip/xilinx/blk_mem_gen_v8_4/simulation/blk_mem_gen_v8_4.v" Line 3412. Module blk_mem_gen_v8_4_1(C_FAMILY="artix7",C_XDEVICEFAMILY="artix7",C_ELABORATION_DIR="./",C_AXI_TYPE=1,C_MEM_TYPE=3,C_PRIM_TYPE=1,C_LOAD_INIT_FILE=1,C_INIT_FILE_NAME="pgrom.mif",C_INIT_FILE="pgrom.mem",C_HAS_ENA=0,C_WRITE_DEPTH_A=16384,C_READ_DEPTH_A=16384,C_ADDRA_WIDTH=14,C_INITB_VAL="0",C_HAS_ENB=0,C_WRITE_DEPTH_B=16384,C_READ_DEPTH_B=16384,C_ADDRB_WIDTH=14,C_SIM_COLLISION_CHECK="ALL",C_COMMON_CLK=0,C_COUNT_36K_BRAM="14",C_COUNT_18K_BRAM="1",C_EST_POWER_SUMMARY="Estimated_Power_for_IP_____:_____12.7204_mW") has a timescale but at least one module in design doesn't have timescale.
WARNING: [XSIM 43-4100] "/wrk/2017.4/nightly/2017_12_15_2086221/packages/customer/vivado/data/ip/xilinx/blk_mem_gen_v8_4/simulation/blk_mem_gen_v8_4.v" Line 1951. Module blk_mem_gen_v8_4_1_mem_module(C_FAMILY="artix7",C_XDEVICEFAMILY="artix7",C_MEM_TYPE=3,C_PRIM_TYPE=1,C_LOAD_INIT_FILE=1,C_INIT_FILE_NAME="pgrom.mif",C_INIT_FILE="pgrom.mem",C_HAS_ENA=0,C_WRITE_DEPTH_A=16384,C_READ_DEPTH_A=16384,C_ADDRA_WIDTH=14,C_INITB_VAL="0",C_HAS_ENB=0,C_WRITE_DEPTH_B=16384,C_READ_DEPTH_B=16384,C_ADDRB_WIDTH=14,C_SIM_COLLISION_CHECK="ALL",C_COMMON_CLK=0) has a timescale but at least one module in design doesn't have timescale.
WARNING: [XSIM 43-4100] "/wrk/2017.4/nightly/2017_12_15_2086221/packages/customer/vivado/data/ip/xilinx/blk_mem_gen_v8_4/simulation/blk_mem_gen_v8_4.v" Line 1563. Module blk_mem_gen_v8_4_1_output_stage(C_FAMILY="artix7",C_XDEVICEFAMILY="artix7",C_ADDRB_WIDTH=14,NUM_STAGES=0) has a timescale but at least one module in design doesn't have timescale.
WARNING: [XSIM 43-4100] "/wrk/2017.4/nightly/2017_12_15_2086221/packages/customer/vivado/data/ip/xilinx/blk_mem_gen_v8_4/simulation/blk_mem_gen_v8_4.v" Line 1563. Module blk_mem_gen_v8_4_1_output_stage(C_FAMILY="artix7",C_XDEVICEFAMILY="artix7",C_ADDRB_WIDTH=14,NUM_STAGES=0) has a timescale but at least one module in design doesn't have timescale.
WARNING: [XSIM 43-4100] "/wrk/2017.4/nightly/2017_12_15_2086221/packages/customer/vivado/data/ip/xilinx/blk_mem_gen_v8_4/simulation/blk_mem_gen_v8_4.v" Line 1859. Module blk_mem_gen_v8_4_1_softecc_output_reg_stage(C_ADDRB_WIDTH=14) has a timescale but at least one module in design doesn't have timescale.
WARNING: [XSIM 43-4100] "D:/GitHub/Computer-Organization-Project/pipelineCPU/pipelineCPU.srcs/sources_1/new/ID.v" Line 23. Module ID has a timescale but at least one module in design doesn't have timescale.
WARNING: [XSIM 43-4100] "D:/GitHub/Computer-Organization-Project/pipelineCPU/pipelineCPU.srcs/sources_1/new/EXE.v" Line 23. Module EXE has a timescale but at least one module in design doesn't have timescale.
WARNING: [XSIM 43-4100] "D:/GitHub/Computer-Organization-Project/pipelineCPU/pipelineCPU.srcs/sources_1/new/MEM.v" Line 23. Module MEM has a timescale but at least one module in design doesn't have timescale.
WARNING: [XSIM 43-4100] "D:/GitHub/Computer-Organization-Project/pipelineCPU/pipelineCPU.srcs/sources_1/ip/pgram/sim/pgram.v" Line 55. Module pgram has a timescale but at least one module in design doesn't have timescale.
WARNING: [XSIM 43-4100] "/wrk/2017.4/nightly/2017_12_15_2086221/packages/customer/vivado/data/ip/xilinx/blk_mem_gen_v8_4/simulation/blk_mem_gen_v8_4.v" Line 3412. Module blk_mem_gen_v8_4_1(C_FAMILY="artix7",C_XDEVICEFAMILY="artix7",C_ELABORATION_DIR="./",C_AXI_TYPE=1,C_MEM_TYPE=0,C_BYTE_SIZE=8,C_PRIM_TYPE=1,C_INIT_FILE_NAME="no_coe_file_loaded",C_INIT_FILE="pgram.mem",C_HAS_ENA=0,C_USE_BYTE_WEA=1,C_WEA_WIDTH=4,C_WRITE_DEPTH_A=16384,C_READ_DEPTH_A=16384,C_ADDRA_WIDTH=14,C_INITB_VAL="0",C_HAS_ENB=0,C_USE_BYTE_WEB=1,C_WEB_WIDTH=4,C_WRITE_DEPTH_B=16384,C_READ_DEPTH_B=16384,C_ADDRB_WIDTH=14,C_SIM_COLLISION_CHECK="ALL",C_COMMON_CLK=0,C_COUNT_36K_BRAM="16",C_COUNT_18K_BRAM="0",C_EST_POWER_SUMMARY="Estimated_Power_for_IP_____:_____10.194_mW") has a timescale but at least one module in design doesn't have timescale.
WARNING: [XSIM 43-4100] "/wrk/2017.4/nightly/2017_12_15_2086221/packages/customer/vivado/data/ip/xilinx/blk_mem_gen_v8_4/simulation/blk_mem_gen_v8_4.v" Line 1951. Module blk_mem_gen_v8_4_1_mem_module(C_FAMILY="artix7",C_XDEVICEFAMILY="artix7",C_MEM_TYPE=0,C_BYTE_SIZE=8,C_PRIM_TYPE=1,C_INIT_FILE_NAME="no_coe_file_loaded",C_INIT_FILE="pgram.mem",C_HAS_ENA=0,C_USE_BYTE_WEA=1,C_WEA_WIDTH=4,C_WRITE_DEPTH_A=16384,C_READ_DEPTH_A=16384,C_ADDRA_WIDTH=14,C_INITB_VAL="0",C_HAS_ENB=0,C_USE_BYTE_WEB=1,C_WEB_WIDTH=4,C_WRITE_DEPTH_B=16384,C_READ_DEPTH_B=16384,C_ADDRB_WIDTH=14,C_SIM_COLLISION_CHECK="ALL",C_COMMON_CLK=0) has a timescale but at least one module in design doesn't have timescale.
WARNING: [XSIM 43-4100] "/wrk/2017.4/nightly/2017_12_15_2086221/packages/customer/vivado/data/ip/xilinx/blk_mem_gen_v8_4/simulation/blk_mem_gen_v8_4.v" Line 1563. Module blk_mem_gen_v8_4_1_output_stage(C_FAMILY="artix7",C_XDEVICEFAMILY="artix7",C_ADDRB_WIDTH=14,NUM_STAGES=0) has a timescale but at least one module in design doesn't have timescale.
WARNING: [XSIM 43-4100] "/wrk/2017.4/nightly/2017_12_15_2086221/packages/customer/vivado/data/ip/xilinx/blk_mem_gen_v8_4/simulation/blk_mem_gen_v8_4.v" Line 1563. Module blk_mem_gen_v8_4_1_output_stage(C_FAMILY="artix7",C_XDEVICEFAMILY="artix7",C_ADDRB_WIDTH=14,NUM_STAGES=0) has a timescale but at least one module in design doesn't have timescale.
WARNING: [XSIM 43-4100] "/wrk/2017.4/nightly/2017_12_15_2086221/packages/customer/vivado/data/ip/xilinx/blk_mem_gen_v8_4/simulation/blk_mem_gen_v8_4.v" Line 1859. Module blk_mem_gen_v8_4_1_softecc_output_reg_stage(C_ADDRB_WIDTH=14) has a timescale but at least one module in design doesn't have timescale.
WARNING: [XSIM 43-4100] "D:/GitHub/Computer-Organization-Project/pipelineCPU/pipelineCPU.srcs/sources_1/new/WB.v" Line 1. Module WB has a timescale but at least one module in design doesn't have timescale.
WARNING: [XSIM 43-4100] "D:/GitHub/Computer-Organization-Project/pipelineCPU/pipelineCPU.srcs/sources_1/new/InputModule.v" Line 3. Module InputModule has a timescale but at least one module in design doesn't have timescale.
WARNING: [XSIM 43-4100] "D:/GitHub/Computer-Organization-Project/pipelineCPU/pipelineCPU.srcs/sources_1/new/OutputModule.v" Line 1. Module OutputModule has a timescale but at least one module in design doesn't have timescale.
WARNING: [XSIM 43-4100] "D:/GitHub/Computer-Organization-Project/pipelineCPU/pipelineCPU.srcs/sources_1/new/SegGenerator.v" Line 1. Module SegGenerator has a timescale but at least one module in design doesn't have timescale.
WARNING: [XSIM 43-4100] "D:/GitHub/Computer-Organization-Project/pipelineCPU/pipelineCPU.srcs/sources_1/new/ClockDivider.v" Line 1. Module ClockDivider has a timescale but at least one module in design doesn't have timescale.
WARNING: [XSIM 43-4100] "D:/GitHub/Computer-Organization-Project/pipelineCPU/pipelineCPU.srcs/sources_1/new/SegDisplay.v" Line 1. Module SegDisplay has a timescale but at least one module in design doesn't have timescale.
WARNING: [XSIM 43-4100] "D:/GitHub/Computer-Organization-Project/pipelineCPU/pipelineCPU.sim/sim_1/behav/xsim/glbl.v" Line 6. Module glbl has a timescale but at least one module in design doesn't have timescale.
Completed simulation data flow analysis
Time Resolution for simulation is 1ps
Compiling module xil_defaultlib.ClockDivider
Compiling module xil_defaultlib.HarzardDetection
Compiling module blk_mem_gen_v8_4_1.blk_mem_gen_v8_4_1_output_stage(...
Compiling module blk_mem_gen_v8_4_1.blk_mem_gen_v8_4_1_softecc_outpu...
Compiling module blk_mem_gen_v8_4_1.blk_mem_gen_v8_4_1_mem_module(C_...
Compiling module blk_mem_gen_v8_4_1.blk_mem_gen_v8_4_1(C_FAMILY="art...
Compiling module xil_defaultlib.pgrom
Compiling module xil_defaultlib.IF
Compiling module xil_defaultlib.ID
Compiling module xil_defaultlib.EXE
Compiling module blk_mem_gen_v8_4_1.blk_mem_gen_v8_4_1_mem_module(C_...
Compiling module blk_mem_gen_v8_4_1.blk_mem_gen_v8_4_1(C_FAMILY="art...
Compiling module xil_defaultlib.pgram
Compiling module xil_defaultlib.MEM
Compiling module xil_defaultlib.WB
Compiling module xil_defaultlib.InputModule
Compiling module xil_defaultlib.SegGenerator
Compiling module xil_defaultlib.SegDisplay
Compiling module xil_defaultlib.OutputModule
Compiling module xil_defaultlib.top_module
Compiling module xil_defaultlib.tb_pipeline
Compiling module xil_defaultlib.glbl
Built simulation snapshot tb_pipeline_behav
INFO: [USF-XSim-69] 'elaborate' step finished in '4' seconds
INFO: [USF-XSim-4] XSim::Simulate design
INFO: [USF-XSim-61] Executing 'SIMULATE' step in 'D:/GitHub/Computer-Organization-Project/pipelineCPU/pipelineCPU.sim/sim_1/behav/xsim'
INFO: [USF-XSim-98] *** Running xsim
   with args "tb_pipeline_behav -key {Behavioral:sim_1:Functional:tb_pipeline} -tclbatch {tb_pipeline.tcl} -view {D:/GitHub/Computer-Organization-Project/pipelineCPU/tb_pipeline_behav.wcfg} -log {simulate.log}"
INFO: [USF-XSim-8] Loading simulator feature
Vivado Simulator 2017.4
Time resolution is 1 ps
open_wave_config D:/GitHub/Computer-Organization-Project/pipelineCPU/tb_pipeline_behav.wcfg
source tb_pipeline.tcl
# set curr_wave [current_wave_config]
# if { [string length $curr_wave] == 0 } {
#   if { [llength [get_objects]] > 0} {
#     add_wave /
#     set_property needs_save false [current_wave_config]
#   } else {
#      send_msg_id Add_Wave-1 WARNING "No top level signals found. Simulator will start without a wave window. If you want to open a wave window go to 'File->New Waveform Configuration' or type 'create_wave_config' in the TCL console."
#   }
# }
# run 1000ns
 Block Memory Generator module loading initial data...
 Block Memory Generator data initialization complete.
Block Memory Generator module tb_pipeline.uut_tm.if_uut.urom.inst.native_mem_module.blk_mem_gen_v8_4_1_inst is using a behavioral model for simulation which will not precisely model memory collision behavior.
Block Memory Generator module tb_pipeline.uut_tm.mem_uut.udram.inst.native_mem_module.blk_mem_gen_v8_4_1_inst is using a behavioral model for simulation which will not precisely model memory collision behavior.
INFO: [USF-XSim-96] XSim completed. Design snapshot 'tb_pipeline_behav' loaded.
INFO: [USF-XSim-97] XSim simulation ran for 1000ns
launch_simulation: Time (s): cpu = 00:00:03 ; elapsed = 00:00:09 . Memory (MB): peak = 1461.297 ; gain = 0.000
close_sim
INFO: [Simtcl 6-16] Simulation closed
launch_simulation
INFO: [Vivado 12-5698] Checking validity of IPs in the design for the 'XSim' simulator...
INFO: [Vivado 12-5682] Launching behavioral simulation in 'D:/GitHub/Computer-Organization-Project/pipelineCPU/pipelineCPU.sim/sim_1/behav/xsim'
INFO: [Vivado 12-4795] Using compiled simulation libraries for IPs
INFO: [SIM-utils-51] Simulation object is 'sim_1'
INFO: [USF-XSim-7] Finding pre-compiled libraries...
INFO: [USF-XSim-11] File 'D:/Xilinx/Vivado/2017.4/data/xsim/ip/xsim_ip.ini' copied to run dir:'D:/GitHub/Computer-Organization-Project/pipelineCPU/pipelineCPU.sim/sim_1/behav/xsim'
INFO: [SIM-utils-54] Inspecting design source files for 'tb_pipeline' in fileset 'sim_1'...
INFO: [SIM-utils-43] Exported 'D:/GitHub/Computer-Organization-Project/pipelineCPU/pipelineCPU.sim/sim_1/behav/xsim/pgrom.mif'
INFO: [SIM-utils-43] Exported 'D:/GitHub/Computer-Organization-Project/pipelineCPU/pipelineCPU.sim/sim_1/behav/xsim/test9ROM.coe'
INFO: [SIM-utils-43] Exported 'D:/GitHub/Computer-Organization-Project/pipelineCPU/pipelineCPU.sim/sim_1/behav/xsim/test1ROM.coe'
INFO: [USF-XSim-97] Finding global include files...
INFO: [USF-XSim-98] Fetching design files from 'sim_1'...
INFO: [USF-XSim-2] XSim::Compile design
INFO: [USF-XSim-61] Executing 'COMPILE and ANALYZE' step in 'D:/GitHub/Computer-Organization-Project/pipelineCPU/pipelineCPU.sim/sim_1/behav/xsim'
"xvlog --incr --relax -L xil_defaultlib -prj tb_pipeline_vlog.prj"
INFO: [VRFC 10-2263] Analyzing Verilog file "D:/GitHub/Computer-Organization-Project/pipelineCPU/pipelineCPU.srcs/sources_1/ip/pgram/sim/pgram.v" into library xil_defaultlib
INFO: [VRFC 10-311] analyzing module pgram
INFO: [VRFC 10-2263] Analyzing Verilog file "D:/GitHub/Computer-Organization-Project/pipelineCPU/pipelineCPU.srcs/sources_1/ip/pgrom/sim/pgrom.v" into library xil_defaultlib
INFO: [VRFC 10-311] analyzing module pgrom
INFO: [VRFC 10-2263] Analyzing Verilog file "D:/GitHub/Computer-Organization-Project/pipelineCPU/pipelineCPU.srcs/sources_1/new/ClockDivider.v" into library xil_defaultlib
INFO: [VRFC 10-311] analyzing module ClockDivider
INFO: [VRFC 10-2263] Analyzing Verilog file "D:/GitHub/Computer-Organization-Project/pipelineCPU/pipelineCPU.srcs/sources_1/new/EXE.v" into library xil_defaultlib
INFO: [VRFC 10-311] analyzing module EXE
INFO: [VRFC 10-2263] Analyzing Verilog file "D:/GitHub/Computer-Organization-Project/pipelineCPU/pipelineCPU.srcs/sources_1/new/HarzardDetection.v" into library xil_defaultlib
INFO: [VRFC 10-311] analyzing module HarzardDetection
INFO: [VRFC 10-2263] Analyzing Verilog file "D:/GitHub/Computer-Organization-Project/pipelineCPU/pipelineCPU.srcs/sources_1/new/IF.v" into library xil_defaultlib
INFO: [VRFC 10-311] analyzing module IF
INFO: [VRFC 10-2263] Analyzing Verilog file "D:/GitHub/Computer-Organization-Project/pipelineCPU/pipelineCPU.srcs/sources_1/new/InputModule.v" into library xil_defaultlib
INFO: [VRFC 10-311] analyzing module InputModule
INFO: [VRFC 10-2263] Analyzing Verilog file "D:/GitHub/Computer-Organization-Project/pipelineCPU/pipelineCPU.srcs/sources_1/new/MEM.v" into library xil_defaultlib
INFO: [VRFC 10-311] analyzing module MEM
INFO: [VRFC 10-2263] Analyzing Verilog file "D:/GitHub/Computer-Organization-Project/pipelineCPU/pipelineCPU.srcs/sources_1/new/OutputModule.v" into library xil_defaultlib
INFO: [VRFC 10-311] analyzing module OutputModule
INFO: [VRFC 10-2263] Analyzing Verilog file "D:/GitHub/Computer-Organization-Project/pipelineCPU/pipelineCPU.srcs/sources_1/new/SegDisplay.v" into library xil_defaultlib
INFO: [VRFC 10-311] analyzing module SegDisplay
INFO: [VRFC 10-2263] Analyzing Verilog file "D:/GitHub/Computer-Organization-Project/pipelineCPU/pipelineCPU.srcs/sources_1/new/SegGenerator.v" into library xil_defaultlib
INFO: [VRFC 10-311] analyzing module SegGenerator
INFO: [USF-XSim-69] 'compile' step finished in '1' seconds
INFO: [USF-XSim-3] XSim::Elaborate design
INFO: [USF-XSim-61] Executing 'ELABORATE' step in 'D:/GitHub/Computer-Organization-Project/pipelineCPU/pipelineCPU.sim/sim_1/behav/xsim'
Vivado Simulator 2017.4
Copyright 1986-1999, 2001-2016 Xilinx, Inc. All Rights Reserved.
Running: D:/Xilinx/Vivado/2017.4/bin/unwrapped/win64.o/xelab.exe -wto 374ad2d08ccb4635b2dbbca0a3224143 --incr --debug typical --relax --mt 2 -L blk_mem_gen_v8_4_1 -L xil_defaultlib -L unisims_ver -L unimacro_ver -L secureip -L xpm --snapshot tb_pipeline_behav xil_defaultlib.tb_pipeline xil_defaultlib.glbl -log elaborate.log 
Using 2 slave threads.
Starting static elaboration
WARNING: [VRFC 10-278] actual bit length 32 differs from formal bit length 4 for port wea [D:/GitHub/Computer-Organization-Project/pipelineCPU/pipelineCPU.srcs/sources_1/new/MEM.v:68]
WARNING: [VRFC 10-1783] select index 62 into current_contents is out of bounds [/wrk/2017.4/nightly/2017_12_15_2086221/packages/customer/vivado/data/ip/xilinx/blk_mem_gen_v8_4/simulation/blk_mem_gen_v8_4.v:2420]
Completed static elaboration
Starting simulation data flow analysis
WARNING: [XSIM 43-4100] "D:/GitHub/Computer-Organization-Project/pipelineCPU/pipelineCPU.srcs/sources_1/new/top_module.v" Line 3. Module top_module has a timescale but at least one module in design doesn't have timescale.
WARNING: [XSIM 43-4100] "D:/GitHub/Computer-Organization-Project/pipelineCPU/pipelineCPU.srcs/sources_1/new/ClockDivider.v" Line 1. Module ClockDivider has a timescale but at least one module in design doesn't have timescale.
WARNING: [XSIM 43-4100] "D:/GitHub/Computer-Organization-Project/pipelineCPU/pipelineCPU.srcs/sources_1/new/ClockDivider.v" Line 1. Module ClockDivider has a timescale but at least one module in design doesn't have timescale.
WARNING: [XSIM 43-4100] "D:/GitHub/Computer-Organization-Project/pipelineCPU/pipelineCPU.srcs/sources_1/new/HarzardDetection.v" Line 3. Module HarzardDetection has a timescale but at least one module in design doesn't have timescale.
WARNING: [XSIM 43-4100] "D:/GitHub/Computer-Organization-Project/pipelineCPU/pipelineCPU.srcs/sources_1/new/IF.v" Line 23. Module IF has a timescale but at least one module in design doesn't have timescale.
WARNING: [XSIM 43-4100] "D:/GitHub/Computer-Organization-Project/pipelineCPU/pipelineCPU.srcs/sources_1/ip/pgrom/sim/pgrom.v" Line 55. Module pgrom has a timescale but at least one module in design doesn't have timescale.
WARNING: [XSIM 43-4100] "/wrk/2017.4/nightly/2017_12_15_2086221/packages/customer/vivado/data/ip/xilinx/blk_mem_gen_v8_4/simulation/blk_mem_gen_v8_4.v" Line 3412. Module blk_mem_gen_v8_4_1(C_FAMILY="artix7",C_XDEVICEFAMILY="artix7",C_ELABORATION_DIR="./",C_AXI_TYPE=1,C_MEM_TYPE=3,C_PRIM_TYPE=1,C_LOAD_INIT_FILE=1,C_INIT_FILE_NAME="pgrom.mif",C_INIT_FILE="pgrom.mem",C_HAS_ENA=0,C_WRITE_DEPTH_A=16384,C_READ_DEPTH_A=16384,C_ADDRA_WIDTH=14,C_INITB_VAL="0",C_HAS_ENB=0,C_WRITE_DEPTH_B=16384,C_READ_DEPTH_B=16384,C_ADDRB_WIDTH=14,C_SIM_COLLISION_CHECK="ALL",C_COMMON_CLK=0,C_COUNT_36K_BRAM="14",C_COUNT_18K_BRAM="1",C_EST_POWER_SUMMARY="Estimated_Power_for_IP_____:_____12.7204_mW") has a timescale but at least one module in design doesn't have timescale.
WARNING: [XSIM 43-4100] "/wrk/2017.4/nightly/2017_12_15_2086221/packages/customer/vivado/data/ip/xilinx/blk_mem_gen_v8_4/simulation/blk_mem_gen_v8_4.v" Line 1951. Module blk_mem_gen_v8_4_1_mem_module(C_FAMILY="artix7",C_XDEVICEFAMILY="artix7",C_MEM_TYPE=3,C_PRIM_TYPE=1,C_LOAD_INIT_FILE=1,C_INIT_FILE_NAME="pgrom.mif",C_INIT_FILE="pgrom.mem",C_HAS_ENA=0,C_WRITE_DEPTH_A=16384,C_READ_DEPTH_A=16384,C_ADDRA_WIDTH=14,C_INITB_VAL="0",C_HAS_ENB=0,C_WRITE_DEPTH_B=16384,C_READ_DEPTH_B=16384,C_ADDRB_WIDTH=14,C_SIM_COLLISION_CHECK="ALL",C_COMMON_CLK=0) has a timescale but at least one module in design doesn't have timescale.
WARNING: [XSIM 43-4100] "/wrk/2017.4/nightly/2017_12_15_2086221/packages/customer/vivado/data/ip/xilinx/blk_mem_gen_v8_4/simulation/blk_mem_gen_v8_4.v" Line 1563. Module blk_mem_gen_v8_4_1_output_stage(C_FAMILY="artix7",C_XDEVICEFAMILY="artix7",C_ADDRB_WIDTH=14,NUM_STAGES=0) has a timescale but at least one module in design doesn't have timescale.
WARNING: [XSIM 43-4100] "/wrk/2017.4/nightly/2017_12_15_2086221/packages/customer/vivado/data/ip/xilinx/blk_mem_gen_v8_4/simulation/blk_mem_gen_v8_4.v" Line 1563. Module blk_mem_gen_v8_4_1_output_stage(C_FAMILY="artix7",C_XDEVICEFAMILY="artix7",C_ADDRB_WIDTH=14,NUM_STAGES=0) has a timescale but at least one module in design doesn't have timescale.
WARNING: [XSIM 43-4100] "/wrk/2017.4/nightly/2017_12_15_2086221/packages/customer/vivado/data/ip/xilinx/blk_mem_gen_v8_4/simulation/blk_mem_gen_v8_4.v" Line 1859. Module blk_mem_gen_v8_4_1_softecc_output_reg_stage(C_ADDRB_WIDTH=14) has a timescale but at least one module in design doesn't have timescale.
WARNING: [XSIM 43-4100] "D:/GitHub/Computer-Organization-Project/pipelineCPU/pipelineCPU.srcs/sources_1/new/ID.v" Line 23. Module ID has a timescale but at least one module in design doesn't have timescale.
WARNING: [XSIM 43-4100] "D:/GitHub/Computer-Organization-Project/pipelineCPU/pipelineCPU.srcs/sources_1/new/EXE.v" Line 23. Module EXE has a timescale but at least one module in design doesn't have timescale.
WARNING: [XSIM 43-4100] "D:/GitHub/Computer-Organization-Project/pipelineCPU/pipelineCPU.srcs/sources_1/new/MEM.v" Line 23. Module MEM has a timescale but at least one module in design doesn't have timescale.
WARNING: [XSIM 43-4100] "D:/GitHub/Computer-Organization-Project/pipelineCPU/pipelineCPU.srcs/sources_1/ip/pgram/sim/pgram.v" Line 55. Module pgram has a timescale but at least one module in design doesn't have timescale.
WARNING: [XSIM 43-4100] "/wrk/2017.4/nightly/2017_12_15_2086221/packages/customer/vivado/data/ip/xilinx/blk_mem_gen_v8_4/simulation/blk_mem_gen_v8_4.v" Line 3412. Module blk_mem_gen_v8_4_1(C_FAMILY="artix7",C_XDEVICEFAMILY="artix7",C_ELABORATION_DIR="./",C_AXI_TYPE=1,C_MEM_TYPE=0,C_BYTE_SIZE=8,C_PRIM_TYPE=1,C_INIT_FILE_NAME="no_coe_file_loaded",C_INIT_FILE="pgram.mem",C_HAS_ENA=0,C_USE_BYTE_WEA=1,C_WEA_WIDTH=4,C_WRITE_DEPTH_A=16384,C_READ_DEPTH_A=16384,C_ADDRA_WIDTH=14,C_INITB_VAL="0",C_HAS_ENB=0,C_USE_BYTE_WEB=1,C_WEB_WIDTH=4,C_WRITE_DEPTH_B=16384,C_READ_DEPTH_B=16384,C_ADDRB_WIDTH=14,C_SIM_COLLISION_CHECK="ALL",C_COMMON_CLK=0,C_COUNT_36K_BRAM="16",C_COUNT_18K_BRAM="0",C_EST_POWER_SUMMARY="Estimated_Power_for_IP_____:_____10.194_mW") has a timescale but at least one module in design doesn't have timescale.
WARNING: [XSIM 43-4100] "/wrk/2017.4/nightly/2017_12_15_2086221/packages/customer/vivado/data/ip/xilinx/blk_mem_gen_v8_4/simulation/blk_mem_gen_v8_4.v" Line 1951. Module blk_mem_gen_v8_4_1_mem_module(C_FAMILY="artix7",C_XDEVICEFAMILY="artix7",C_MEM_TYPE=0,C_BYTE_SIZE=8,C_PRIM_TYPE=1,C_INIT_FILE_NAME="no_coe_file_loaded",C_INIT_FILE="pgram.mem",C_HAS_ENA=0,C_USE_BYTE_WEA=1,C_WEA_WIDTH=4,C_WRITE_DEPTH_A=16384,C_READ_DEPTH_A=16384,C_ADDRA_WIDTH=14,C_INITB_VAL="0",C_HAS_ENB=0,C_USE_BYTE_WEB=1,C_WEB_WIDTH=4,C_WRITE_DEPTH_B=16384,C_READ_DEPTH_B=16384,C_ADDRB_WIDTH=14,C_SIM_COLLISION_CHECK="ALL",C_COMMON_CLK=0) has a timescale but at least one module in design doesn't have timescale.
WARNING: [XSIM 43-4100] "/wrk/2017.4/nightly/2017_12_15_2086221/packages/customer/vivado/data/ip/xilinx/blk_mem_gen_v8_4/simulation/blk_mem_gen_v8_4.v" Line 1563. Module blk_mem_gen_v8_4_1_output_stage(C_FAMILY="artix7",C_XDEVICEFAMILY="artix7",C_ADDRB_WIDTH=14,NUM_STAGES=0) has a timescale but at least one module in design doesn't have timescale.
WARNING: [XSIM 43-4100] "/wrk/2017.4/nightly/2017_12_15_2086221/packages/customer/vivado/data/ip/xilinx/blk_mem_gen_v8_4/simulation/blk_mem_gen_v8_4.v" Line 1563. Module blk_mem_gen_v8_4_1_output_stage(C_FAMILY="artix7",C_XDEVICEFAMILY="artix7",C_ADDRB_WIDTH=14,NUM_STAGES=0) has a timescale but at least one module in design doesn't have timescale.
WARNING: [XSIM 43-4100] "/wrk/2017.4/nightly/2017_12_15_2086221/packages/customer/vivado/data/ip/xilinx/blk_mem_gen_v8_4/simulation/blk_mem_gen_v8_4.v" Line 1859. Module blk_mem_gen_v8_4_1_softecc_output_reg_stage(C_ADDRB_WIDTH=14) has a timescale but at least one module in design doesn't have timescale.
WARNING: [XSIM 43-4100] "D:/GitHub/Computer-Organization-Project/pipelineCPU/pipelineCPU.srcs/sources_1/new/WB.v" Line 1. Module WB has a timescale but at least one module in design doesn't have timescale.
WARNING: [XSIM 43-4100] "D:/GitHub/Computer-Organization-Project/pipelineCPU/pipelineCPU.srcs/sources_1/new/InputModule.v" Line 3. Module InputModule has a timescale but at least one module in design doesn't have timescale.
WARNING: [XSIM 43-4100] "D:/GitHub/Computer-Organization-Project/pipelineCPU/pipelineCPU.srcs/sources_1/new/OutputModule.v" Line 1. Module OutputModule has a timescale but at least one module in design doesn't have timescale.
WARNING: [XSIM 43-4100] "D:/GitHub/Computer-Organization-Project/pipelineCPU/pipelineCPU.srcs/sources_1/new/SegGenerator.v" Line 1. Module SegGenerator has a timescale but at least one module in design doesn't have timescale.
WARNING: [XSIM 43-4100] "D:/GitHub/Computer-Organization-Project/pipelineCPU/pipelineCPU.srcs/sources_1/new/ClockDivider.v" Line 1. Module ClockDivider has a timescale but at least one module in design doesn't have timescale.
WARNING: [XSIM 43-4100] "D:/GitHub/Computer-Organization-Project/pipelineCPU/pipelineCPU.srcs/sources_1/new/SegDisplay.v" Line 1. Module SegDisplay has a timescale but at least one module in design doesn't have timescale.
WARNING: [XSIM 43-4100] "D:/GitHub/Computer-Organization-Project/pipelineCPU/pipelineCPU.sim/sim_1/behav/xsim/glbl.v" Line 6. Module glbl has a timescale but at least one module in design doesn't have timescale.
Completed simulation data flow analysis
Time Resolution for simulation is 1ps
Compiling module xil_defaultlib.ClockDivider
Compiling module xil_defaultlib.HarzardDetection
Compiling module blk_mem_gen_v8_4_1.blk_mem_gen_v8_4_1_output_stage(...
Compiling module blk_mem_gen_v8_4_1.blk_mem_gen_v8_4_1_softecc_outpu...
Compiling module blk_mem_gen_v8_4_1.blk_mem_gen_v8_4_1_mem_module(C_...
Compiling module blk_mem_gen_v8_4_1.blk_mem_gen_v8_4_1(C_FAMILY="art...
Compiling module xil_defaultlib.pgrom
Compiling module xil_defaultlib.IF
Compiling module xil_defaultlib.ID
Compiling module xil_defaultlib.EXE
Compiling module blk_mem_gen_v8_4_1.blk_mem_gen_v8_4_1_mem_module(C_...
Compiling module blk_mem_gen_v8_4_1.blk_mem_gen_v8_4_1(C_FAMILY="art...
Compiling module xil_defaultlib.pgram
Compiling module xil_defaultlib.MEM
Compiling module xil_defaultlib.WB
Compiling module xil_defaultlib.InputModule
Compiling module xil_defaultlib.SegGenerator
Compiling module xil_defaultlib.SegDisplay
Compiling module xil_defaultlib.OutputModule
Compiling module xil_defaultlib.top_module
Compiling module xil_defaultlib.tb_pipeline
Compiling module xil_defaultlib.glbl
Built simulation snapshot tb_pipeline_behav
INFO: [USF-XSim-69] 'elaborate' step finished in '3' seconds
INFO: [USF-XSim-4] XSim::Simulate design
INFO: [USF-XSim-61] Executing 'SIMULATE' step in 'D:/GitHub/Computer-Organization-Project/pipelineCPU/pipelineCPU.sim/sim_1/behav/xsim'
INFO: [USF-XSim-98] *** Running xsim
   with args "tb_pipeline_behav -key {Behavioral:sim_1:Functional:tb_pipeline} -tclbatch {tb_pipeline.tcl} -view {D:/GitHub/Computer-Organization-Project/pipelineCPU/tb_pipeline_behav.wcfg} -log {simulate.log}"
INFO: [USF-XSim-8] Loading simulator feature
Vivado Simulator 2017.4
Time resolution is 1 ps
open_wave_config D:/GitHub/Computer-Organization-Project/pipelineCPU/tb_pipeline_behav.wcfg
source tb_pipeline.tcl
# set curr_wave [current_wave_config]
# if { [string length $curr_wave] == 0 } {
#   if { [llength [get_objects]] > 0} {
#     add_wave /
#     set_property needs_save false [current_wave_config]
#   } else {
#      send_msg_id Add_Wave-1 WARNING "No top level signals found. Simulator will start without a wave window. If you want to open a wave window go to 'File->New Waveform Configuration' or type 'create_wave_config' in the TCL console."
#   }
# }
# run 1000ns
 Block Memory Generator module loading initial data...
 Block Memory Generator data initialization complete.
Block Memory Generator module tb_pipeline.uut_tm.if_uut.urom.inst.native_mem_module.blk_mem_gen_v8_4_1_inst is using a behavioral model for simulation which will not precisely model memory collision behavior.
Block Memory Generator module tb_pipeline.uut_tm.mem_uut.udram.inst.native_mem_module.blk_mem_gen_v8_4_1_inst is using a behavioral model for simulation which will not precisely model memory collision behavior.
INFO: [USF-XSim-96] XSim completed. Design snapshot 'tb_pipeline_behav' loaded.
INFO: [USF-XSim-97] XSim simulation ran for 1000ns
launch_simulation: Time (s): cpu = 00:00:03 ; elapsed = 00:00:07 . Memory (MB): peak = 1461.297 ; gain = 0.000
add_wave {{/tb_pipeline/uut_tm/hd_uut/is_nop}} 
save_wave_config {D:/GitHub/Computer-Organization-Project/pipelineCPU/tb_pipeline_behav.wcfg}
close_sim
INFO: [Simtcl 6-16] Simulation closed
launch_simulation
INFO: [Vivado 12-5698] Checking validity of IPs in the design for the 'XSim' simulator...
INFO: [Vivado 12-5682] Launching behavioral simulation in 'D:/GitHub/Computer-Organization-Project/pipelineCPU/pipelineCPU.sim/sim_1/behav/xsim'
INFO: [Vivado 12-4795] Using compiled simulation libraries for IPs
INFO: [SIM-utils-51] Simulation object is 'sim_1'
INFO: [USF-XSim-7] Finding pre-compiled libraries...
INFO: [USF-XSim-11] File 'D:/Xilinx/Vivado/2017.4/data/xsim/ip/xsim_ip.ini' copied to run dir:'D:/GitHub/Computer-Organization-Project/pipelineCPU/pipelineCPU.sim/sim_1/behav/xsim'
INFO: [SIM-utils-54] Inspecting design source files for 'tb_pipeline' in fileset 'sim_1'...
INFO: [SIM-utils-43] Exported 'D:/GitHub/Computer-Organization-Project/pipelineCPU/pipelineCPU.sim/sim_1/behav/xsim/pgrom.mif'
INFO: [SIM-utils-43] Exported 'D:/GitHub/Computer-Organization-Project/pipelineCPU/pipelineCPU.sim/sim_1/behav/xsim/test9ROM.coe'
INFO: [SIM-utils-43] Exported 'D:/GitHub/Computer-Organization-Project/pipelineCPU/pipelineCPU.sim/sim_1/behav/xsim/test1ROM.coe'
INFO: [USF-XSim-97] Finding global include files...
INFO: [USF-XSim-98] Fetching design files from 'sim_1'...
INFO: [USF-XSim-2] XSim::Compile design
INFO: [USF-XSim-61] Executing 'COMPILE and ANALYZE' step in 'D:/GitHub/Computer-Organization-Project/pipelineCPU/pipelineCPU.sim/sim_1/behav/xsim'
"xvlog --incr --relax -L xil_defaultlib -prj tb_pipeline_vlog.prj"
INFO: [USF-XSim-69] 'compile' step finished in '1' seconds
INFO: [USF-XSim-3] XSim::Elaborate design
INFO: [USF-XSim-61] Executing 'ELABORATE' step in 'D:/GitHub/Computer-Organization-Project/pipelineCPU/pipelineCPU.sim/sim_1/behav/xsim'
Vivado Simulator 2017.4
Copyright 1986-1999, 2001-2016 Xilinx, Inc. All Rights Reserved.
Running: D:/Xilinx/Vivado/2017.4/bin/unwrapped/win64.o/xelab.exe -wto 374ad2d08ccb4635b2dbbca0a3224143 --incr --debug typical --relax --mt 2 -L blk_mem_gen_v8_4_1 -L xil_defaultlib -L unisims_ver -L unimacro_ver -L secureip -L xpm --snapshot tb_pipeline_behav xil_defaultlib.tb_pipeline xil_defaultlib.glbl -log elaborate.log 
Using 2 slave threads.
Starting static elaboration
WARNING: [VRFC 10-278] actual bit length 32 differs from formal bit length 4 for port wea [D:/GitHub/Computer-Organization-Project/pipelineCPU/pipelineCPU.srcs/sources_1/new/MEM.v:68]
WARNING: [VRFC 10-1783] select index 62 into current_contents is out of bounds [/wrk/2017.4/nightly/2017_12_15_2086221/packages/customer/vivado/data/ip/xilinx/blk_mem_gen_v8_4/simulation/blk_mem_gen_v8_4.v:2420]
Completed static elaboration
INFO: [XSIM 43-4323] No Change in HDL. Linking previously generated obj files to create kernel
INFO: [USF-XSim-69] 'elaborate' step finished in '1' seconds
INFO: [USF-XSim-4] XSim::Simulate design
INFO: [USF-XSim-61] Executing 'SIMULATE' step in 'D:/GitHub/Computer-Organization-Project/pipelineCPU/pipelineCPU.sim/sim_1/behav/xsim'
INFO: [USF-XSim-98] *** Running xsim
   with args "tb_pipeline_behav -key {Behavioral:sim_1:Functional:tb_pipeline} -tclbatch {tb_pipeline.tcl} -view {D:/GitHub/Computer-Organization-Project/pipelineCPU/tb_pipeline_behav.wcfg} -log {simulate.log}"
INFO: [USF-XSim-8] Loading simulator feature
Vivado Simulator 2017.4
Time resolution is 1 ps
open_wave_config D:/GitHub/Computer-Organization-Project/pipelineCPU/tb_pipeline_behav.wcfg
source tb_pipeline.tcl
# set curr_wave [current_wave_config]
# if { [string length $curr_wave] == 0 } {
#   if { [llength [get_objects]] > 0} {
#     add_wave /
#     set_property needs_save false [current_wave_config]
#   } else {
#      send_msg_id Add_Wave-1 WARNING "No top level signals found. Simulator will start without a wave window. If you want to open a wave window go to 'File->New Waveform Configuration' or type 'create_wave_config' in the TCL console."
#   }
# }
# run 1000ns
 Block Memory Generator module loading initial data...
 Block Memory Generator data initialization complete.
Block Memory Generator module tb_pipeline.uut_tm.if_uut.urom.inst.native_mem_module.blk_mem_gen_v8_4_1_inst is using a behavioral model for simulation which will not precisely model memory collision behavior.
Block Memory Generator module tb_pipeline.uut_tm.mem_uut.udram.inst.native_mem_module.blk_mem_gen_v8_4_1_inst is using a behavioral model for simulation which will not precisely model memory collision behavior.
INFO: [USF-XSim-96] XSim completed. Design snapshot 'tb_pipeline_behav' loaded.
INFO: [USF-XSim-97] XSim simulation ran for 1000ns
close_sim
INFO: [Simtcl 6-16] Simulation closed
launch_simulation
INFO: [Vivado 12-5698] Checking validity of IPs in the design for the 'XSim' simulator...
INFO: [Vivado 12-5682] Launching behavioral simulation in 'D:/GitHub/Computer-Organization-Project/pipelineCPU/pipelineCPU.sim/sim_1/behav/xsim'
INFO: [Vivado 12-4795] Using compiled simulation libraries for IPs
INFO: [SIM-utils-51] Simulation object is 'sim_1'
INFO: [USF-XSim-7] Finding pre-compiled libraries...
INFO: [USF-XSim-11] File 'D:/Xilinx/Vivado/2017.4/data/xsim/ip/xsim_ip.ini' copied to run dir:'D:/GitHub/Computer-Organization-Project/pipelineCPU/pipelineCPU.sim/sim_1/behav/xsim'
INFO: [SIM-utils-54] Inspecting design source files for 'tb_pipeline' in fileset 'sim_1'...
INFO: [SIM-utils-43] Exported 'D:/GitHub/Computer-Organization-Project/pipelineCPU/pipelineCPU.sim/sim_1/behav/xsim/pgrom.mif'
INFO: [SIM-utils-43] Exported 'D:/GitHub/Computer-Organization-Project/pipelineCPU/pipelineCPU.sim/sim_1/behav/xsim/test9ROM.coe'
INFO: [SIM-utils-43] Exported 'D:/GitHub/Computer-Organization-Project/pipelineCPU/pipelineCPU.sim/sim_1/behav/xsim/test1ROM.coe'
INFO: [USF-XSim-97] Finding global include files...
INFO: [USF-XSim-98] Fetching design files from 'sim_1'...
INFO: [USF-XSim-2] XSim::Compile design
INFO: [USF-XSim-61] Executing 'COMPILE and ANALYZE' step in 'D:/GitHub/Computer-Organization-Project/pipelineCPU/pipelineCPU.sim/sim_1/behav/xsim'
"xvlog --incr --relax -L xil_defaultlib -prj tb_pipeline_vlog.prj"
INFO: [VRFC 10-2263] Analyzing Verilog file "D:/GitHub/Computer-Organization-Project/pipelineCPU/pipelineCPU.srcs/sources_1/ip/pgram/sim/pgram.v" into library xil_defaultlib
INFO: [VRFC 10-311] analyzing module pgram
INFO: [VRFC 10-2263] Analyzing Verilog file "D:/GitHub/Computer-Organization-Project/pipelineCPU/pipelineCPU.srcs/sources_1/ip/pgrom/sim/pgrom.v" into library xil_defaultlib
INFO: [VRFC 10-311] analyzing module pgrom
INFO: [VRFC 10-2263] Analyzing Verilog file "D:/GitHub/Computer-Organization-Project/pipelineCPU/pipelineCPU.srcs/sources_1/new/ClockDivider.v" into library xil_defaultlib
INFO: [VRFC 10-311] analyzing module ClockDivider
INFO: [VRFC 10-2263] Analyzing Verilog file "D:/GitHub/Computer-Organization-Project/pipelineCPU/pipelineCPU.srcs/sources_1/new/EXE.v" into library xil_defaultlib
INFO: [VRFC 10-311] analyzing module EXE
INFO: [VRFC 10-2263] Analyzing Verilog file "D:/GitHub/Computer-Organization-Project/pipelineCPU/pipelineCPU.srcs/sources_1/new/HarzardDetection.v" into library xil_defaultlib
INFO: [VRFC 10-311] analyzing module HarzardDetection
INFO: [VRFC 10-2263] Analyzing Verilog file "D:/GitHub/Computer-Organization-Project/pipelineCPU/pipelineCPU.srcs/sources_1/new/IF.v" into library xil_defaultlib
INFO: [VRFC 10-311] analyzing module IF
INFO: [VRFC 10-2263] Analyzing Verilog file "D:/GitHub/Computer-Organization-Project/pipelineCPU/pipelineCPU.srcs/sources_1/new/InputModule.v" into library xil_defaultlib
INFO: [VRFC 10-311] analyzing module InputModule
INFO: [VRFC 10-2263] Analyzing Verilog file "D:/GitHub/Computer-Organization-Project/pipelineCPU/pipelineCPU.srcs/sources_1/new/MEM.v" into library xil_defaultlib
INFO: [VRFC 10-311] analyzing module MEM
INFO: [VRFC 10-2263] Analyzing Verilog file "D:/GitHub/Computer-Organization-Project/pipelineCPU/pipelineCPU.srcs/sources_1/new/OutputModule.v" into library xil_defaultlib
INFO: [VRFC 10-311] analyzing module OutputModule
INFO: [VRFC 10-2263] Analyzing Verilog file "D:/GitHub/Computer-Organization-Project/pipelineCPU/pipelineCPU.srcs/sources_1/new/SegDisplay.v" into library xil_defaultlib
INFO: [VRFC 10-311] analyzing module SegDisplay
INFO: [VRFC 10-2263] Analyzing Verilog file "D:/GitHub/Computer-Organization-Project/pipelineCPU/pipelineCPU.srcs/sources_1/new/SegGenerator.v" into library xil_defaultlib
INFO: [VRFC 10-311] analyzing module SegGenerator
INFO: [USF-XSim-69] 'compile' step finished in '1' seconds
INFO: [USF-XSim-3] XSim::Elaborate design
INFO: [USF-XSim-61] Executing 'ELABORATE' step in 'D:/GitHub/Computer-Organization-Project/pipelineCPU/pipelineCPU.sim/sim_1/behav/xsim'
Vivado Simulator 2017.4
Copyright 1986-1999, 2001-2016 Xilinx, Inc. All Rights Reserved.
Running: D:/Xilinx/Vivado/2017.4/bin/unwrapped/win64.o/xelab.exe -wto 374ad2d08ccb4635b2dbbca0a3224143 --incr --debug typical --relax --mt 2 -L blk_mem_gen_v8_4_1 -L xil_defaultlib -L unisims_ver -L unimacro_ver -L secureip -L xpm --snapshot tb_pipeline_behav xil_defaultlib.tb_pipeline xil_defaultlib.glbl -log elaborate.log 
Using 2 slave threads.
Starting static elaboration
WARNING: [VRFC 10-278] actual bit length 32 differs from formal bit length 4 for port wea [D:/GitHub/Computer-Organization-Project/pipelineCPU/pipelineCPU.srcs/sources_1/new/MEM.v:68]
WARNING: [VRFC 10-1783] select index 62 into current_contents is out of bounds [/wrk/2017.4/nightly/2017_12_15_2086221/packages/customer/vivado/data/ip/xilinx/blk_mem_gen_v8_4/simulation/blk_mem_gen_v8_4.v:2420]
Completed static elaboration
Starting simulation data flow analysis
WARNING: [XSIM 43-4100] "D:/GitHub/Computer-Organization-Project/pipelineCPU/pipelineCPU.srcs/sources_1/new/top_module.v" Line 3. Module top_module has a timescale but at least one module in design doesn't have timescale.
WARNING: [XSIM 43-4100] "D:/GitHub/Computer-Organization-Project/pipelineCPU/pipelineCPU.srcs/sources_1/new/ClockDivider.v" Line 1. Module ClockDivider has a timescale but at least one module in design doesn't have timescale.
WARNING: [XSIM 43-4100] "D:/GitHub/Computer-Organization-Project/pipelineCPU/pipelineCPU.srcs/sources_1/new/ClockDivider.v" Line 1. Module ClockDivider has a timescale but at least one module in design doesn't have timescale.
WARNING: [XSIM 43-4100] "D:/GitHub/Computer-Organization-Project/pipelineCPU/pipelineCPU.srcs/sources_1/new/HarzardDetection.v" Line 3. Module HarzardDetection has a timescale but at least one module in design doesn't have timescale.
WARNING: [XSIM 43-4100] "D:/GitHub/Computer-Organization-Project/pipelineCPU/pipelineCPU.srcs/sources_1/new/IF.v" Line 23. Module IF has a timescale but at least one module in design doesn't have timescale.
WARNING: [XSIM 43-4100] "D:/GitHub/Computer-Organization-Project/pipelineCPU/pipelineCPU.srcs/sources_1/ip/pgrom/sim/pgrom.v" Line 55. Module pgrom has a timescale but at least one module in design doesn't have timescale.
WARNING: [XSIM 43-4100] "/wrk/2017.4/nightly/2017_12_15_2086221/packages/customer/vivado/data/ip/xilinx/blk_mem_gen_v8_4/simulation/blk_mem_gen_v8_4.v" Line 3412. Module blk_mem_gen_v8_4_1(C_FAMILY="artix7",C_XDEVICEFAMILY="artix7",C_ELABORATION_DIR="./",C_AXI_TYPE=1,C_MEM_TYPE=3,C_PRIM_TYPE=1,C_LOAD_INIT_FILE=1,C_INIT_FILE_NAME="pgrom.mif",C_INIT_FILE="pgrom.mem",C_HAS_ENA=0,C_WRITE_DEPTH_A=16384,C_READ_DEPTH_A=16384,C_ADDRA_WIDTH=14,C_INITB_VAL="0",C_HAS_ENB=0,C_WRITE_DEPTH_B=16384,C_READ_DEPTH_B=16384,C_ADDRB_WIDTH=14,C_SIM_COLLISION_CHECK="ALL",C_COMMON_CLK=0,C_COUNT_36K_BRAM="14",C_COUNT_18K_BRAM="1",C_EST_POWER_SUMMARY="Estimated_Power_for_IP_____:_____12.7204_mW") has a timescale but at least one module in design doesn't have timescale.
WARNING: [XSIM 43-4100] "/wrk/2017.4/nightly/2017_12_15_2086221/packages/customer/vivado/data/ip/xilinx/blk_mem_gen_v8_4/simulation/blk_mem_gen_v8_4.v" Line 1951. Module blk_mem_gen_v8_4_1_mem_module(C_FAMILY="artix7",C_XDEVICEFAMILY="artix7",C_MEM_TYPE=3,C_PRIM_TYPE=1,C_LOAD_INIT_FILE=1,C_INIT_FILE_NAME="pgrom.mif",C_INIT_FILE="pgrom.mem",C_HAS_ENA=0,C_WRITE_DEPTH_A=16384,C_READ_DEPTH_A=16384,C_ADDRA_WIDTH=14,C_INITB_VAL="0",C_HAS_ENB=0,C_WRITE_DEPTH_B=16384,C_READ_DEPTH_B=16384,C_ADDRB_WIDTH=14,C_SIM_COLLISION_CHECK="ALL",C_COMMON_CLK=0) has a timescale but at least one module in design doesn't have timescale.
WARNING: [XSIM 43-4100] "/wrk/2017.4/nightly/2017_12_15_2086221/packages/customer/vivado/data/ip/xilinx/blk_mem_gen_v8_4/simulation/blk_mem_gen_v8_4.v" Line 1563. Module blk_mem_gen_v8_4_1_output_stage(C_FAMILY="artix7",C_XDEVICEFAMILY="artix7",C_ADDRB_WIDTH=14,NUM_STAGES=0) has a timescale but at least one module in design doesn't have timescale.
WARNING: [XSIM 43-4100] "/wrk/2017.4/nightly/2017_12_15_2086221/packages/customer/vivado/data/ip/xilinx/blk_mem_gen_v8_4/simulation/blk_mem_gen_v8_4.v" Line 1563. Module blk_mem_gen_v8_4_1_output_stage(C_FAMILY="artix7",C_XDEVICEFAMILY="artix7",C_ADDRB_WIDTH=14,NUM_STAGES=0) has a timescale but at least one module in design doesn't have timescale.
WARNING: [XSIM 43-4100] "/wrk/2017.4/nightly/2017_12_15_2086221/packages/customer/vivado/data/ip/xilinx/blk_mem_gen_v8_4/simulation/blk_mem_gen_v8_4.v" Line 1859. Module blk_mem_gen_v8_4_1_softecc_output_reg_stage(C_ADDRB_WIDTH=14) has a timescale but at least one module in design doesn't have timescale.
WARNING: [XSIM 43-4100] "D:/GitHub/Computer-Organization-Project/pipelineCPU/pipelineCPU.srcs/sources_1/new/ID.v" Line 23. Module ID has a timescale but at least one module in design doesn't have timescale.
WARNING: [XSIM 43-4100] "D:/GitHub/Computer-Organization-Project/pipelineCPU/pipelineCPU.srcs/sources_1/new/EXE.v" Line 23. Module EXE has a timescale but at least one module in design doesn't have timescale.
WARNING: [XSIM 43-4100] "D:/GitHub/Computer-Organization-Project/pipelineCPU/pipelineCPU.srcs/sources_1/new/MEM.v" Line 23. Module MEM has a timescale but at least one module in design doesn't have timescale.
WARNING: [XSIM 43-4100] "D:/GitHub/Computer-Organization-Project/pipelineCPU/pipelineCPU.srcs/sources_1/ip/pgram/sim/pgram.v" Line 55. Module pgram has a timescale but at least one module in design doesn't have timescale.
WARNING: [XSIM 43-4100] "/wrk/2017.4/nightly/2017_12_15_2086221/packages/customer/vivado/data/ip/xilinx/blk_mem_gen_v8_4/simulation/blk_mem_gen_v8_4.v" Line 3412. Module blk_mem_gen_v8_4_1(C_FAMILY="artix7",C_XDEVICEFAMILY="artix7",C_ELABORATION_DIR="./",C_AXI_TYPE=1,C_MEM_TYPE=0,C_BYTE_SIZE=8,C_PRIM_TYPE=1,C_INIT_FILE_NAME="no_coe_file_loaded",C_INIT_FILE="pgram.mem",C_HAS_ENA=0,C_USE_BYTE_WEA=1,C_WEA_WIDTH=4,C_WRITE_DEPTH_A=16384,C_READ_DEPTH_A=16384,C_ADDRA_WIDTH=14,C_INITB_VAL="0",C_HAS_ENB=0,C_USE_BYTE_WEB=1,C_WEB_WIDTH=4,C_WRITE_DEPTH_B=16384,C_READ_DEPTH_B=16384,C_ADDRB_WIDTH=14,C_SIM_COLLISION_CHECK="ALL",C_COMMON_CLK=0,C_COUNT_36K_BRAM="16",C_COUNT_18K_BRAM="0",C_EST_POWER_SUMMARY="Estimated_Power_for_IP_____:_____10.194_mW") has a timescale but at least one module in design doesn't have timescale.
WARNING: [XSIM 43-4100] "/wrk/2017.4/nightly/2017_12_15_2086221/packages/customer/vivado/data/ip/xilinx/blk_mem_gen_v8_4/simulation/blk_mem_gen_v8_4.v" Line 1951. Module blk_mem_gen_v8_4_1_mem_module(C_FAMILY="artix7",C_XDEVICEFAMILY="artix7",C_MEM_TYPE=0,C_BYTE_SIZE=8,C_PRIM_TYPE=1,C_INIT_FILE_NAME="no_coe_file_loaded",C_INIT_FILE="pgram.mem",C_HAS_ENA=0,C_USE_BYTE_WEA=1,C_WEA_WIDTH=4,C_WRITE_DEPTH_A=16384,C_READ_DEPTH_A=16384,C_ADDRA_WIDTH=14,C_INITB_VAL="0",C_HAS_ENB=0,C_USE_BYTE_WEB=1,C_WEB_WIDTH=4,C_WRITE_DEPTH_B=16384,C_READ_DEPTH_B=16384,C_ADDRB_WIDTH=14,C_SIM_COLLISION_CHECK="ALL",C_COMMON_CLK=0) has a timescale but at least one module in design doesn't have timescale.
WARNING: [XSIM 43-4100] "/wrk/2017.4/nightly/2017_12_15_2086221/packages/customer/vivado/data/ip/xilinx/blk_mem_gen_v8_4/simulation/blk_mem_gen_v8_4.v" Line 1563. Module blk_mem_gen_v8_4_1_output_stage(C_FAMILY="artix7",C_XDEVICEFAMILY="artix7",C_ADDRB_WIDTH=14,NUM_STAGES=0) has a timescale but at least one module in design doesn't have timescale.
WARNING: [XSIM 43-4100] "/wrk/2017.4/nightly/2017_12_15_2086221/packages/customer/vivado/data/ip/xilinx/blk_mem_gen_v8_4/simulation/blk_mem_gen_v8_4.v" Line 1563. Module blk_mem_gen_v8_4_1_output_stage(C_FAMILY="artix7",C_XDEVICEFAMILY="artix7",C_ADDRB_WIDTH=14,NUM_STAGES=0) has a timescale but at least one module in design doesn't have timescale.
WARNING: [XSIM 43-4100] "/wrk/2017.4/nightly/2017_12_15_2086221/packages/customer/vivado/data/ip/xilinx/blk_mem_gen_v8_4/simulation/blk_mem_gen_v8_4.v" Line 1859. Module blk_mem_gen_v8_4_1_softecc_output_reg_stage(C_ADDRB_WIDTH=14) has a timescale but at least one module in design doesn't have timescale.
WARNING: [XSIM 43-4100] "D:/GitHub/Computer-Organization-Project/pipelineCPU/pipelineCPU.srcs/sources_1/new/WB.v" Line 1. Module WB has a timescale but at least one module in design doesn't have timescale.
WARNING: [XSIM 43-4100] "D:/GitHub/Computer-Organization-Project/pipelineCPU/pipelineCPU.srcs/sources_1/new/InputModule.v" Line 3. Module InputModule has a timescale but at least one module in design doesn't have timescale.
WARNING: [XSIM 43-4100] "D:/GitHub/Computer-Organization-Project/pipelineCPU/pipelineCPU.srcs/sources_1/new/OutputModule.v" Line 1. Module OutputModule has a timescale but at least one module in design doesn't have timescale.
WARNING: [XSIM 43-4100] "D:/GitHub/Computer-Organization-Project/pipelineCPU/pipelineCPU.srcs/sources_1/new/SegGenerator.v" Line 1. Module SegGenerator has a timescale but at least one module in design doesn't have timescale.
WARNING: [XSIM 43-4100] "D:/GitHub/Computer-Organization-Project/pipelineCPU/pipelineCPU.srcs/sources_1/new/ClockDivider.v" Line 1. Module ClockDivider has a timescale but at least one module in design doesn't have timescale.
WARNING: [XSIM 43-4100] "D:/GitHub/Computer-Organization-Project/pipelineCPU/pipelineCPU.srcs/sources_1/new/SegDisplay.v" Line 1. Module SegDisplay has a timescale but at least one module in design doesn't have timescale.
WARNING: [XSIM 43-4100] "D:/GitHub/Computer-Organization-Project/pipelineCPU/pipelineCPU.sim/sim_1/behav/xsim/glbl.v" Line 6. Module glbl has a timescale but at least one module in design doesn't have timescale.
Completed simulation data flow analysis
Time Resolution for simulation is 1ps
Compiling module xil_defaultlib.ClockDivider
Compiling module xil_defaultlib.HarzardDetection
Compiling module blk_mem_gen_v8_4_1.blk_mem_gen_v8_4_1_output_stage(...
Compiling module blk_mem_gen_v8_4_1.blk_mem_gen_v8_4_1_softecc_outpu...
Compiling module blk_mem_gen_v8_4_1.blk_mem_gen_v8_4_1_mem_module(C_...
Compiling module blk_mem_gen_v8_4_1.blk_mem_gen_v8_4_1(C_FAMILY="art...
Compiling module xil_defaultlib.pgrom
Compiling module xil_defaultlib.IF
Compiling module xil_defaultlib.ID
Compiling module xil_defaultlib.EXE
Compiling module blk_mem_gen_v8_4_1.blk_mem_gen_v8_4_1_mem_module(C_...
Compiling module blk_mem_gen_v8_4_1.blk_mem_gen_v8_4_1(C_FAMILY="art...
Compiling module xil_defaultlib.pgram
Compiling module xil_defaultlib.MEM
Compiling module xil_defaultlib.WB
Compiling module xil_defaultlib.InputModule
Compiling module xil_defaultlib.SegGenerator
Compiling module xil_defaultlib.SegDisplay
Compiling module xil_defaultlib.OutputModule
Compiling module xil_defaultlib.top_module
Compiling module xil_defaultlib.tb_pipeline
Compiling module xil_defaultlib.glbl
Built simulation snapshot tb_pipeline_behav
INFO: [USF-XSim-69] 'elaborate' step finished in '4' seconds
INFO: [USF-XSim-4] XSim::Simulate design
INFO: [USF-XSim-61] Executing 'SIMULATE' step in 'D:/GitHub/Computer-Organization-Project/pipelineCPU/pipelineCPU.sim/sim_1/behav/xsim'
INFO: [USF-XSim-98] *** Running xsim
   with args "tb_pipeline_behav -key {Behavioral:sim_1:Functional:tb_pipeline} -tclbatch {tb_pipeline.tcl} -view {D:/GitHub/Computer-Organization-Project/pipelineCPU/tb_pipeline_behav.wcfg} -log {simulate.log}"
INFO: [USF-XSim-8] Loading simulator feature
Vivado Simulator 2017.4
Time resolution is 1 ps
open_wave_config D:/GitHub/Computer-Organization-Project/pipelineCPU/tb_pipeline_behav.wcfg
source tb_pipeline.tcl
# set curr_wave [current_wave_config]
# if { [string length $curr_wave] == 0 } {
#   if { [llength [get_objects]] > 0} {
#     add_wave /
#     set_property needs_save false [current_wave_config]
#   } else {
#      send_msg_id Add_Wave-1 WARNING "No top level signals found. Simulator will start without a wave window. If you want to open a wave window go to 'File->New Waveform Configuration' or type 'create_wave_config' in the TCL console."
#   }
# }
# run 1000ns
 Block Memory Generator module loading initial data...
 Block Memory Generator data initialization complete.
Block Memory Generator module tb_pipeline.uut_tm.if_uut.urom.inst.native_mem_module.blk_mem_gen_v8_4_1_inst is using a behavioral model for simulation which will not precisely model memory collision behavior.
Block Memory Generator module tb_pipeline.uut_tm.mem_uut.udram.inst.native_mem_module.blk_mem_gen_v8_4_1_inst is using a behavioral model for simulation which will not precisely model memory collision behavior.
INFO: [USF-XSim-96] XSim completed. Design snapshot 'tb_pipeline_behav' loaded.
INFO: [USF-XSim-97] XSim simulation ran for 1000ns
launch_simulation: Time (s): cpu = 00:00:03 ; elapsed = 00:00:07 . Memory (MB): peak = 1461.297 ; gain = 0.000
add_wave {{/tb_pipeline/uut_tm/if_uut/output_inst}} 
add_wave {{/tb_pipeline/uut_tm/if_uut/addr}} 
add_wave {{/tb_pipeline/uut_tm/wb_uut/reg_write_data}} 
save_wave_config {D:/GitHub/Computer-Organization-Project/pipelineCPU/tb_pipeline_behav.wcfg}
close_sim
INFO: [Simtcl 6-16] Simulation closed
launch_simulation
INFO: [Vivado 12-5698] Checking validity of IPs in the design for the 'XSim' simulator...
INFO: [Vivado 12-5682] Launching behavioral simulation in 'D:/GitHub/Computer-Organization-Project/pipelineCPU/pipelineCPU.sim/sim_1/behav/xsim'
INFO: [Vivado 12-4795] Using compiled simulation libraries for IPs
INFO: [SIM-utils-51] Simulation object is 'sim_1'
INFO: [USF-XSim-7] Finding pre-compiled libraries...
INFO: [USF-XSim-11] File 'D:/Xilinx/Vivado/2017.4/data/xsim/ip/xsim_ip.ini' copied to run dir:'D:/GitHub/Computer-Organization-Project/pipelineCPU/pipelineCPU.sim/sim_1/behav/xsim'
INFO: [SIM-utils-54] Inspecting design source files for 'tb_pipeline' in fileset 'sim_1'...
INFO: [SIM-utils-43] Exported 'D:/GitHub/Computer-Organization-Project/pipelineCPU/pipelineCPU.sim/sim_1/behav/xsim/pgrom.mif'
INFO: [SIM-utils-43] Exported 'D:/GitHub/Computer-Organization-Project/pipelineCPU/pipelineCPU.sim/sim_1/behav/xsim/test9ROM.coe'
INFO: [SIM-utils-43] Exported 'D:/GitHub/Computer-Organization-Project/pipelineCPU/pipelineCPU.sim/sim_1/behav/xsim/test1ROM.coe'
INFO: [USF-XSim-97] Finding global include files...
INFO: [USF-XSim-98] Fetching design files from 'sim_1'...
INFO: [USF-XSim-2] XSim::Compile design
INFO: [USF-XSim-61] Executing 'COMPILE and ANALYZE' step in 'D:/GitHub/Computer-Organization-Project/pipelineCPU/pipelineCPU.sim/sim_1/behav/xsim'
"xvlog --incr --relax -L xil_defaultlib -prj tb_pipeline_vlog.prj"
INFO: [VRFC 10-2263] Analyzing SystemVerilog file "D:/GitHub/Computer-Organization-Project/pipelineCPU/pipelineCPU.srcs/sources_1/new/ID.v" into library xil_defaultlib
INFO: [VRFC 10-311] analyzing module ID
INFO: [VRFC 10-2263] Analyzing SystemVerilog file "D:/GitHub/Computer-Organization-Project/pipelineCPU/pipelineCPU.srcs/sources_1/new/WB.v" into library xil_defaultlib
INFO: [VRFC 10-311] analyzing module WB
INFO: [VRFC 10-2263] Analyzing SystemVerilog file "D:/GitHub/Computer-Organization-Project/pipelineCPU/pipelineCPU.srcs/sources_1/new/top_module.v" into library xil_defaultlib
INFO: [VRFC 10-311] analyzing module top_module
INFO: [USF-XSim-69] 'compile' step finished in '1' seconds
INFO: [USF-XSim-3] XSim::Elaborate design
INFO: [USF-XSim-61] Executing 'ELABORATE' step in 'D:/GitHub/Computer-Organization-Project/pipelineCPU/pipelineCPU.sim/sim_1/behav/xsim'
Vivado Simulator 2017.4
Copyright 1986-1999, 2001-2016 Xilinx, Inc. All Rights Reserved.
Running: D:/Xilinx/Vivado/2017.4/bin/unwrapped/win64.o/xelab.exe -wto 374ad2d08ccb4635b2dbbca0a3224143 --incr --debug typical --relax --mt 2 -L blk_mem_gen_v8_4_1 -L xil_defaultlib -L unisims_ver -L unimacro_ver -L secureip -L xpm --snapshot tb_pipeline_behav xil_defaultlib.tb_pipeline xil_defaultlib.glbl -log elaborate.log 
Using 2 slave threads.
Starting static elaboration
WARNING: [VRFC 10-278] actual bit length 32 differs from formal bit length 4 for port wea [D:/GitHub/Computer-Organization-Project/pipelineCPU/pipelineCPU.srcs/sources_1/new/MEM.v:68]
WARNING: [VRFC 10-1783] select index 62 into current_contents is out of bounds [/wrk/2017.4/nightly/2017_12_15_2086221/packages/customer/vivado/data/ip/xilinx/blk_mem_gen_v8_4/simulation/blk_mem_gen_v8_4.v:2420]
Completed static elaboration
Starting simulation data flow analysis
WARNING: [XSIM 43-4100] "D:/GitHub/Computer-Organization-Project/pipelineCPU/pipelineCPU.srcs/sources_1/new/top_module.v" Line 3. Module top_module has a timescale but at least one module in design doesn't have timescale.
WARNING: [XSIM 43-4100] "D:/GitHub/Computer-Organization-Project/pipelineCPU/pipelineCPU.srcs/sources_1/new/ClockDivider.v" Line 1. Module ClockDivider has a timescale but at least one module in design doesn't have timescale.
WARNING: [XSIM 43-4100] "D:/GitHub/Computer-Organization-Project/pipelineCPU/pipelineCPU.srcs/sources_1/new/ClockDivider.v" Line 1. Module ClockDivider has a timescale but at least one module in design doesn't have timescale.
WARNING: [XSIM 43-4100] "D:/GitHub/Computer-Organization-Project/pipelineCPU/pipelineCPU.srcs/sources_1/new/HarzardDetection.v" Line 3. Module HarzardDetection has a timescale but at least one module in design doesn't have timescale.
WARNING: [XSIM 43-4100] "D:/GitHub/Computer-Organization-Project/pipelineCPU/pipelineCPU.srcs/sources_1/new/IF.v" Line 23. Module IF has a timescale but at least one module in design doesn't have timescale.
WARNING: [XSIM 43-4100] "D:/GitHub/Computer-Organization-Project/pipelineCPU/pipelineCPU.srcs/sources_1/ip/pgrom/sim/pgrom.v" Line 55. Module pgrom has a timescale but at least one module in design doesn't have timescale.
WARNING: [XSIM 43-4100] "/wrk/2017.4/nightly/2017_12_15_2086221/packages/customer/vivado/data/ip/xilinx/blk_mem_gen_v8_4/simulation/blk_mem_gen_v8_4.v" Line 3412. Module blk_mem_gen_v8_4_1(C_FAMILY="artix7",C_XDEVICEFAMILY="artix7",C_ELABORATION_DIR="./",C_AXI_TYPE=1,C_MEM_TYPE=3,C_PRIM_TYPE=1,C_LOAD_INIT_FILE=1,C_INIT_FILE_NAME="pgrom.mif",C_INIT_FILE="pgrom.mem",C_HAS_ENA=0,C_WRITE_DEPTH_A=16384,C_READ_DEPTH_A=16384,C_ADDRA_WIDTH=14,C_INITB_VAL="0",C_HAS_ENB=0,C_WRITE_DEPTH_B=16384,C_READ_DEPTH_B=16384,C_ADDRB_WIDTH=14,C_SIM_COLLISION_CHECK="ALL",C_COMMON_CLK=0,C_COUNT_36K_BRAM="14",C_COUNT_18K_BRAM="1",C_EST_POWER_SUMMARY="Estimated_Power_for_IP_____:_____12.7204_mW") has a timescale but at least one module in design doesn't have timescale.
WARNING: [XSIM 43-4100] "/wrk/2017.4/nightly/2017_12_15_2086221/packages/customer/vivado/data/ip/xilinx/blk_mem_gen_v8_4/simulation/blk_mem_gen_v8_4.v" Line 1951. Module blk_mem_gen_v8_4_1_mem_module(C_FAMILY="artix7",C_XDEVICEFAMILY="artix7",C_MEM_TYPE=3,C_PRIM_TYPE=1,C_LOAD_INIT_FILE=1,C_INIT_FILE_NAME="pgrom.mif",C_INIT_FILE="pgrom.mem",C_HAS_ENA=0,C_WRITE_DEPTH_A=16384,C_READ_DEPTH_A=16384,C_ADDRA_WIDTH=14,C_INITB_VAL="0",C_HAS_ENB=0,C_WRITE_DEPTH_B=16384,C_READ_DEPTH_B=16384,C_ADDRB_WIDTH=14,C_SIM_COLLISION_CHECK="ALL",C_COMMON_CLK=0) has a timescale but at least one module in design doesn't have timescale.
WARNING: [XSIM 43-4100] "/wrk/2017.4/nightly/2017_12_15_2086221/packages/customer/vivado/data/ip/xilinx/blk_mem_gen_v8_4/simulation/blk_mem_gen_v8_4.v" Line 1563. Module blk_mem_gen_v8_4_1_output_stage(C_FAMILY="artix7",C_XDEVICEFAMILY="artix7",C_ADDRB_WIDTH=14,NUM_STAGES=0) has a timescale but at least one module in design doesn't have timescale.
WARNING: [XSIM 43-4100] "/wrk/2017.4/nightly/2017_12_15_2086221/packages/customer/vivado/data/ip/xilinx/blk_mem_gen_v8_4/simulation/blk_mem_gen_v8_4.v" Line 1563. Module blk_mem_gen_v8_4_1_output_stage(C_FAMILY="artix7",C_XDEVICEFAMILY="artix7",C_ADDRB_WIDTH=14,NUM_STAGES=0) has a timescale but at least one module in design doesn't have timescale.
WARNING: [XSIM 43-4100] "/wrk/2017.4/nightly/2017_12_15_2086221/packages/customer/vivado/data/ip/xilinx/blk_mem_gen_v8_4/simulation/blk_mem_gen_v8_4.v" Line 1859. Module blk_mem_gen_v8_4_1_softecc_output_reg_stage(C_ADDRB_WIDTH=14) has a timescale but at least one module in design doesn't have timescale.
WARNING: [XSIM 43-4100] "D:/GitHub/Computer-Organization-Project/pipelineCPU/pipelineCPU.srcs/sources_1/new/ID.v" Line 23. Module ID has a timescale but at least one module in design doesn't have timescale.
WARNING: [XSIM 43-4100] "D:/GitHub/Computer-Organization-Project/pipelineCPU/pipelineCPU.srcs/sources_1/new/EXE.v" Line 23. Module EXE has a timescale but at least one module in design doesn't have timescale.
WARNING: [XSIM 43-4100] "D:/GitHub/Computer-Organization-Project/pipelineCPU/pipelineCPU.srcs/sources_1/new/MEM.v" Line 23. Module MEM has a timescale but at least one module in design doesn't have timescale.
WARNING: [XSIM 43-4100] "D:/GitHub/Computer-Organization-Project/pipelineCPU/pipelineCPU.srcs/sources_1/ip/pgram/sim/pgram.v" Line 55. Module pgram has a timescale but at least one module in design doesn't have timescale.
WARNING: [XSIM 43-4100] "/wrk/2017.4/nightly/2017_12_15_2086221/packages/customer/vivado/data/ip/xilinx/blk_mem_gen_v8_4/simulation/blk_mem_gen_v8_4.v" Line 3412. Module blk_mem_gen_v8_4_1(C_FAMILY="artix7",C_XDEVICEFAMILY="artix7",C_ELABORATION_DIR="./",C_AXI_TYPE=1,C_MEM_TYPE=0,C_BYTE_SIZE=8,C_PRIM_TYPE=1,C_INIT_FILE_NAME="no_coe_file_loaded",C_INIT_FILE="pgram.mem",C_HAS_ENA=0,C_USE_BYTE_WEA=1,C_WEA_WIDTH=4,C_WRITE_DEPTH_A=16384,C_READ_DEPTH_A=16384,C_ADDRA_WIDTH=14,C_INITB_VAL="0",C_HAS_ENB=0,C_USE_BYTE_WEB=1,C_WEB_WIDTH=4,C_WRITE_DEPTH_B=16384,C_READ_DEPTH_B=16384,C_ADDRB_WIDTH=14,C_SIM_COLLISION_CHECK="ALL",C_COMMON_CLK=0,C_COUNT_36K_BRAM="16",C_COUNT_18K_BRAM="0",C_EST_POWER_SUMMARY="Estimated_Power_for_IP_____:_____10.194_mW") has a timescale but at least one module in design doesn't have timescale.
WARNING: [XSIM 43-4100] "/wrk/2017.4/nightly/2017_12_15_2086221/packages/customer/vivado/data/ip/xilinx/blk_mem_gen_v8_4/simulation/blk_mem_gen_v8_4.v" Line 1951. Module blk_mem_gen_v8_4_1_mem_module(C_FAMILY="artix7",C_XDEVICEFAMILY="artix7",C_MEM_TYPE=0,C_BYTE_SIZE=8,C_PRIM_TYPE=1,C_INIT_FILE_NAME="no_coe_file_loaded",C_INIT_FILE="pgram.mem",C_HAS_ENA=0,C_USE_BYTE_WEA=1,C_WEA_WIDTH=4,C_WRITE_DEPTH_A=16384,C_READ_DEPTH_A=16384,C_ADDRA_WIDTH=14,C_INITB_VAL="0",C_HAS_ENB=0,C_USE_BYTE_WEB=1,C_WEB_WIDTH=4,C_WRITE_DEPTH_B=16384,C_READ_DEPTH_B=16384,C_ADDRB_WIDTH=14,C_SIM_COLLISION_CHECK="ALL",C_COMMON_CLK=0) has a timescale but at least one module in design doesn't have timescale.
WARNING: [XSIM 43-4100] "/wrk/2017.4/nightly/2017_12_15_2086221/packages/customer/vivado/data/ip/xilinx/blk_mem_gen_v8_4/simulation/blk_mem_gen_v8_4.v" Line 1563. Module blk_mem_gen_v8_4_1_output_stage(C_FAMILY="artix7",C_XDEVICEFAMILY="artix7",C_ADDRB_WIDTH=14,NUM_STAGES=0) has a timescale but at least one module in design doesn't have timescale.
WARNING: [XSIM 43-4100] "/wrk/2017.4/nightly/2017_12_15_2086221/packages/customer/vivado/data/ip/xilinx/blk_mem_gen_v8_4/simulation/blk_mem_gen_v8_4.v" Line 1563. Module blk_mem_gen_v8_4_1_output_stage(C_FAMILY="artix7",C_XDEVICEFAMILY="artix7",C_ADDRB_WIDTH=14,NUM_STAGES=0) has a timescale but at least one module in design doesn't have timescale.
WARNING: [XSIM 43-4100] "/wrk/2017.4/nightly/2017_12_15_2086221/packages/customer/vivado/data/ip/xilinx/blk_mem_gen_v8_4/simulation/blk_mem_gen_v8_4.v" Line 1859. Module blk_mem_gen_v8_4_1_softecc_output_reg_stage(C_ADDRB_WIDTH=14) has a timescale but at least one module in design doesn't have timescale.
WARNING: [XSIM 43-4100] "D:/GitHub/Computer-Organization-Project/pipelineCPU/pipelineCPU.srcs/sources_1/new/WB.v" Line 1. Module WB has a timescale but at least one module in design doesn't have timescale.
WARNING: [XSIM 43-4100] "D:/GitHub/Computer-Organization-Project/pipelineCPU/pipelineCPU.srcs/sources_1/new/InputModule.v" Line 3. Module InputModule has a timescale but at least one module in design doesn't have timescale.
WARNING: [XSIM 43-4100] "D:/GitHub/Computer-Organization-Project/pipelineCPU/pipelineCPU.srcs/sources_1/new/OutputModule.v" Line 1. Module OutputModule has a timescale but at least one module in design doesn't have timescale.
WARNING: [XSIM 43-4100] "D:/GitHub/Computer-Organization-Project/pipelineCPU/pipelineCPU.srcs/sources_1/new/SegGenerator.v" Line 1. Module SegGenerator has a timescale but at least one module in design doesn't have timescale.
WARNING: [XSIM 43-4100] "D:/GitHub/Computer-Organization-Project/pipelineCPU/pipelineCPU.srcs/sources_1/new/ClockDivider.v" Line 1. Module ClockDivider has a timescale but at least one module in design doesn't have timescale.
WARNING: [XSIM 43-4100] "D:/GitHub/Computer-Organization-Project/pipelineCPU/pipelineCPU.srcs/sources_1/new/SegDisplay.v" Line 1. Module SegDisplay has a timescale but at least one module in design doesn't have timescale.
WARNING: [XSIM 43-4100] "D:/GitHub/Computer-Organization-Project/pipelineCPU/pipelineCPU.sim/sim_1/behav/xsim/glbl.v" Line 6. Module glbl has a timescale but at least one module in design doesn't have timescale.
Completed simulation data flow analysis
Time Resolution for simulation is 1ps
Compiling module xil_defaultlib.ClockDivider
Compiling module xil_defaultlib.HarzardDetection
Compiling module blk_mem_gen_v8_4_1.blk_mem_gen_v8_4_1_output_stage(...
Compiling module blk_mem_gen_v8_4_1.blk_mem_gen_v8_4_1_softecc_outpu...
Compiling module blk_mem_gen_v8_4_1.blk_mem_gen_v8_4_1_mem_module(C_...
Compiling module blk_mem_gen_v8_4_1.blk_mem_gen_v8_4_1(C_FAMILY="art...
Compiling module xil_defaultlib.pgrom
Compiling module xil_defaultlib.IF
Compiling module xil_defaultlib.ID
Compiling module xil_defaultlib.EXE
Compiling module blk_mem_gen_v8_4_1.blk_mem_gen_v8_4_1_mem_module(C_...
Compiling module blk_mem_gen_v8_4_1.blk_mem_gen_v8_4_1(C_FAMILY="art...
Compiling module xil_defaultlib.pgram
Compiling module xil_defaultlib.MEM
Compiling module xil_defaultlib.WB
Compiling module xil_defaultlib.InputModule
Compiling module xil_defaultlib.SegGenerator
Compiling module xil_defaultlib.SegDisplay
Compiling module xil_defaultlib.OutputModule
Compiling module xil_defaultlib.top_module
Compiling module xil_defaultlib.tb_pipeline
Compiling module xil_defaultlib.glbl
Built simulation snapshot tb_pipeline_behav
INFO: [USF-XSim-69] 'elaborate' step finished in '4' seconds
INFO: [USF-XSim-4] XSim::Simulate design
INFO: [USF-XSim-61] Executing 'SIMULATE' step in 'D:/GitHub/Computer-Organization-Project/pipelineCPU/pipelineCPU.sim/sim_1/behav/xsim'
INFO: [USF-XSim-98] *** Running xsim
   with args "tb_pipeline_behav -key {Behavioral:sim_1:Functional:tb_pipeline} -tclbatch {tb_pipeline.tcl} -view {D:/GitHub/Computer-Organization-Project/pipelineCPU/tb_pipeline_behav.wcfg} -log {simulate.log}"
INFO: [USF-XSim-8] Loading simulator feature
Vivado Simulator 2017.4
Time resolution is 1 ps
open_wave_config D:/GitHub/Computer-Organization-Project/pipelineCPU/tb_pipeline_behav.wcfg
source tb_pipeline.tcl
# set curr_wave [current_wave_config]
# if { [string length $curr_wave] == 0 } {
#   if { [llength [get_objects]] > 0} {
#     add_wave /
#     set_property needs_save false [current_wave_config]
#   } else {
#      send_msg_id Add_Wave-1 WARNING "No top level signals found. Simulator will start without a wave window. If you want to open a wave window go to 'File->New Waveform Configuration' or type 'create_wave_config' in the TCL console."
#   }
# }
# run 1000ns
 Block Memory Generator module loading initial data...
 Block Memory Generator data initialization complete.
Block Memory Generator module tb_pipeline.uut_tm.if_uut.urom.inst.native_mem_module.blk_mem_gen_v8_4_1_inst is using a behavioral model for simulation which will not precisely model memory collision behavior.
Block Memory Generator module tb_pipeline.uut_tm.mem_uut.udram.inst.native_mem_module.blk_mem_gen_v8_4_1_inst is using a behavioral model for simulation which will not precisely model memory collision behavior.
INFO: [USF-XSim-96] XSim completed. Design snapshot 'tb_pipeline_behav' loaded.
INFO: [USF-XSim-97] XSim simulation ran for 1000ns
launch_simulation: Time (s): cpu = 00:00:02 ; elapsed = 00:00:07 . Memory (MB): peak = 1464.648 ; gain = 0.246
add_wave {{/tb_pipeline/uut_tm/wb_uut/reg_write}} 
save_wave_config {D:/GitHub/Computer-Organization-Project/pipelineCPU/tb_pipeline_behav.wcfg}
close_sim
INFO: [Simtcl 6-16] Simulation closed
launch_simulation
INFO: [Vivado 12-5698] Checking validity of IPs in the design for the 'XSim' simulator...
INFO: [Vivado 12-5682] Launching behavioral simulation in 'D:/GitHub/Computer-Organization-Project/pipelineCPU/pipelineCPU.sim/sim_1/behav/xsim'
INFO: [Vivado 12-4795] Using compiled simulation libraries for IPs
INFO: [SIM-utils-51] Simulation object is 'sim_1'
INFO: [USF-XSim-7] Finding pre-compiled libraries...
INFO: [USF-XSim-11] File 'D:/Xilinx/Vivado/2017.4/data/xsim/ip/xsim_ip.ini' copied to run dir:'D:/GitHub/Computer-Organization-Project/pipelineCPU/pipelineCPU.sim/sim_1/behav/xsim'
INFO: [SIM-utils-54] Inspecting design source files for 'tb_pipeline' in fileset 'sim_1'...
INFO: [SIM-utils-43] Exported 'D:/GitHub/Computer-Organization-Project/pipelineCPU/pipelineCPU.sim/sim_1/behav/xsim/pgrom.mif'
INFO: [SIM-utils-43] Exported 'D:/GitHub/Computer-Organization-Project/pipelineCPU/pipelineCPU.sim/sim_1/behav/xsim/test9ROM.coe'
INFO: [SIM-utils-43] Exported 'D:/GitHub/Computer-Organization-Project/pipelineCPU/pipelineCPU.sim/sim_1/behav/xsim/test1ROM.coe'
INFO: [USF-XSim-97] Finding global include files...
INFO: [USF-XSim-98] Fetching design files from 'sim_1'...
INFO: [USF-XSim-2] XSim::Compile design
INFO: [USF-XSim-61] Executing 'COMPILE and ANALYZE' step in 'D:/GitHub/Computer-Organization-Project/pipelineCPU/pipelineCPU.sim/sim_1/behav/xsim'
"xvlog --incr --relax -L xil_defaultlib -prj tb_pipeline_vlog.prj"
INFO: [USF-XSim-69] 'compile' step finished in '1' seconds
INFO: [USF-XSim-3] XSim::Elaborate design
INFO: [USF-XSim-61] Executing 'ELABORATE' step in 'D:/GitHub/Computer-Organization-Project/pipelineCPU/pipelineCPU.sim/sim_1/behav/xsim'
Vivado Simulator 2017.4
Copyright 1986-1999, 2001-2016 Xilinx, Inc. All Rights Reserved.
Running: D:/Xilinx/Vivado/2017.4/bin/unwrapped/win64.o/xelab.exe -wto 374ad2d08ccb4635b2dbbca0a3224143 --incr --debug typical --relax --mt 2 -L blk_mem_gen_v8_4_1 -L xil_defaultlib -L unisims_ver -L unimacro_ver -L secureip -L xpm --snapshot tb_pipeline_behav xil_defaultlib.tb_pipeline xil_defaultlib.glbl -log elaborate.log 
Using 2 slave threads.
Starting static elaboration
WARNING: [VRFC 10-278] actual bit length 32 differs from formal bit length 4 for port wea [D:/GitHub/Computer-Organization-Project/pipelineCPU/pipelineCPU.srcs/sources_1/new/MEM.v:68]
WARNING: [VRFC 10-1783] select index 62 into current_contents is out of bounds [/wrk/2017.4/nightly/2017_12_15_2086221/packages/customer/vivado/data/ip/xilinx/blk_mem_gen_v8_4/simulation/blk_mem_gen_v8_4.v:2420]
Completed static elaboration
INFO: [XSIM 43-4323] No Change in HDL. Linking previously generated obj files to create kernel
INFO: [USF-XSim-69] 'elaborate' step finished in '1' seconds
INFO: [USF-XSim-4] XSim::Simulate design
INFO: [USF-XSim-61] Executing 'SIMULATE' step in 'D:/GitHub/Computer-Organization-Project/pipelineCPU/pipelineCPU.sim/sim_1/behav/xsim'
INFO: [USF-XSim-98] *** Running xsim
   with args "tb_pipeline_behav -key {Behavioral:sim_1:Functional:tb_pipeline} -tclbatch {tb_pipeline.tcl} -view {D:/GitHub/Computer-Organization-Project/pipelineCPU/tb_pipeline_behav.wcfg} -log {simulate.log}"
INFO: [USF-XSim-8] Loading simulator feature
Vivado Simulator 2017.4
Time resolution is 1 ps
open_wave_config D:/GitHub/Computer-Organization-Project/pipelineCPU/tb_pipeline_behav.wcfg
source tb_pipeline.tcl
# set curr_wave [current_wave_config]
# if { [string length $curr_wave] == 0 } {
#   if { [llength [get_objects]] > 0} {
#     add_wave /
#     set_property needs_save false [current_wave_config]
#   } else {
#      send_msg_id Add_Wave-1 WARNING "No top level signals found. Simulator will start without a wave window. If you want to open a wave window go to 'File->New Waveform Configuration' or type 'create_wave_config' in the TCL console."
#   }
# }
# run 1000ns
 Block Memory Generator module loading initial data...
 Block Memory Generator data initialization complete.
Block Memory Generator module tb_pipeline.uut_tm.if_uut.urom.inst.native_mem_module.blk_mem_gen_v8_4_1_inst is using a behavioral model for simulation which will not precisely model memory collision behavior.
Block Memory Generator module tb_pipeline.uut_tm.mem_uut.udram.inst.native_mem_module.blk_mem_gen_v8_4_1_inst is using a behavioral model for simulation which will not precisely model memory collision behavior.
INFO: [USF-XSim-96] XSim completed. Design snapshot 'tb_pipeline_behav' loaded.
INFO: [USF-XSim-97] XSim simulation ran for 1000ns
add_wave {{/tb_pipeline/uut_tm/wb_uut/rd}} 
save_wave_config {D:/GitHub/Computer-Organization-Project/pipelineCPU/tb_pipeline_behav.wcfg}
close_sim
INFO: [Simtcl 6-16] Simulation closed
launch_simulation
INFO: [Vivado 12-5698] Checking validity of IPs in the design for the 'XSim' simulator...
INFO: [Vivado 12-5682] Launching behavioral simulation in 'D:/GitHub/Computer-Organization-Project/pipelineCPU/pipelineCPU.sim/sim_1/behav/xsim'
INFO: [Vivado 12-4795] Using compiled simulation libraries for IPs
INFO: [SIM-utils-51] Simulation object is 'sim_1'
INFO: [USF-XSim-7] Finding pre-compiled libraries...
INFO: [USF-XSim-11] File 'D:/Xilinx/Vivado/2017.4/data/xsim/ip/xsim_ip.ini' copied to run dir:'D:/GitHub/Computer-Organization-Project/pipelineCPU/pipelineCPU.sim/sim_1/behav/xsim'
INFO: [SIM-utils-54] Inspecting design source files for 'tb_pipeline' in fileset 'sim_1'...
INFO: [SIM-utils-43] Exported 'D:/GitHub/Computer-Organization-Project/pipelineCPU/pipelineCPU.sim/sim_1/behav/xsim/pgrom.mif'
INFO: [SIM-utils-43] Exported 'D:/GitHub/Computer-Organization-Project/pipelineCPU/pipelineCPU.sim/sim_1/behav/xsim/test9ROM.coe'
INFO: [SIM-utils-43] Exported 'D:/GitHub/Computer-Organization-Project/pipelineCPU/pipelineCPU.sim/sim_1/behav/xsim/test1ROM.coe'
INFO: [USF-XSim-97] Finding global include files...
INFO: [USF-XSim-98] Fetching design files from 'sim_1'...
INFO: [USF-XSim-2] XSim::Compile design
INFO: [USF-XSim-61] Executing 'COMPILE and ANALYZE' step in 'D:/GitHub/Computer-Organization-Project/pipelineCPU/pipelineCPU.sim/sim_1/behav/xsim'
"xvlog --incr --relax -L xil_defaultlib -prj tb_pipeline_vlog.prj"
INFO: [USF-XSim-69] 'compile' step finished in '1' seconds
INFO: [USF-XSim-3] XSim::Elaborate design
INFO: [USF-XSim-61] Executing 'ELABORATE' step in 'D:/GitHub/Computer-Organization-Project/pipelineCPU/pipelineCPU.sim/sim_1/behav/xsim'
Vivado Simulator 2017.4
Copyright 1986-1999, 2001-2016 Xilinx, Inc. All Rights Reserved.
Running: D:/Xilinx/Vivado/2017.4/bin/unwrapped/win64.o/xelab.exe -wto 374ad2d08ccb4635b2dbbca0a3224143 --incr --debug typical --relax --mt 2 -L blk_mem_gen_v8_4_1 -L xil_defaultlib -L unisims_ver -L unimacro_ver -L secureip -L xpm --snapshot tb_pipeline_behav xil_defaultlib.tb_pipeline xil_defaultlib.glbl -log elaborate.log 
Using 2 slave threads.
Starting static elaboration
WARNING: [VRFC 10-278] actual bit length 32 differs from formal bit length 4 for port wea [D:/GitHub/Computer-Organization-Project/pipelineCPU/pipelineCPU.srcs/sources_1/new/MEM.v:68]
WARNING: [VRFC 10-1783] select index 62 into current_contents is out of bounds [/wrk/2017.4/nightly/2017_12_15_2086221/packages/customer/vivado/data/ip/xilinx/blk_mem_gen_v8_4/simulation/blk_mem_gen_v8_4.v:2420]
Completed static elaboration
INFO: [XSIM 43-4323] No Change in HDL. Linking previously generated obj files to create kernel
INFO: [USF-XSim-69] 'elaborate' step finished in '1' seconds
INFO: [USF-XSim-4] XSim::Simulate design
INFO: [USF-XSim-61] Executing 'SIMULATE' step in 'D:/GitHub/Computer-Organization-Project/pipelineCPU/pipelineCPU.sim/sim_1/behav/xsim'
INFO: [USF-XSim-98] *** Running xsim
   with args "tb_pipeline_behav -key {Behavioral:sim_1:Functional:tb_pipeline} -tclbatch {tb_pipeline.tcl} -view {D:/GitHub/Computer-Organization-Project/pipelineCPU/tb_pipeline_behav.wcfg} -log {simulate.log}"
INFO: [USF-XSim-8] Loading simulator feature
Vivado Simulator 2017.4
Time resolution is 1 ps
open_wave_config D:/GitHub/Computer-Organization-Project/pipelineCPU/tb_pipeline_behav.wcfg
source tb_pipeline.tcl
# set curr_wave [current_wave_config]
# if { [string length $curr_wave] == 0 } {
#   if { [llength [get_objects]] > 0} {
#     add_wave /
#     set_property needs_save false [current_wave_config]
#   } else {
#      send_msg_id Add_Wave-1 WARNING "No top level signals found. Simulator will start without a wave window. If you want to open a wave window go to 'File->New Waveform Configuration' or type 'create_wave_config' in the TCL console."
#   }
# }
# run 1000ns
 Block Memory Generator module loading initial data...
 Block Memory Generator data initialization complete.
Block Memory Generator module tb_pipeline.uut_tm.if_uut.urom.inst.native_mem_module.blk_mem_gen_v8_4_1_inst is using a behavioral model for simulation which will not precisely model memory collision behavior.
Block Memory Generator module tb_pipeline.uut_tm.mem_uut.udram.inst.native_mem_module.blk_mem_gen_v8_4_1_inst is using a behavioral model for simulation which will not precisely model memory collision behavior.
INFO: [USF-XSim-96] XSim completed. Design snapshot 'tb_pipeline_behav' loaded.
INFO: [USF-XSim-97] XSim simulation ran for 1000ns
close_sim
INFO: [Simtcl 6-16] Simulation closed
launch_simulation
INFO: [Vivado 12-5698] Checking validity of IPs in the design for the 'XSim' simulator...
INFO: [Vivado 12-5682] Launching behavioral simulation in 'D:/GitHub/Computer-Organization-Project/pipelineCPU/pipelineCPU.sim/sim_1/behav/xsim'
INFO: [Vivado 12-4795] Using compiled simulation libraries for IPs
INFO: [SIM-utils-51] Simulation object is 'sim_1'
INFO: [USF-XSim-7] Finding pre-compiled libraries...
INFO: [USF-XSim-11] File 'D:/Xilinx/Vivado/2017.4/data/xsim/ip/xsim_ip.ini' copied to run dir:'D:/GitHub/Computer-Organization-Project/pipelineCPU/pipelineCPU.sim/sim_1/behav/xsim'
INFO: [SIM-utils-54] Inspecting design source files for 'tb_pipeline' in fileset 'sim_1'...
INFO: [SIM-utils-43] Exported 'D:/GitHub/Computer-Organization-Project/pipelineCPU/pipelineCPU.sim/sim_1/behav/xsim/pgrom.mif'
INFO: [SIM-utils-43] Exported 'D:/GitHub/Computer-Organization-Project/pipelineCPU/pipelineCPU.sim/sim_1/behav/xsim/test9ROM.coe'
INFO: [SIM-utils-43] Exported 'D:/GitHub/Computer-Organization-Project/pipelineCPU/pipelineCPU.sim/sim_1/behav/xsim/test1ROM.coe'
INFO: [USF-XSim-97] Finding global include files...
INFO: [USF-XSim-98] Fetching design files from 'sim_1'...
INFO: [USF-XSim-2] XSim::Compile design
INFO: [USF-XSim-61] Executing 'COMPILE and ANALYZE' step in 'D:/GitHub/Computer-Organization-Project/pipelineCPU/pipelineCPU.sim/sim_1/behav/xsim'
"xvlog --incr --relax -L xil_defaultlib -prj tb_pipeline_vlog.prj"
INFO: [VRFC 10-2263] Analyzing SystemVerilog file "D:/GitHub/Computer-Organization-Project/pipelineCPU/pipelineCPU.srcs/sources_1/new/ID.v" into library xil_defaultlib
INFO: [VRFC 10-311] analyzing module ID
INFO: [VRFC 10-2263] Analyzing SystemVerilog file "D:/GitHub/Computer-Organization-Project/pipelineCPU/pipelineCPU.srcs/sources_1/new/WB.v" into library xil_defaultlib
INFO: [VRFC 10-311] analyzing module WB
INFO: [VRFC 10-2263] Analyzing SystemVerilog file "D:/GitHub/Computer-Organization-Project/pipelineCPU/pipelineCPU.srcs/sources_1/new/top_module.v" into library xil_defaultlib
INFO: [VRFC 10-311] analyzing module top_module
INFO: [USF-XSim-69] 'compile' step finished in '1' seconds
INFO: [USF-XSim-3] XSim::Elaborate design
INFO: [USF-XSim-61] Executing 'ELABORATE' step in 'D:/GitHub/Computer-Organization-Project/pipelineCPU/pipelineCPU.sim/sim_1/behav/xsim'
Vivado Simulator 2017.4
Copyright 1986-1999, 2001-2016 Xilinx, Inc. All Rights Reserved.
Running: D:/Xilinx/Vivado/2017.4/bin/unwrapped/win64.o/xelab.exe -wto 374ad2d08ccb4635b2dbbca0a3224143 --incr --debug typical --relax --mt 2 -L blk_mem_gen_v8_4_1 -L xil_defaultlib -L unisims_ver -L unimacro_ver -L secureip -L xpm --snapshot tb_pipeline_behav xil_defaultlib.tb_pipeline xil_defaultlib.glbl -log elaborate.log 
Using 2 slave threads.
Starting static elaboration
WARNING: [VRFC 10-278] actual bit length 32 differs from formal bit length 4 for port wea [D:/GitHub/Computer-Organization-Project/pipelineCPU/pipelineCPU.srcs/sources_1/new/MEM.v:68]
WARNING: [VRFC 10-1783] select index 62 into current_contents is out of bounds [/wrk/2017.4/nightly/2017_12_15_2086221/packages/customer/vivado/data/ip/xilinx/blk_mem_gen_v8_4/simulation/blk_mem_gen_v8_4.v:2420]
Completed static elaboration
Starting simulation data flow analysis
WARNING: [XSIM 43-4100] "D:/GitHub/Computer-Organization-Project/pipelineCPU/pipelineCPU.srcs/sources_1/new/top_module.v" Line 3. Module top_module has a timescale but at least one module in design doesn't have timescale.
WARNING: [XSIM 43-4100] "D:/GitHub/Computer-Organization-Project/pipelineCPU/pipelineCPU.srcs/sources_1/new/ClockDivider.v" Line 1. Module ClockDivider has a timescale but at least one module in design doesn't have timescale.
WARNING: [XSIM 43-4100] "D:/GitHub/Computer-Organization-Project/pipelineCPU/pipelineCPU.srcs/sources_1/new/ClockDivider.v" Line 1. Module ClockDivider has a timescale but at least one module in design doesn't have timescale.
WARNING: [XSIM 43-4100] "D:/GitHub/Computer-Organization-Project/pipelineCPU/pipelineCPU.srcs/sources_1/new/HarzardDetection.v" Line 3. Module HarzardDetection has a timescale but at least one module in design doesn't have timescale.
WARNING: [XSIM 43-4100] "D:/GitHub/Computer-Organization-Project/pipelineCPU/pipelineCPU.srcs/sources_1/new/IF.v" Line 23. Module IF has a timescale but at least one module in design doesn't have timescale.
WARNING: [XSIM 43-4100] "D:/GitHub/Computer-Organization-Project/pipelineCPU/pipelineCPU.srcs/sources_1/ip/pgrom/sim/pgrom.v" Line 55. Module pgrom has a timescale but at least one module in design doesn't have timescale.
WARNING: [XSIM 43-4100] "/wrk/2017.4/nightly/2017_12_15_2086221/packages/customer/vivado/data/ip/xilinx/blk_mem_gen_v8_4/simulation/blk_mem_gen_v8_4.v" Line 3412. Module blk_mem_gen_v8_4_1(C_FAMILY="artix7",C_XDEVICEFAMILY="artix7",C_ELABORATION_DIR="./",C_AXI_TYPE=1,C_MEM_TYPE=3,C_PRIM_TYPE=1,C_LOAD_INIT_FILE=1,C_INIT_FILE_NAME="pgrom.mif",C_INIT_FILE="pgrom.mem",C_HAS_ENA=0,C_WRITE_DEPTH_A=16384,C_READ_DEPTH_A=16384,C_ADDRA_WIDTH=14,C_INITB_VAL="0",C_HAS_ENB=0,C_WRITE_DEPTH_B=16384,C_READ_DEPTH_B=16384,C_ADDRB_WIDTH=14,C_SIM_COLLISION_CHECK="ALL",C_COMMON_CLK=0,C_COUNT_36K_BRAM="14",C_COUNT_18K_BRAM="1",C_EST_POWER_SUMMARY="Estimated_Power_for_IP_____:_____12.7204_mW") has a timescale but at least one module in design doesn't have timescale.
WARNING: [XSIM 43-4100] "/wrk/2017.4/nightly/2017_12_15_2086221/packages/customer/vivado/data/ip/xilinx/blk_mem_gen_v8_4/simulation/blk_mem_gen_v8_4.v" Line 1951. Module blk_mem_gen_v8_4_1_mem_module(C_FAMILY="artix7",C_XDEVICEFAMILY="artix7",C_MEM_TYPE=3,C_PRIM_TYPE=1,C_LOAD_INIT_FILE=1,C_INIT_FILE_NAME="pgrom.mif",C_INIT_FILE="pgrom.mem",C_HAS_ENA=0,C_WRITE_DEPTH_A=16384,C_READ_DEPTH_A=16384,C_ADDRA_WIDTH=14,C_INITB_VAL="0",C_HAS_ENB=0,C_WRITE_DEPTH_B=16384,C_READ_DEPTH_B=16384,C_ADDRB_WIDTH=14,C_SIM_COLLISION_CHECK="ALL",C_COMMON_CLK=0) has a timescale but at least one module in design doesn't have timescale.
WARNING: [XSIM 43-4100] "/wrk/2017.4/nightly/2017_12_15_2086221/packages/customer/vivado/data/ip/xilinx/blk_mem_gen_v8_4/simulation/blk_mem_gen_v8_4.v" Line 1563. Module blk_mem_gen_v8_4_1_output_stage(C_FAMILY="artix7",C_XDEVICEFAMILY="artix7",C_ADDRB_WIDTH=14,NUM_STAGES=0) has a timescale but at least one module in design doesn't have timescale.
WARNING: [XSIM 43-4100] "/wrk/2017.4/nightly/2017_12_15_2086221/packages/customer/vivado/data/ip/xilinx/blk_mem_gen_v8_4/simulation/blk_mem_gen_v8_4.v" Line 1563. Module blk_mem_gen_v8_4_1_output_stage(C_FAMILY="artix7",C_XDEVICEFAMILY="artix7",C_ADDRB_WIDTH=14,NUM_STAGES=0) has a timescale but at least one module in design doesn't have timescale.
WARNING: [XSIM 43-4100] "/wrk/2017.4/nightly/2017_12_15_2086221/packages/customer/vivado/data/ip/xilinx/blk_mem_gen_v8_4/simulation/blk_mem_gen_v8_4.v" Line 1859. Module blk_mem_gen_v8_4_1_softecc_output_reg_stage(C_ADDRB_WIDTH=14) has a timescale but at least one module in design doesn't have timescale.
WARNING: [XSIM 43-4100] "D:/GitHub/Computer-Organization-Project/pipelineCPU/pipelineCPU.srcs/sources_1/new/ID.v" Line 23. Module ID has a timescale but at least one module in design doesn't have timescale.
WARNING: [XSIM 43-4100] "D:/GitHub/Computer-Organization-Project/pipelineCPU/pipelineCPU.srcs/sources_1/new/EXE.v" Line 23. Module EXE has a timescale but at least one module in design doesn't have timescale.
WARNING: [XSIM 43-4100] "D:/GitHub/Computer-Organization-Project/pipelineCPU/pipelineCPU.srcs/sources_1/new/MEM.v" Line 23. Module MEM has a timescale but at least one module in design doesn't have timescale.
WARNING: [XSIM 43-4100] "D:/GitHub/Computer-Organization-Project/pipelineCPU/pipelineCPU.srcs/sources_1/ip/pgram/sim/pgram.v" Line 55. Module pgram has a timescale but at least one module in design doesn't have timescale.
WARNING: [XSIM 43-4100] "/wrk/2017.4/nightly/2017_12_15_2086221/packages/customer/vivado/data/ip/xilinx/blk_mem_gen_v8_4/simulation/blk_mem_gen_v8_4.v" Line 3412. Module blk_mem_gen_v8_4_1(C_FAMILY="artix7",C_XDEVICEFAMILY="artix7",C_ELABORATION_DIR="./",C_AXI_TYPE=1,C_MEM_TYPE=0,C_BYTE_SIZE=8,C_PRIM_TYPE=1,C_INIT_FILE_NAME="no_coe_file_loaded",C_INIT_FILE="pgram.mem",C_HAS_ENA=0,C_USE_BYTE_WEA=1,C_WEA_WIDTH=4,C_WRITE_DEPTH_A=16384,C_READ_DEPTH_A=16384,C_ADDRA_WIDTH=14,C_INITB_VAL="0",C_HAS_ENB=0,C_USE_BYTE_WEB=1,C_WEB_WIDTH=4,C_WRITE_DEPTH_B=16384,C_READ_DEPTH_B=16384,C_ADDRB_WIDTH=14,C_SIM_COLLISION_CHECK="ALL",C_COMMON_CLK=0,C_COUNT_36K_BRAM="16",C_COUNT_18K_BRAM="0",C_EST_POWER_SUMMARY="Estimated_Power_for_IP_____:_____10.194_mW") has a timescale but at least one module in design doesn't have timescale.
WARNING: [XSIM 43-4100] "/wrk/2017.4/nightly/2017_12_15_2086221/packages/customer/vivado/data/ip/xilinx/blk_mem_gen_v8_4/simulation/blk_mem_gen_v8_4.v" Line 1951. Module blk_mem_gen_v8_4_1_mem_module(C_FAMILY="artix7",C_XDEVICEFAMILY="artix7",C_MEM_TYPE=0,C_BYTE_SIZE=8,C_PRIM_TYPE=1,C_INIT_FILE_NAME="no_coe_file_loaded",C_INIT_FILE="pgram.mem",C_HAS_ENA=0,C_USE_BYTE_WEA=1,C_WEA_WIDTH=4,C_WRITE_DEPTH_A=16384,C_READ_DEPTH_A=16384,C_ADDRA_WIDTH=14,C_INITB_VAL="0",C_HAS_ENB=0,C_USE_BYTE_WEB=1,C_WEB_WIDTH=4,C_WRITE_DEPTH_B=16384,C_READ_DEPTH_B=16384,C_ADDRB_WIDTH=14,C_SIM_COLLISION_CHECK="ALL",C_COMMON_CLK=0) has a timescale but at least one module in design doesn't have timescale.
WARNING: [XSIM 43-4100] "/wrk/2017.4/nightly/2017_12_15_2086221/packages/customer/vivado/data/ip/xilinx/blk_mem_gen_v8_4/simulation/blk_mem_gen_v8_4.v" Line 1563. Module blk_mem_gen_v8_4_1_output_stage(C_FAMILY="artix7",C_XDEVICEFAMILY="artix7",C_ADDRB_WIDTH=14,NUM_STAGES=0) has a timescale but at least one module in design doesn't have timescale.
WARNING: [XSIM 43-4100] "/wrk/2017.4/nightly/2017_12_15_2086221/packages/customer/vivado/data/ip/xilinx/blk_mem_gen_v8_4/simulation/blk_mem_gen_v8_4.v" Line 1563. Module blk_mem_gen_v8_4_1_output_stage(C_FAMILY="artix7",C_XDEVICEFAMILY="artix7",C_ADDRB_WIDTH=14,NUM_STAGES=0) has a timescale but at least one module in design doesn't have timescale.
WARNING: [XSIM 43-4100] "/wrk/2017.4/nightly/2017_12_15_2086221/packages/customer/vivado/data/ip/xilinx/blk_mem_gen_v8_4/simulation/blk_mem_gen_v8_4.v" Line 1859. Module blk_mem_gen_v8_4_1_softecc_output_reg_stage(C_ADDRB_WIDTH=14) has a timescale but at least one module in design doesn't have timescale.
WARNING: [XSIM 43-4100] "D:/GitHub/Computer-Organization-Project/pipelineCPU/pipelineCPU.srcs/sources_1/new/WB.v" Line 1. Module WB has a timescale but at least one module in design doesn't have timescale.
WARNING: [XSIM 43-4100] "D:/GitHub/Computer-Organization-Project/pipelineCPU/pipelineCPU.srcs/sources_1/new/InputModule.v" Line 3. Module InputModule has a timescale but at least one module in design doesn't have timescale.
WARNING: [XSIM 43-4100] "D:/GitHub/Computer-Organization-Project/pipelineCPU/pipelineCPU.srcs/sources_1/new/OutputModule.v" Line 1. Module OutputModule has a timescale but at least one module in design doesn't have timescale.
WARNING: [XSIM 43-4100] "D:/GitHub/Computer-Organization-Project/pipelineCPU/pipelineCPU.srcs/sources_1/new/SegGenerator.v" Line 1. Module SegGenerator has a timescale but at least one module in design doesn't have timescale.
WARNING: [XSIM 43-4100] "D:/GitHub/Computer-Organization-Project/pipelineCPU/pipelineCPU.srcs/sources_1/new/ClockDivider.v" Line 1. Module ClockDivider has a timescale but at least one module in design doesn't have timescale.
WARNING: [XSIM 43-4100] "D:/GitHub/Computer-Organization-Project/pipelineCPU/pipelineCPU.srcs/sources_1/new/SegDisplay.v" Line 1. Module SegDisplay has a timescale but at least one module in design doesn't have timescale.
WARNING: [XSIM 43-4100] "D:/GitHub/Computer-Organization-Project/pipelineCPU/pipelineCPU.sim/sim_1/behav/xsim/glbl.v" Line 6. Module glbl has a timescale but at least one module in design doesn't have timescale.
Completed simulation data flow analysis
Time Resolution for simulation is 1ps
Compiling module xil_defaultlib.ClockDivider
Compiling module xil_defaultlib.HarzardDetection
Compiling module blk_mem_gen_v8_4_1.blk_mem_gen_v8_4_1_output_stage(...
Compiling module blk_mem_gen_v8_4_1.blk_mem_gen_v8_4_1_softecc_outpu...
Compiling module blk_mem_gen_v8_4_1.blk_mem_gen_v8_4_1_mem_module(C_...
Compiling module blk_mem_gen_v8_4_1.blk_mem_gen_v8_4_1(C_FAMILY="art...
Compiling module xil_defaultlib.pgrom
Compiling module xil_defaultlib.IF
Compiling module xil_defaultlib.ID
Compiling module xil_defaultlib.EXE
Compiling module blk_mem_gen_v8_4_1.blk_mem_gen_v8_4_1_mem_module(C_...
Compiling module blk_mem_gen_v8_4_1.blk_mem_gen_v8_4_1(C_FAMILY="art...
Compiling module xil_defaultlib.pgram
Compiling module xil_defaultlib.MEM
Compiling module xil_defaultlib.WB
Compiling module xil_defaultlib.InputModule
Compiling module xil_defaultlib.SegGenerator
Compiling module xil_defaultlib.SegDisplay
Compiling module xil_defaultlib.OutputModule
Compiling module xil_defaultlib.top_module
Compiling module xil_defaultlib.tb_pipeline
Compiling module xil_defaultlib.glbl
Built simulation snapshot tb_pipeline_behav
INFO: [USF-XSim-69] 'elaborate' step finished in '4' seconds
INFO: [USF-XSim-4] XSim::Simulate design
INFO: [USF-XSim-61] Executing 'SIMULATE' step in 'D:/GitHub/Computer-Organization-Project/pipelineCPU/pipelineCPU.sim/sim_1/behav/xsim'
INFO: [USF-XSim-98] *** Running xsim
   with args "tb_pipeline_behav -key {Behavioral:sim_1:Functional:tb_pipeline} -tclbatch {tb_pipeline.tcl} -view {D:/GitHub/Computer-Organization-Project/pipelineCPU/tb_pipeline_behav.wcfg} -log {simulate.log}"
INFO: [USF-XSim-8] Loading simulator feature
Vivado Simulator 2017.4
Time resolution is 1 ps
open_wave_config D:/GitHub/Computer-Organization-Project/pipelineCPU/tb_pipeline_behav.wcfg
source tb_pipeline.tcl
# set curr_wave [current_wave_config]
# if { [string length $curr_wave] == 0 } {
#   if { [llength [get_objects]] > 0} {
#     add_wave /
#     set_property needs_save false [current_wave_config]
#   } else {
#      send_msg_id Add_Wave-1 WARNING "No top level signals found. Simulator will start without a wave window. If you want to open a wave window go to 'File->New Waveform Configuration' or type 'create_wave_config' in the TCL console."
#   }
# }
# run 1000ns
 Block Memory Generator module loading initial data...
 Block Memory Generator data initialization complete.
Block Memory Generator module tb_pipeline.uut_tm.if_uut.urom.inst.native_mem_module.blk_mem_gen_v8_4_1_inst is using a behavioral model for simulation which will not precisely model memory collision behavior.
Block Memory Generator module tb_pipeline.uut_tm.mem_uut.udram.inst.native_mem_module.blk_mem_gen_v8_4_1_inst is using a behavioral model for simulation which will not precisely model memory collision behavior.
INFO: [USF-XSim-96] XSim completed. Design snapshot 'tb_pipeline_behav' loaded.
INFO: [USF-XSim-97] XSim simulation ran for 1000ns
launch_simulation: Time (s): cpu = 00:00:03 ; elapsed = 00:00:07 . Memory (MB): peak = 1471.414 ; gain = 0.676
WARNING: [IP_Flow 19-4067] Ignoring invalid widget type specified checkbox.Providing a default widget
WARNING: [IP_Flow 19-4067] Ignoring invalid widget type specified checkbox.Providing a default widget
set_property -dict [list CONFIG.Coe_File {d:/GitHub/Computer-Organization-Project/pipelineCPU/pipelineCPU.srcs/sources_1/ip/pgrom/BaseTest1ROM.coe}] [get_ips pgrom]
INFO: [IP_Flow 19-3484] Absolute path of file 'd:/GitHub/Computer-Organization-Project/pipelineCPU/pipelineCPU.srcs/sources_1/ip/pgrom/BaseTest1ROM.coe' provided. It will be converted relative to IP Instance files 'BaseTest1ROM.coe'
generate_target all [get_files  D:/GitHub/Computer-Organization-Project/pipelineCPU/pipelineCPU.srcs/sources_1/ip/pgrom/pgrom.xci]
INFO: [IP_Flow 19-1686] Generating 'Instantiation Template' target for IP 'pgrom'...
INFO: [IP_Flow 19-1686] Generating 'Synthesis' target for IP 'pgrom'...
INFO: [IP_Flow 19-1686] Generating 'Simulation' target for IP 'pgrom'...
INFO: [IP_Flow 19-1686] Generating 'Miscellaneous' target for IP 'pgrom'...
INFO: [IP_Flow 19-1686] Generating 'Change Log' target for IP 'pgrom'...
catch { config_ip_cache -export [get_ips -all pgrom] }
export_ip_user_files -of_objects [get_files D:/GitHub/Computer-Organization-Project/pipelineCPU/pipelineCPU.srcs/sources_1/ip/pgrom/pgrom.xci] -no_script -sync -force -quiet
reset_run pgrom_synth_1
WARNING: [Vivado 12-1017] Problems encountered:
1. Failed to delete one or more files in run directory D:/GitHub/Computer-Organization-Project/pipelineCPU/pipelineCPU.runs/pgrom_synth_1

launch_runs -jobs 4 pgrom_synth_1
[Thu May 15 23:04:29 2025] Launched pgrom_synth_1...
Run output will be captured here: D:/GitHub/Computer-Organization-Project/pipelineCPU/pipelineCPU.runs/pgrom_synth_1/runme.log
export_simulation -of_objects [get_files D:/GitHub/Computer-Organization-Project/pipelineCPU/pipelineCPU.srcs/sources_1/ip/pgrom/pgrom.xci] -directory D:/GitHub/Computer-Organization-Project/pipelineCPU/pipelineCPU.ip_user_files/sim_scripts -ip_user_files_dir D:/GitHub/Computer-Organization-Project/pipelineCPU/pipelineCPU.ip_user_files -ipstatic_source_dir D:/GitHub/Computer-Organization-Project/pipelineCPU/pipelineCPU.ip_user_files/ipstatic -lib_map_path [list {modelsim=D:/GitHub/Computer-Organization-Project/pipelineCPU/pipelineCPU.cache/compile_simlib/modelsim} {questa=D:/GitHub/Computer-Organization-Project/pipelineCPU/pipelineCPU.cache/compile_simlib/questa} {riviera=D:/GitHub/Computer-Organization-Project/pipelineCPU/pipelineCPU.cache/compile_simlib/riviera} {activehdl=D:/GitHub/Computer-Organization-Project/pipelineCPU/pipelineCPU.cache/compile_simlib/activehdl}] -use_ip_compiled_libs -force -quiet
reset_run synth_1
WARNING: [Vivado 12-1017] Problems encountered:
1. Failed to delete one or more files in run directory D:/GitHub/Computer-Organization-Project/pipelineCPU/pipelineCPU.runs/synth_1

launch_runs impl_1 -to_step write_bitstream -jobs 4
[Thu May 15 23:04:39 2025] Launched pgrom_synth_1, synth_1...
Run output will be captured here:
pgrom_synth_1: D:/GitHub/Computer-Organization-Project/pipelineCPU/pipelineCPU.runs/pgrom_synth_1/runme.log
synth_1: D:/GitHub/Computer-Organization-Project/pipelineCPU/pipelineCPU.runs/synth_1/runme.log
[Thu May 15 23:04:39 2025] Launched impl_1...
Run output will be captured here: D:/GitHub/Computer-Organization-Project/pipelineCPU/pipelineCPU.runs/impl_1/runme.log
open_hw
connect_hw_server
INFO: [Labtools 27-2285] Connecting to hw_server url TCP:localhost:3121
INFO: [Labtools 27-2222] Launching hw_server...
INFO: [Labtools 27-2221] Launch Output:

****** Xilinx hw_server v2017.4
  **** Build date : Dec 15 2017-21:08:27
    ** Copyright 1986-2017 Xilinx, Inc. All Rights Reserved.


disconnect_hw_server localhost:3121
connect_hw_server
INFO: [Labtools 27-2285] Connecting to hw_server url TCP:localhost:3121
open_hw_target
INFO: [Labtoolstcl 44-466] Opening hw_target localhost:3121/xilinx_tcf/Xilinx/1234-tulA
set_property PROGRAM.FILE {D:/GitHub/Computer-Organization-Project/pipelineCPU/pipelineCPU.runs/impl_1/top_module.bit} [get_hw_devices xc7a35t_0]
current_hw_device [get_hw_devices xc7a35t_0]
refresh_hw_device -update_hw_probes false [lindex [get_hw_devices xc7a35t_0] 0]
INFO: [Labtools 27-1434] Device xc7a35t (JTAG device index = 0) is programmed with a design that has no supported debug core(s) in it.
WARNING: [Labtools 27-3361] The debug hub core was not detected.
Resolution: 
1. Make sure the clock connected to the debug hub (dbg_hub) core is a free running clock and is active.
2. Make sure the BSCAN_SWITCH_USER_MASK device property in Vivado Hardware Manager reflects the user scan chain setting in the design and refresh the device.  To determine the user scan chain setting in the design, open the implemented design and use 'get_property C_USER_SCAN_CHAIN [get_debug_cores dbg_hub]'.
For more details on setting the scan chain property, consult the Vivado Debug and Programming User Guide (UG908).
set_property PROBES.FILE {} [get_hw_devices xc7a35t_0]
set_property FULL_PROBES.FILE {} [get_hw_devices xc7a35t_0]
set_property PROGRAM.FILE {D:/GitHub/Computer-Organization-Project/pipelineCPU/pipelineCPU.runs/impl_1/top_module.bit} [get_hw_devices xc7a35t_0]
program_hw_devices [get_hw_devices xc7a35t_0]
INFO: [Labtools 27-3164] End of startup status: HIGH
refresh_hw_device [lindex [get_hw_devices xc7a35t_0] 0]
INFO: [Labtools 27-1434] Device xc7a35t (JTAG device index = 0) is programmed with a design that has no supported debug core(s) in it.
WARNING: [Labtools 27-3361] The debug hub core was not detected.
Resolution: 
1. Make sure the clock connected to the debug hub (dbg_hub) core is a free running clock and is active.
2. Make sure the BSCAN_SWITCH_USER_MASK device property in Vivado Hardware Manager reflects the user scan chain setting in the design and refresh the device.  To determine the user scan chain setting in the design, open the implemented design and use 'get_property C_USER_SCAN_CHAIN [get_debug_cores dbg_hub]'.
For more details on setting the scan chain property, consult the Vivado Debug and Programming User Guide (UG908).
reset_run synth_1
WARNING: [Vivado 12-1017] Problems encountered:
1. Failed to delete one or more files in run directory D:/GitHub/Computer-Organization-Project/pipelineCPU/pipelineCPU.runs/synth_1

launch_runs impl_1 -to_step write_bitstream -jobs 4
[Thu May 15 23:12:20 2025] Launched synth_1...
Run output will be captured here: D:/GitHub/Computer-Organization-Project/pipelineCPU/pipelineCPU.runs/synth_1/runme.log
[Thu May 15 23:12:20 2025] Launched impl_1...
Run output will be captured here: D:/GitHub/Computer-Organization-Project/pipelineCPU/pipelineCPU.runs/impl_1/runme.log
set_property PROBES.FILE {} [get_hw_devices xc7a35t_0]
set_property FULL_PROBES.FILE {} [get_hw_devices xc7a35t_0]
set_property PROGRAM.FILE {D:/GitHub/Computer-Organization-Project/pipelineCPU/pipelineCPU.runs/impl_1/top_module.bit} [get_hw_devices xc7a35t_0]
program_hw_devices [get_hw_devices xc7a35t_0]
INFO: [Labtools 27-3164] End of startup status: HIGH
refresh_hw_device [lindex [get_hw_devices xc7a35t_0] 0]
INFO: [Labtools 27-1434] Device xc7a35t (JTAG device index = 0) is programmed with a design that has no supported debug core(s) in it.
WARNING: [Labtools 27-3361] The debug hub core was not detected.
Resolution: 
1. Make sure the clock connected to the debug hub (dbg_hub) core is a free running clock and is active.
2. Make sure the BSCAN_SWITCH_USER_MASK device property in Vivado Hardware Manager reflects the user scan chain setting in the design and refresh the device.  To determine the user scan chain setting in the design, open the implemented design and use 'get_property C_USER_SCAN_CHAIN [get_debug_cores dbg_hub]'.
For more details on setting the scan chain property, consult the Vivado Debug and Programming User Guide (UG908).
open_run synth_1 -name synth_1
Design is defaulting to impl run constrset: constrs_1
Design is defaulting to synth run part: xc7a35tcsg324-1
INFO: [Project 1-454] Reading design checkpoint 'd:/GitHub/Computer-Organization-Project/pipelineCPU/pipelineCPU.srcs/sources_1/ip/pgrom/pgrom.dcp' for cell 'if_uut/urom'
INFO: [Project 1-454] Reading design checkpoint 'd:/GitHub/Computer-Organization-Project/pipelineCPU/pipelineCPU.srcs/sources_1/ip/pgram/pgram.dcp' for cell 'mem_uut/udram'
INFO: [Netlist 29-17] Analyzing 812 Unisim elements for replacement
INFO: [Netlist 29-28] Unisim Transformation completed in 0 CPU seconds
INFO: [Project 1-479] Netlist was created with Vivado 2017.4
INFO: [Project 1-570] Preparing netlist for logic optimization
Parsing XDC File [D:/GitHub/Computer-Organization-Project/pipelineCPU/pipelineCPU.srcs/constrs_1/new/pipelineCPU.xdc]
Finished Parsing XDC File [D:/GitHub/Computer-Organization-Project/pipelineCPU/pipelineCPU.srcs/constrs_1/new/pipelineCPU.xdc]
INFO: [Opt 31-138] Pushed 1 inverter(s) to 62 load pin(s).
INFO: [Project 1-111] Unisim Transformation Summary:
No Unisim elements were transformed.

open_run: Time (s): cpu = 00:00:18 ; elapsed = 00:00:11 . Memory (MB): peak = 2322.234 ; gain = 247.523
current_project CPU
current_project pipelineCPU
disconnect_hw_server
current_project CPU
WARNING: [IP_Flow 19-4067] Ignoring invalid widget type specified checkbox.Providing a default widget
WARNING: [IP_Flow 19-4067] Ignoring invalid widget type specified checkbox.Providing a default widget
current_project pipelineCPU
WARNING: [IP_Flow 19-4067] Ignoring invalid widget type specified checkbox.Providing a default widget
WARNING: [IP_Flow 19-4067] Ignoring invalid widget type specified checkbox.Providing a default widget
set_property -dict [list CONFIG.Coe_File {d:/GitHub/Computer-Organization-Project/pipelineCPU/pipelineCPU.srcs/sources_1/ip/pgrom/test_jbc_1.coe}] [get_ips pgrom]
INFO: [IP_Flow 19-3484] Absolute path of file 'd:/GitHub/Computer-Organization-Project/pipelineCPU/pipelineCPU.srcs/sources_1/ip/pgrom/test_jbc_1.coe' provided. It will be converted relative to IP Instance files 'test_jbc_1.coe'
generate_target all [get_files  D:/GitHub/Computer-Organization-Project/pipelineCPU/pipelineCPU.srcs/sources_1/ip/pgrom/pgrom.xci]
INFO: [IP_Flow 19-1686] Generating 'Instantiation Template' target for IP 'pgrom'...
INFO: [IP_Flow 19-1686] Generating 'Synthesis' target for IP 'pgrom'...
INFO: [IP_Flow 19-1686] Generating 'Simulation' target for IP 'pgrom'...
INFO: [IP_Flow 19-1686] Generating 'Miscellaneous' target for IP 'pgrom'...
INFO: [IP_Flow 19-1686] Generating 'Change Log' target for IP 'pgrom'...
catch { config_ip_cache -export [get_ips -all pgrom] }
export_ip_user_files -of_objects [get_files D:/GitHub/Computer-Organization-Project/pipelineCPU/pipelineCPU.srcs/sources_1/ip/pgrom/pgrom.xci] -no_script -sync -force -quiet
reset_run pgrom_synth_1
WARNING: [Vivado 12-1017] Problems encountered:
1. Failed to delete one or more files in run directory D:/GitHub/Computer-Organization-Project/pipelineCPU/pipelineCPU.runs/pgrom_synth_1

launch_runs -jobs 4 pgrom_synth_1
[Thu May 15 23:22:23 2025] Launched pgrom_synth_1...
Run output will be captured here: D:/GitHub/Computer-Organization-Project/pipelineCPU/pipelineCPU.runs/pgrom_synth_1/runme.log
export_simulation -of_objects [get_files D:/GitHub/Computer-Organization-Project/pipelineCPU/pipelineCPU.srcs/sources_1/ip/pgrom/pgrom.xci] -directory D:/GitHub/Computer-Organization-Project/pipelineCPU/pipelineCPU.ip_user_files/sim_scripts -ip_user_files_dir D:/GitHub/Computer-Organization-Project/pipelineCPU/pipelineCPU.ip_user_files -ipstatic_source_dir D:/GitHub/Computer-Organization-Project/pipelineCPU/pipelineCPU.ip_user_files/ipstatic -lib_map_path [list {modelsim=D:/GitHub/Computer-Organization-Project/pipelineCPU/pipelineCPU.cache/compile_simlib/modelsim} {questa=D:/GitHub/Computer-Organization-Project/pipelineCPU/pipelineCPU.cache/compile_simlib/questa} {riviera=D:/GitHub/Computer-Organization-Project/pipelineCPU/pipelineCPU.cache/compile_simlib/riviera} {activehdl=D:/GitHub/Computer-Organization-Project/pipelineCPU/pipelineCPU.cache/compile_simlib/activehdl}] -use_ip_compiled_libs -force -quiet
close_sim
INFO: [Simtcl 6-16] Simulation closed
launch_simulation
INFO: [Vivado 12-5698] Checking validity of IPs in the design for the 'XSim' simulator...
INFO: [Vivado 12-5682] Launching behavioral simulation in 'D:/GitHub/Computer-Organization-Project/pipelineCPU/pipelineCPU.sim/sim_1/behav/xsim'
INFO: [Vivado 12-4795] Using compiled simulation libraries for IPs
INFO: [SIM-utils-51] Simulation object is 'sim_1'
INFO: [USF-XSim-7] Finding pre-compiled libraries...
INFO: [USF-XSim-11] File 'D:/Xilinx/Vivado/2017.4/data/xsim/ip/xsim_ip.ini' copied to run dir:'D:/GitHub/Computer-Organization-Project/pipelineCPU/pipelineCPU.sim/sim_1/behav/xsim'
INFO: [SIM-utils-54] Inspecting design source files for 'tb_pipeline' in fileset 'sim_1'...
INFO: [SIM-utils-43] Exported 'D:/GitHub/Computer-Organization-Project/pipelineCPU/pipelineCPU.sim/sim_1/behav/xsim/pgrom.mif'
INFO: [SIM-utils-43] Exported 'D:/GitHub/Computer-Organization-Project/pipelineCPU/pipelineCPU.sim/sim_1/behav/xsim/test_jbc_1.coe'
INFO: [SIM-utils-43] Exported 'D:/GitHub/Computer-Organization-Project/pipelineCPU/pipelineCPU.sim/sim_1/behav/xsim/test1ROM.coe'
INFO: [SIM-utils-43] Exported 'D:/GitHub/Computer-Organization-Project/pipelineCPU/pipelineCPU.sim/sim_1/behav/xsim/test9ROM.coe'
INFO: [SIM-utils-43] Exported 'D:/GitHub/Computer-Organization-Project/pipelineCPU/pipelineCPU.sim/sim_1/behav/xsim/BaseTest1ROM.coe'
INFO: [USF-XSim-97] Finding global include files...
INFO: [USF-XSim-98] Fetching design files from 'sim_1'...
INFO: [USF-XSim-2] XSim::Compile design
INFO: [USF-XSim-61] Executing 'COMPILE and ANALYZE' step in 'D:/GitHub/Computer-Organization-Project/pipelineCPU/pipelineCPU.sim/sim_1/behav/xsim'
"xvlog --incr --relax -L xil_defaultlib -prj tb_pipeline_vlog.prj"
INFO: [VRFC 10-2263] Analyzing Verilog file "D:/GitHub/Computer-Organization-Project/pipelineCPU/pipelineCPU.srcs/sources_1/ip/pgram/sim/pgram.v" into library xil_defaultlib
INFO: [VRFC 10-311] analyzing module pgram
INFO: [VRFC 10-2263] Analyzing Verilog file "D:/GitHub/Computer-Organization-Project/pipelineCPU/pipelineCPU.srcs/sources_1/ip/pgrom/sim/pgrom.v" into library xil_defaultlib
INFO: [VRFC 10-311] analyzing module pgrom
INFO: [VRFC 10-2263] Analyzing Verilog file "D:/GitHub/Computer-Organization-Project/pipelineCPU/pipelineCPU.srcs/sources_1/new/ClockDivider.v" into library xil_defaultlib
INFO: [VRFC 10-311] analyzing module ClockDivider
INFO: [VRFC 10-2263] Analyzing Verilog file "D:/GitHub/Computer-Organization-Project/pipelineCPU/pipelineCPU.srcs/sources_1/new/EXE.v" into library xil_defaultlib
INFO: [VRFC 10-311] analyzing module EXE
INFO: [VRFC 10-2263] Analyzing Verilog file "D:/GitHub/Computer-Organization-Project/pipelineCPU/pipelineCPU.srcs/sources_1/new/HarzardDetection.v" into library xil_defaultlib
INFO: [VRFC 10-311] analyzing module HarzardDetection
INFO: [VRFC 10-2263] Analyzing Verilog file "D:/GitHub/Computer-Organization-Project/pipelineCPU/pipelineCPU.srcs/sources_1/new/IF.v" into library xil_defaultlib
INFO: [VRFC 10-311] analyzing module IF
INFO: [VRFC 10-2263] Analyzing Verilog file "D:/GitHub/Computer-Organization-Project/pipelineCPU/pipelineCPU.srcs/sources_1/new/InputModule.v" into library xil_defaultlib
INFO: [VRFC 10-311] analyzing module InputModule
INFO: [VRFC 10-2263] Analyzing Verilog file "D:/GitHub/Computer-Organization-Project/pipelineCPU/pipelineCPU.srcs/sources_1/new/MEM.v" into library xil_defaultlib
INFO: [VRFC 10-311] analyzing module MEM
INFO: [VRFC 10-2263] Analyzing Verilog file "D:/GitHub/Computer-Organization-Project/pipelineCPU/pipelineCPU.srcs/sources_1/new/OutputModule.v" into library xil_defaultlib
INFO: [VRFC 10-311] analyzing module OutputModule
INFO: [VRFC 10-2263] Analyzing Verilog file "D:/GitHub/Computer-Organization-Project/pipelineCPU/pipelineCPU.srcs/sources_1/new/SegDisplay.v" into library xil_defaultlib
INFO: [VRFC 10-311] analyzing module SegDisplay
INFO: [VRFC 10-2263] Analyzing Verilog file "D:/GitHub/Computer-Organization-Project/pipelineCPU/pipelineCPU.srcs/sources_1/new/SegGenerator.v" into library xil_defaultlib
INFO: [VRFC 10-311] analyzing module SegGenerator
INFO: [VRFC 10-2263] Analyzing SystemVerilog file "D:/GitHub/Computer-Organization-Project/pipelineCPU/pipelineCPU.srcs/sources_1/new/ID.v" into library xil_defaultlib
INFO: [VRFC 10-311] analyzing module ID
INFO: [VRFC 10-2263] Analyzing SystemVerilog file "D:/GitHub/Computer-Organization-Project/pipelineCPU/pipelineCPU.srcs/sources_1/new/WB.v" into library xil_defaultlib
INFO: [VRFC 10-311] analyzing module WB
INFO: [VRFC 10-2263] Analyzing SystemVerilog file "D:/GitHub/Computer-Organization-Project/pipelineCPU/pipelineCPU.srcs/sources_1/new/top_module.v" into library xil_defaultlib
INFO: [VRFC 10-311] analyzing module top_module
INFO: [USF-XSim-69] 'compile' step finished in '1' seconds
INFO: [USF-XSim-3] XSim::Elaborate design
INFO: [USF-XSim-61] Executing 'ELABORATE' step in 'D:/GitHub/Computer-Organization-Project/pipelineCPU/pipelineCPU.sim/sim_1/behav/xsim'
Vivado Simulator 2017.4
Copyright 1986-1999, 2001-2016 Xilinx, Inc. All Rights Reserved.
Running: D:/Xilinx/Vivado/2017.4/bin/unwrapped/win64.o/xelab.exe -wto 374ad2d08ccb4635b2dbbca0a3224143 --incr --debug typical --relax --mt 2 -L blk_mem_gen_v8_4_1 -L xil_defaultlib -L unisims_ver -L unimacro_ver -L secureip -L xpm --snapshot tb_pipeline_behav xil_defaultlib.tb_pipeline xil_defaultlib.glbl -log elaborate.log 
Using 2 slave threads.
Starting static elaboration
WARNING: [VRFC 10-278] actual bit length 32 differs from formal bit length 4 for port wea [D:/GitHub/Computer-Organization-Project/pipelineCPU/pipelineCPU.srcs/sources_1/new/MEM.v:68]
WARNING: [VRFC 10-1783] select index 62 into current_contents is out of bounds [/wrk/2017.4/nightly/2017_12_15_2086221/packages/customer/vivado/data/ip/xilinx/blk_mem_gen_v8_4/simulation/blk_mem_gen_v8_4.v:2420]
Completed static elaboration
Starting simulation data flow analysis
WARNING: [XSIM 43-4100] "D:/GitHub/Computer-Organization-Project/pipelineCPU/pipelineCPU.srcs/sources_1/new/top_module.v" Line 3. Module top_module has a timescale but at least one module in design doesn't have timescale.
WARNING: [XSIM 43-4100] "D:/GitHub/Computer-Organization-Project/pipelineCPU/pipelineCPU.srcs/sources_1/new/ClockDivider.v" Line 1. Module ClockDivider has a timescale but at least one module in design doesn't have timescale.
WARNING: [XSIM 43-4100] "D:/GitHub/Computer-Organization-Project/pipelineCPU/pipelineCPU.srcs/sources_1/new/ClockDivider.v" Line 1. Module ClockDivider has a timescale but at least one module in design doesn't have timescale.
WARNING: [XSIM 43-4100] "D:/GitHub/Computer-Organization-Project/pipelineCPU/pipelineCPU.srcs/sources_1/new/HarzardDetection.v" Line 3. Module HarzardDetection has a timescale but at least one module in design doesn't have timescale.
WARNING: [XSIM 43-4100] "D:/GitHub/Computer-Organization-Project/pipelineCPU/pipelineCPU.srcs/sources_1/new/IF.v" Line 23. Module IF has a timescale but at least one module in design doesn't have timescale.
WARNING: [XSIM 43-4100] "D:/GitHub/Computer-Organization-Project/pipelineCPU/pipelineCPU.srcs/sources_1/ip/pgrom/sim/pgrom.v" Line 55. Module pgrom has a timescale but at least one module in design doesn't have timescale.
WARNING: [XSIM 43-4100] "/wrk/2017.4/nightly/2017_12_15_2086221/packages/customer/vivado/data/ip/xilinx/blk_mem_gen_v8_4/simulation/blk_mem_gen_v8_4.v" Line 3412. Module blk_mem_gen_v8_4_1(C_FAMILY="artix7",C_XDEVICEFAMILY="artix7",C_ELABORATION_DIR="./",C_AXI_TYPE=1,C_MEM_TYPE=3,C_PRIM_TYPE=1,C_LOAD_INIT_FILE=1,C_INIT_FILE_NAME="pgrom.mif",C_INIT_FILE="pgrom.mem",C_HAS_ENA=0,C_WRITE_DEPTH_A=16384,C_READ_DEPTH_A=16384,C_ADDRA_WIDTH=14,C_INITB_VAL="0",C_HAS_ENB=0,C_WRITE_DEPTH_B=16384,C_READ_DEPTH_B=16384,C_ADDRB_WIDTH=14,C_SIM_COLLISION_CHECK="ALL",C_COMMON_CLK=0,C_COUNT_36K_BRAM="14",C_COUNT_18K_BRAM="1",C_EST_POWER_SUMMARY="Estimated_Power_for_IP_____:_____12.7204_mW") has a timescale but at least one module in design doesn't have timescale.
WARNING: [XSIM 43-4100] "/wrk/2017.4/nightly/2017_12_15_2086221/packages/customer/vivado/data/ip/xilinx/blk_mem_gen_v8_4/simulation/blk_mem_gen_v8_4.v" Line 1951. Module blk_mem_gen_v8_4_1_mem_module(C_FAMILY="artix7",C_XDEVICEFAMILY="artix7",C_MEM_TYPE=3,C_PRIM_TYPE=1,C_LOAD_INIT_FILE=1,C_INIT_FILE_NAME="pgrom.mif",C_INIT_FILE="pgrom.mem",C_HAS_ENA=0,C_WRITE_DEPTH_A=16384,C_READ_DEPTH_A=16384,C_ADDRA_WIDTH=14,C_INITB_VAL="0",C_HAS_ENB=0,C_WRITE_DEPTH_B=16384,C_READ_DEPTH_B=16384,C_ADDRB_WIDTH=14,C_SIM_COLLISION_CHECK="ALL",C_COMMON_CLK=0) has a timescale but at least one module in design doesn't have timescale.
WARNING: [XSIM 43-4100] "/wrk/2017.4/nightly/2017_12_15_2086221/packages/customer/vivado/data/ip/xilinx/blk_mem_gen_v8_4/simulation/blk_mem_gen_v8_4.v" Line 1563. Module blk_mem_gen_v8_4_1_output_stage(C_FAMILY="artix7",C_XDEVICEFAMILY="artix7",C_ADDRB_WIDTH=14,NUM_STAGES=0) has a timescale but at least one module in design doesn't have timescale.
WARNING: [XSIM 43-4100] "/wrk/2017.4/nightly/2017_12_15_2086221/packages/customer/vivado/data/ip/xilinx/blk_mem_gen_v8_4/simulation/blk_mem_gen_v8_4.v" Line 1563. Module blk_mem_gen_v8_4_1_output_stage(C_FAMILY="artix7",C_XDEVICEFAMILY="artix7",C_ADDRB_WIDTH=14,NUM_STAGES=0) has a timescale but at least one module in design doesn't have timescale.
WARNING: [XSIM 43-4100] "/wrk/2017.4/nightly/2017_12_15_2086221/packages/customer/vivado/data/ip/xilinx/blk_mem_gen_v8_4/simulation/blk_mem_gen_v8_4.v" Line 1859. Module blk_mem_gen_v8_4_1_softecc_output_reg_stage(C_ADDRB_WIDTH=14) has a timescale but at least one module in design doesn't have timescale.
WARNING: [XSIM 43-4100] "D:/GitHub/Computer-Organization-Project/pipelineCPU/pipelineCPU.srcs/sources_1/new/ID.v" Line 23. Module ID has a timescale but at least one module in design doesn't have timescale.
WARNING: [XSIM 43-4100] "D:/GitHub/Computer-Organization-Project/pipelineCPU/pipelineCPU.srcs/sources_1/new/EXE.v" Line 23. Module EXE has a timescale but at least one module in design doesn't have timescale.
WARNING: [XSIM 43-4100] "D:/GitHub/Computer-Organization-Project/pipelineCPU/pipelineCPU.srcs/sources_1/new/MEM.v" Line 23. Module MEM has a timescale but at least one module in design doesn't have timescale.
WARNING: [XSIM 43-4100] "D:/GitHub/Computer-Organization-Project/pipelineCPU/pipelineCPU.srcs/sources_1/ip/pgram/sim/pgram.v" Line 55. Module pgram has a timescale but at least one module in design doesn't have timescale.
WARNING: [XSIM 43-4100] "/wrk/2017.4/nightly/2017_12_15_2086221/packages/customer/vivado/data/ip/xilinx/blk_mem_gen_v8_4/simulation/blk_mem_gen_v8_4.v" Line 3412. Module blk_mem_gen_v8_4_1(C_FAMILY="artix7",C_XDEVICEFAMILY="artix7",C_ELABORATION_DIR="./",C_AXI_TYPE=1,C_MEM_TYPE=0,C_BYTE_SIZE=8,C_PRIM_TYPE=1,C_INIT_FILE_NAME="no_coe_file_loaded",C_INIT_FILE="pgram.mem",C_HAS_ENA=0,C_USE_BYTE_WEA=1,C_WEA_WIDTH=4,C_WRITE_DEPTH_A=16384,C_READ_DEPTH_A=16384,C_ADDRA_WIDTH=14,C_INITB_VAL="0",C_HAS_ENB=0,C_USE_BYTE_WEB=1,C_WEB_WIDTH=4,C_WRITE_DEPTH_B=16384,C_READ_DEPTH_B=16384,C_ADDRB_WIDTH=14,C_SIM_COLLISION_CHECK="ALL",C_COMMON_CLK=0,C_COUNT_36K_BRAM="16",C_COUNT_18K_BRAM="0",C_EST_POWER_SUMMARY="Estimated_Power_for_IP_____:_____10.194_mW") has a timescale but at least one module in design doesn't have timescale.
WARNING: [XSIM 43-4100] "/wrk/2017.4/nightly/2017_12_15_2086221/packages/customer/vivado/data/ip/xilinx/blk_mem_gen_v8_4/simulation/blk_mem_gen_v8_4.v" Line 1951. Module blk_mem_gen_v8_4_1_mem_module(C_FAMILY="artix7",C_XDEVICEFAMILY="artix7",C_MEM_TYPE=0,C_BYTE_SIZE=8,C_PRIM_TYPE=1,C_INIT_FILE_NAME="no_coe_file_loaded",C_INIT_FILE="pgram.mem",C_HAS_ENA=0,C_USE_BYTE_WEA=1,C_WEA_WIDTH=4,C_WRITE_DEPTH_A=16384,C_READ_DEPTH_A=16384,C_ADDRA_WIDTH=14,C_INITB_VAL="0",C_HAS_ENB=0,C_USE_BYTE_WEB=1,C_WEB_WIDTH=4,C_WRITE_DEPTH_B=16384,C_READ_DEPTH_B=16384,C_ADDRB_WIDTH=14,C_SIM_COLLISION_CHECK="ALL",C_COMMON_CLK=0) has a timescale but at least one module in design doesn't have timescale.
WARNING: [XSIM 43-4100] "/wrk/2017.4/nightly/2017_12_15_2086221/packages/customer/vivado/data/ip/xilinx/blk_mem_gen_v8_4/simulation/blk_mem_gen_v8_4.v" Line 1563. Module blk_mem_gen_v8_4_1_output_stage(C_FAMILY="artix7",C_XDEVICEFAMILY="artix7",C_ADDRB_WIDTH=14,NUM_STAGES=0) has a timescale but at least one module in design doesn't have timescale.
WARNING: [XSIM 43-4100] "/wrk/2017.4/nightly/2017_12_15_2086221/packages/customer/vivado/data/ip/xilinx/blk_mem_gen_v8_4/simulation/blk_mem_gen_v8_4.v" Line 1563. Module blk_mem_gen_v8_4_1_output_stage(C_FAMILY="artix7",C_XDEVICEFAMILY="artix7",C_ADDRB_WIDTH=14,NUM_STAGES=0) has a timescale but at least one module in design doesn't have timescale.
WARNING: [XSIM 43-4100] "/wrk/2017.4/nightly/2017_12_15_2086221/packages/customer/vivado/data/ip/xilinx/blk_mem_gen_v8_4/simulation/blk_mem_gen_v8_4.v" Line 1859. Module blk_mem_gen_v8_4_1_softecc_output_reg_stage(C_ADDRB_WIDTH=14) has a timescale but at least one module in design doesn't have timescale.
WARNING: [XSIM 43-4100] "D:/GitHub/Computer-Organization-Project/pipelineCPU/pipelineCPU.srcs/sources_1/new/WB.v" Line 1. Module WB has a timescale but at least one module in design doesn't have timescale.
WARNING: [XSIM 43-4100] "D:/GitHub/Computer-Organization-Project/pipelineCPU/pipelineCPU.srcs/sources_1/new/InputModule.v" Line 3. Module InputModule has a timescale but at least one module in design doesn't have timescale.
WARNING: [XSIM 43-4100] "D:/GitHub/Computer-Organization-Project/pipelineCPU/pipelineCPU.srcs/sources_1/new/OutputModule.v" Line 1. Module OutputModule has a timescale but at least one module in design doesn't have timescale.
WARNING: [XSIM 43-4100] "D:/GitHub/Computer-Organization-Project/pipelineCPU/pipelineCPU.srcs/sources_1/new/SegGenerator.v" Line 1. Module SegGenerator has a timescale but at least one module in design doesn't have timescale.
WARNING: [XSIM 43-4100] "D:/GitHub/Computer-Organization-Project/pipelineCPU/pipelineCPU.srcs/sources_1/new/ClockDivider.v" Line 1. Module ClockDivider has a timescale but at least one module in design doesn't have timescale.
WARNING: [XSIM 43-4100] "D:/GitHub/Computer-Organization-Project/pipelineCPU/pipelineCPU.srcs/sources_1/new/SegDisplay.v" Line 1. Module SegDisplay has a timescale but at least one module in design doesn't have timescale.
WARNING: [XSIM 43-4100] "D:/GitHub/Computer-Organization-Project/pipelineCPU/pipelineCPU.sim/sim_1/behav/xsim/glbl.v" Line 6. Module glbl has a timescale but at least one module in design doesn't have timescale.
Completed simulation data flow analysis
Time Resolution for simulation is 1ps
Compiling module xil_defaultlib.ClockDivider
Compiling module xil_defaultlib.HarzardDetection
Compiling module blk_mem_gen_v8_4_1.blk_mem_gen_v8_4_1_output_stage(...
Compiling module blk_mem_gen_v8_4_1.blk_mem_gen_v8_4_1_softecc_outpu...
Compiling module blk_mem_gen_v8_4_1.blk_mem_gen_v8_4_1_mem_module(C_...
Compiling module blk_mem_gen_v8_4_1.blk_mem_gen_v8_4_1(C_FAMILY="art...
Compiling module xil_defaultlib.pgrom
Compiling module xil_defaultlib.IF
Compiling module xil_defaultlib.ID
Compiling module xil_defaultlib.EXE
Compiling module blk_mem_gen_v8_4_1.blk_mem_gen_v8_4_1_mem_module(C_...
Compiling module blk_mem_gen_v8_4_1.blk_mem_gen_v8_4_1(C_FAMILY="art...
Compiling module xil_defaultlib.pgram
Compiling module xil_defaultlib.MEM
Compiling module xil_defaultlib.WB
Compiling module xil_defaultlib.InputModule
Compiling module xil_defaultlib.SegGenerator
Compiling module xil_defaultlib.SegDisplay
Compiling module xil_defaultlib.OutputModule
Compiling module xil_defaultlib.top_module
Compiling module xil_defaultlib.tb_pipeline
Compiling module xil_defaultlib.glbl
Built simulation snapshot tb_pipeline_behav
INFO: [USF-XSim-69] 'elaborate' step finished in '4' seconds
INFO: [USF-XSim-4] XSim::Simulate design
INFO: [USF-XSim-61] Executing 'SIMULATE' step in 'D:/GitHub/Computer-Organization-Project/pipelineCPU/pipelineCPU.sim/sim_1/behav/xsim'
INFO: [USF-XSim-98] *** Running xsim
   with args "tb_pipeline_behav -key {Behavioral:sim_1:Functional:tb_pipeline} -tclbatch {tb_pipeline.tcl} -view {D:/GitHub/Computer-Organization-Project/pipelineCPU/tb_pipeline_behav.wcfg} -log {simulate.log}"
INFO: [USF-XSim-8] Loading simulator feature
Vivado Simulator 2017.4
Time resolution is 1 ps
open_wave_config D:/GitHub/Computer-Organization-Project/pipelineCPU/tb_pipeline_behav.wcfg
source tb_pipeline.tcl
# set curr_wave [current_wave_config]
# if { [string length $curr_wave] == 0 } {
#   if { [llength [get_objects]] > 0} {
#     add_wave /
#     set_property needs_save false [current_wave_config]
#   } else {
#      send_msg_id Add_Wave-1 WARNING "No top level signals found. Simulator will start without a wave window. If you want to open a wave window go to 'File->New Waveform Configuration' or type 'create_wave_config' in the TCL console."
#   }
# }
# run 1000ns
 Block Memory Generator module loading initial data...
 Block Memory Generator data initialization complete.
Block Memory Generator module tb_pipeline.uut_tm.if_uut.urom.inst.native_mem_module.blk_mem_gen_v8_4_1_inst is using a behavioral model for simulation which will not precisely model memory collision behavior.
Block Memory Generator module tb_pipeline.uut_tm.mem_uut.udram.inst.native_mem_module.blk_mem_gen_v8_4_1_inst is using a behavioral model for simulation which will not precisely model memory collision behavior.
INFO: [USF-XSim-96] XSim completed. Design snapshot 'tb_pipeline_behav' loaded.
INFO: [USF-XSim-97] XSim simulation ran for 1000ns
launch_simulation: Time (s): cpu = 00:00:06 ; elapsed = 00:00:08 . Memory (MB): peak = 2772.664 ; gain = 0.000
add_wave {{/tb_pipeline/uut_tm/en_pc}} 
save_wave_config {D:/GitHub/Computer-Organization-Project/pipelineCPU/tb_pipeline_behav.wcfg}
close_sim
INFO: [Simtcl 6-16] Simulation closed
launch_simulation
INFO: [Vivado 12-5698] Checking validity of IPs in the design for the 'XSim' simulator...
INFO: [Vivado 12-5682] Launching behavioral simulation in 'D:/GitHub/Computer-Organization-Project/pipelineCPU/pipelineCPU.sim/sim_1/behav/xsim'
INFO: [Vivado 12-4795] Using compiled simulation libraries for IPs
INFO: [SIM-utils-51] Simulation object is 'sim_1'
INFO: [USF-XSim-7] Finding pre-compiled libraries...
INFO: [USF-XSim-11] File 'D:/Xilinx/Vivado/2017.4/data/xsim/ip/xsim_ip.ini' copied to run dir:'D:/GitHub/Computer-Organization-Project/pipelineCPU/pipelineCPU.sim/sim_1/behav/xsim'
INFO: [SIM-utils-54] Inspecting design source files for 'tb_pipeline' in fileset 'sim_1'...
INFO: [SIM-utils-43] Exported 'D:/GitHub/Computer-Organization-Project/pipelineCPU/pipelineCPU.sim/sim_1/behav/xsim/pgrom.mif'
INFO: [SIM-utils-43] Exported 'D:/GitHub/Computer-Organization-Project/pipelineCPU/pipelineCPU.sim/sim_1/behav/xsim/test_jbc_1.coe'
INFO: [SIM-utils-43] Exported 'D:/GitHub/Computer-Organization-Project/pipelineCPU/pipelineCPU.sim/sim_1/behav/xsim/test1ROM.coe'
INFO: [SIM-utils-43] Exported 'D:/GitHub/Computer-Organization-Project/pipelineCPU/pipelineCPU.sim/sim_1/behav/xsim/test9ROM.coe'
INFO: [SIM-utils-43] Exported 'D:/GitHub/Computer-Organization-Project/pipelineCPU/pipelineCPU.sim/sim_1/behav/xsim/BaseTest1ROM.coe'
INFO: [USF-XSim-97] Finding global include files...
INFO: [USF-XSim-98] Fetching design files from 'sim_1'...
INFO: [USF-XSim-2] XSim::Compile design
INFO: [USF-XSim-61] Executing 'COMPILE and ANALYZE' step in 'D:/GitHub/Computer-Organization-Project/pipelineCPU/pipelineCPU.sim/sim_1/behav/xsim'
"xvlog --incr --relax -L xil_defaultlib -prj tb_pipeline_vlog.prj"
INFO: [USF-XSim-69] 'compile' step finished in '1' seconds
INFO: [USF-XSim-3] XSim::Elaborate design
INFO: [USF-XSim-61] Executing 'ELABORATE' step in 'D:/GitHub/Computer-Organization-Project/pipelineCPU/pipelineCPU.sim/sim_1/behav/xsim'
Vivado Simulator 2017.4
Copyright 1986-1999, 2001-2016 Xilinx, Inc. All Rights Reserved.
Running: D:/Xilinx/Vivado/2017.4/bin/unwrapped/win64.o/xelab.exe -wto 374ad2d08ccb4635b2dbbca0a3224143 --incr --debug typical --relax --mt 2 -L blk_mem_gen_v8_4_1 -L xil_defaultlib -L unisims_ver -L unimacro_ver -L secureip -L xpm --snapshot tb_pipeline_behav xil_defaultlib.tb_pipeline xil_defaultlib.glbl -log elaborate.log 
Using 2 slave threads.
Starting static elaboration
WARNING: [VRFC 10-278] actual bit length 32 differs from formal bit length 4 for port wea [D:/GitHub/Computer-Organization-Project/pipelineCPU/pipelineCPU.srcs/sources_1/new/MEM.v:68]
WARNING: [VRFC 10-1783] select index 62 into current_contents is out of bounds [/wrk/2017.4/nightly/2017_12_15_2086221/packages/customer/vivado/data/ip/xilinx/blk_mem_gen_v8_4/simulation/blk_mem_gen_v8_4.v:2420]
Completed static elaboration
INFO: [XSIM 43-4323] No Change in HDL. Linking previously generated obj files to create kernel
INFO: [USF-XSim-69] 'elaborate' step finished in '1' seconds
INFO: [USF-XSim-4] XSim::Simulate design
INFO: [USF-XSim-61] Executing 'SIMULATE' step in 'D:/GitHub/Computer-Organization-Project/pipelineCPU/pipelineCPU.sim/sim_1/behav/xsim'
INFO: [USF-XSim-98] *** Running xsim
   with args "tb_pipeline_behav -key {Behavioral:sim_1:Functional:tb_pipeline} -tclbatch {tb_pipeline.tcl} -view {D:/GitHub/Computer-Organization-Project/pipelineCPU/tb_pipeline_behav.wcfg} -log {simulate.log}"
INFO: [USF-XSim-8] Loading simulator feature
Vivado Simulator 2017.4
Time resolution is 1 ps
open_wave_config D:/GitHub/Computer-Organization-Project/pipelineCPU/tb_pipeline_behav.wcfg
source tb_pipeline.tcl
# set curr_wave [current_wave_config]
# if { [string length $curr_wave] == 0 } {
#   if { [llength [get_objects]] > 0} {
#     add_wave /
#     set_property needs_save false [current_wave_config]
#   } else {
#      send_msg_id Add_Wave-1 WARNING "No top level signals found. Simulator will start without a wave window. If you want to open a wave window go to 'File->New Waveform Configuration' or type 'create_wave_config' in the TCL console."
#   }
# }
# run 1000ns
 Block Memory Generator module loading initial data...
 Block Memory Generator data initialization complete.
Block Memory Generator module tb_pipeline.uut_tm.if_uut.urom.inst.native_mem_module.blk_mem_gen_v8_4_1_inst is using a behavioral model for simulation which will not precisely model memory collision behavior.
Block Memory Generator module tb_pipeline.uut_tm.mem_uut.udram.inst.native_mem_module.blk_mem_gen_v8_4_1_inst is using a behavioral model for simulation which will not precisely model memory collision behavior.
INFO: [USF-XSim-96] XSim completed. Design snapshot 'tb_pipeline_behav' loaded.
INFO: [USF-XSim-97] XSim simulation ran for 1000ns
add_wave {{/tb_pipeline/uut_tm/uut_output/output_data}} 
save_wave_config {D:/GitHub/Computer-Organization-Project/pipelineCPU/tb_pipeline_behav.wcfg}
close_sim
INFO: [Simtcl 6-16] Simulation closed
launch_simulation
INFO: [Vivado 12-5698] Checking validity of IPs in the design for the 'XSim' simulator...
INFO: [Vivado 12-5682] Launching behavioral simulation in 'D:/GitHub/Computer-Organization-Project/pipelineCPU/pipelineCPU.sim/sim_1/behav/xsim'
INFO: [Vivado 12-4795] Using compiled simulation libraries for IPs
INFO: [SIM-utils-51] Simulation object is 'sim_1'
INFO: [USF-XSim-7] Finding pre-compiled libraries...
INFO: [USF-XSim-11] File 'D:/Xilinx/Vivado/2017.4/data/xsim/ip/xsim_ip.ini' copied to run dir:'D:/GitHub/Computer-Organization-Project/pipelineCPU/pipelineCPU.sim/sim_1/behav/xsim'
INFO: [SIM-utils-54] Inspecting design source files for 'tb_pipeline' in fileset 'sim_1'...
INFO: [SIM-utils-43] Exported 'D:/GitHub/Computer-Organization-Project/pipelineCPU/pipelineCPU.sim/sim_1/behav/xsim/pgrom.mif'
INFO: [SIM-utils-43] Exported 'D:/GitHub/Computer-Organization-Project/pipelineCPU/pipelineCPU.sim/sim_1/behav/xsim/test_jbc_1.coe'
INFO: [SIM-utils-43] Exported 'D:/GitHub/Computer-Organization-Project/pipelineCPU/pipelineCPU.sim/sim_1/behav/xsim/test1ROM.coe'
INFO: [SIM-utils-43] Exported 'D:/GitHub/Computer-Organization-Project/pipelineCPU/pipelineCPU.sim/sim_1/behav/xsim/test9ROM.coe'
INFO: [SIM-utils-43] Exported 'D:/GitHub/Computer-Organization-Project/pipelineCPU/pipelineCPU.sim/sim_1/behav/xsim/BaseTest1ROM.coe'
INFO: [USF-XSim-97] Finding global include files...
INFO: [USF-XSim-98] Fetching design files from 'sim_1'...
INFO: [USF-XSim-2] XSim::Compile design
INFO: [USF-XSim-61] Executing 'COMPILE and ANALYZE' step in 'D:/GitHub/Computer-Organization-Project/pipelineCPU/pipelineCPU.sim/sim_1/behav/xsim'
"xvlog --incr --relax -L xil_defaultlib -prj tb_pipeline_vlog.prj"
INFO: [USF-XSim-69] 'compile' step finished in '1' seconds
INFO: [USF-XSim-3] XSim::Elaborate design
INFO: [USF-XSim-61] Executing 'ELABORATE' step in 'D:/GitHub/Computer-Organization-Project/pipelineCPU/pipelineCPU.sim/sim_1/behav/xsim'
Vivado Simulator 2017.4
Copyright 1986-1999, 2001-2016 Xilinx, Inc. All Rights Reserved.
Running: D:/Xilinx/Vivado/2017.4/bin/unwrapped/win64.o/xelab.exe -wto 374ad2d08ccb4635b2dbbca0a3224143 --incr --debug typical --relax --mt 2 -L blk_mem_gen_v8_4_1 -L xil_defaultlib -L unisims_ver -L unimacro_ver -L secureip -L xpm --snapshot tb_pipeline_behav xil_defaultlib.tb_pipeline xil_defaultlib.glbl -log elaborate.log 
Using 2 slave threads.
Starting static elaboration
WARNING: [VRFC 10-278] actual bit length 32 differs from formal bit length 4 for port wea [D:/GitHub/Computer-Organization-Project/pipelineCPU/pipelineCPU.srcs/sources_1/new/MEM.v:68]
WARNING: [VRFC 10-1783] select index 62 into current_contents is out of bounds [/wrk/2017.4/nightly/2017_12_15_2086221/packages/customer/vivado/data/ip/xilinx/blk_mem_gen_v8_4/simulation/blk_mem_gen_v8_4.v:2420]
Completed static elaboration
INFO: [XSIM 43-4323] No Change in HDL. Linking previously generated obj files to create kernel
INFO: [USF-XSim-69] 'elaborate' step finished in '1' seconds
INFO: [USF-XSim-4] XSim::Simulate design
INFO: [USF-XSim-61] Executing 'SIMULATE' step in 'D:/GitHub/Computer-Organization-Project/pipelineCPU/pipelineCPU.sim/sim_1/behav/xsim'
INFO: [USF-XSim-98] *** Running xsim
   with args "tb_pipeline_behav -key {Behavioral:sim_1:Functional:tb_pipeline} -tclbatch {tb_pipeline.tcl} -view {D:/GitHub/Computer-Organization-Project/pipelineCPU/tb_pipeline_behav.wcfg} -log {simulate.log}"
INFO: [USF-XSim-8] Loading simulator feature
Vivado Simulator 2017.4
Time resolution is 1 ps
open_wave_config D:/GitHub/Computer-Organization-Project/pipelineCPU/tb_pipeline_behav.wcfg
source tb_pipeline.tcl
# set curr_wave [current_wave_config]
# if { [string length $curr_wave] == 0 } {
#   if { [llength [get_objects]] > 0} {
#     add_wave /
#     set_property needs_save false [current_wave_config]
#   } else {
#      send_msg_id Add_Wave-1 WARNING "No top level signals found. Simulator will start without a wave window. If you want to open a wave window go to 'File->New Waveform Configuration' or type 'create_wave_config' in the TCL console."
#   }
# }
# run 1000ns
 Block Memory Generator module loading initial data...
 Block Memory Generator data initialization complete.
Block Memory Generator module tb_pipeline.uut_tm.if_uut.urom.inst.native_mem_module.blk_mem_gen_v8_4_1_inst is using a behavioral model for simulation which will not precisely model memory collision behavior.
Block Memory Generator module tb_pipeline.uut_tm.mem_uut.udram.inst.native_mem_module.blk_mem_gen_v8_4_1_inst is using a behavioral model for simulation which will not precisely model memory collision behavior.
INFO: [USF-XSim-96] XSim completed. Design snapshot 'tb_pipeline_behav' loaded.
INFO: [USF-XSim-97] XSim simulation ran for 1000ns
reset_run synth_1
WARNING: [Vivado 12-1017] Problems encountered:
1. Failed to delete one or more files in run directory D:/GitHub/Computer-Organization-Project/pipelineCPU/pipelineCPU.runs/synth_1

launch_runs impl_1 -to_step write_bitstream -jobs 4
WARNING: [Project 1-478] Design 'synth_1' is stale and will not be used when launching 'impl_1'
[Thu May 15 23:45:17 2025] Launched synth_1...
Run output will be captured here: D:/GitHub/Computer-Organization-Project/pipelineCPU/pipelineCPU.runs/synth_1/runme.log
[Thu May 15 23:45:17 2025] Launched impl_1...
Run output will be captured here: D:/GitHub/Computer-Organization-Project/pipelineCPU/pipelineCPU.runs/impl_1/runme.log
connect_hw_server
INFO: [Labtools 27-2285] Connecting to hw_server url TCP:localhost:3121
INFO: [Labtools 27-2222] Launching hw_server...
INFO: [Labtools 27-2221] Launch Output:

****** Xilinx hw_server v2017.4
  **** Build date : Dec 15 2017-21:08:27
    ** Copyright 1986-2017 Xilinx, Inc. All Rights Reserved.


INFO: [Labtoolstcl 44-466] Opening hw_target localhost:3121/xilinx_tcf/Xilinx/1234-tulA
INFO: [Labtools 27-1434] Device xc7a35t (JTAG device index = 0) is programmed with a design that has no supported debug core(s) in it.
WARNING: [Labtools 27-3361] The debug hub core was not detected.
Resolution: 
1. Make sure the clock connected to the debug hub (dbg_hub) core is a free running clock and is active.
2. Make sure the BSCAN_SWITCH_USER_MASK device property in Vivado Hardware Manager reflects the user scan chain setting in the design and refresh the device.  To determine the user scan chain setting in the design, open the implemented design and use 'get_property C_USER_SCAN_CHAIN [get_debug_cores dbg_hub]'.
For more details on setting the scan chain property, consult the Vivado Debug and Programming User Guide (UG908).
WARNING: [Labtoolstcl 44-129] No matching hw_ila_data was found.
set_property PROBES.FILE {} [get_hw_devices xc7a35t_0]
set_property FULL_PROBES.FILE {} [get_hw_devices xc7a35t_0]
set_property PROGRAM.FILE {D:/GitHub/Computer-Organization-Project/pipelineCPU/pipelineCPU.runs/impl_1/top_module.bit} [get_hw_devices xc7a35t_0]
program_hw_devices [get_hw_devices xc7a35t_0]
INFO: [Labtools 27-3164] End of startup status: HIGH
refresh_hw_device [lindex [get_hw_devices xc7a35t_0] 0]
INFO: [Labtools 27-1434] Device xc7a35t (JTAG device index = 0) is programmed with a design that has no supported debug core(s) in it.
WARNING: [Labtools 27-3361] The debug hub core was not detected.
Resolution: 
1. Make sure the clock connected to the debug hub (dbg_hub) core is a free running clock and is active.
2. Make sure the BSCAN_SWITCH_USER_MASK device property in Vivado Hardware Manager reflects the user scan chain setting in the design and refresh the device.  To determine the user scan chain setting in the design, open the implemented design and use 'get_property C_USER_SCAN_CHAIN [get_debug_cores dbg_hub]'.
For more details on setting the scan chain property, consult the Vivado Debug and Programming User Guide (UG908).
WARNING: [IP_Flow 19-4067] Ignoring invalid widget type specified checkbox.Providing a default widget
WARNING: [IP_Flow 19-4067] Ignoring invalid widget type specified checkbox.Providing a default widget
set_property -dict [list CONFIG.Coe_File {d:/GitHub/Computer-Organization-Project/pipelineCPU/pipelineCPU.srcs/sources_1/ip/pgrom/test_jbc_2.coe}] [get_ips pgrom]
INFO: [IP_Flow 19-3484] Absolute path of file 'd:/GitHub/Computer-Organization-Project/pipelineCPU/pipelineCPU.srcs/sources_1/ip/pgrom/test_jbc_2.coe' provided. It will be converted relative to IP Instance files 'test_jbc_2.coe'
generate_target all [get_files  D:/GitHub/Computer-Organization-Project/pipelineCPU/pipelineCPU.srcs/sources_1/ip/pgrom/pgrom.xci]
INFO: [IP_Flow 19-1686] Generating 'Instantiation Template' target for IP 'pgrom'...
INFO: [IP_Flow 19-1686] Generating 'Synthesis' target for IP 'pgrom'...
INFO: [IP_Flow 19-1686] Generating 'Simulation' target for IP 'pgrom'...
INFO: [IP_Flow 19-1686] Generating 'Miscellaneous' target for IP 'pgrom'...
INFO: [IP_Flow 19-1686] Generating 'Change Log' target for IP 'pgrom'...
catch { config_ip_cache -export [get_ips -all pgrom] }
export_ip_user_files -of_objects [get_files D:/GitHub/Computer-Organization-Project/pipelineCPU/pipelineCPU.srcs/sources_1/ip/pgrom/pgrom.xci] -no_script -sync -force -quiet
reset_run pgrom_synth_1
WARNING: [Vivado 12-1017] Problems encountered:
1. Failed to delete one or more files in run directory D:/GitHub/Computer-Organization-Project/pipelineCPU/pipelineCPU.runs/pgrom_synth_1

launch_runs -jobs 4 pgrom_synth_1
[Thu May 15 23:51:07 2025] Launched pgrom_synth_1...
Run output will be captured here: D:/GitHub/Computer-Organization-Project/pipelineCPU/pipelineCPU.runs/pgrom_synth_1/runme.log
export_simulation -of_objects [get_files D:/GitHub/Computer-Organization-Project/pipelineCPU/pipelineCPU.srcs/sources_1/ip/pgrom/pgrom.xci] -directory D:/GitHub/Computer-Organization-Project/pipelineCPU/pipelineCPU.ip_user_files/sim_scripts -ip_user_files_dir D:/GitHub/Computer-Organization-Project/pipelineCPU/pipelineCPU.ip_user_files -ipstatic_source_dir D:/GitHub/Computer-Organization-Project/pipelineCPU/pipelineCPU.ip_user_files/ipstatic -lib_map_path [list {modelsim=D:/GitHub/Computer-Organization-Project/pipelineCPU/pipelineCPU.cache/compile_simlib/modelsim} {questa=D:/GitHub/Computer-Organization-Project/pipelineCPU/pipelineCPU.cache/compile_simlib/questa} {riviera=D:/GitHub/Computer-Organization-Project/pipelineCPU/pipelineCPU.cache/compile_simlib/riviera} {activehdl=D:/GitHub/Computer-Organization-Project/pipelineCPU/pipelineCPU.cache/compile_simlib/activehdl}] -use_ip_compiled_libs -force -quiet
reset_run synth_1
WARNING: [Vivado 12-1017] Problems encountered:
1. Failed to delete one or more files in run directory D:/GitHub/Computer-Organization-Project/pipelineCPU/pipelineCPU.runs/synth_1

launch_runs impl_1 -to_step write_bitstream -jobs 4
WARNING: [Project 1-478] Design 'synth_1' is stale and will not be used when launching 'impl_1'
[Thu May 15 23:51:16 2025] Launched pgrom_synth_1, synth_1...
Run output will be captured here:
pgrom_synth_1: D:/GitHub/Computer-Organization-Project/pipelineCPU/pipelineCPU.runs/pgrom_synth_1/runme.log
synth_1: D:/GitHub/Computer-Organization-Project/pipelineCPU/pipelineCPU.runs/synth_1/runme.log
[Thu May 15 23:51:16 2025] Launched impl_1...
Run output will be captured here: D:/GitHub/Computer-Organization-Project/pipelineCPU/pipelineCPU.runs/impl_1/runme.log
set_property PROBES.FILE {} [get_hw_devices xc7a35t_0]
set_property FULL_PROBES.FILE {} [get_hw_devices xc7a35t_0]
set_property PROGRAM.FILE {D:/GitHub/Computer-Organization-Project/pipelineCPU/pipelineCPU.runs/impl_1/top_module.bit} [get_hw_devices xc7a35t_0]
program_hw_devices [get_hw_devices xc7a35t_0]
INFO: [Labtools 27-3164] End of startup status: HIGH
refresh_hw_device [lindex [get_hw_devices xc7a35t_0] 0]
INFO: [Labtools 27-1434] Device xc7a35t (JTAG device index = 0) is programmed with a design that has no supported debug core(s) in it.
WARNING: [Labtools 27-3361] The debug hub core was not detected.
Resolution: 
1. Make sure the clock connected to the debug hub (dbg_hub) core is a free running clock and is active.
2. Make sure the BSCAN_SWITCH_USER_MASK device property in Vivado Hardware Manager reflects the user scan chain setting in the design and refresh the device.  To determine the user scan chain setting in the design, open the implemented design and use 'get_property C_USER_SCAN_CHAIN [get_debug_cores dbg_hub]'.
For more details on setting the scan chain property, consult the Vivado Debug and Programming User Guide (UG908).
WARNING: [IP_Flow 19-4067] Ignoring invalid widget type specified checkbox.Providing a default widget
WARNING: [IP_Flow 19-4067] Ignoring invalid widget type specified checkbox.Providing a default widget
set_property PROBES.FILE {} [get_hw_devices xc7a35t_0]
set_property FULL_PROBES.FILE {} [get_hw_devices xc7a35t_0]
set_property PROGRAM.FILE {D:/GitHub/Computer-Organization-Project/pipelineCPU/pipelineCPU.runs/impl_1/top_module.bit} [get_hw_devices xc7a35t_0]
program_hw_devices [get_hw_devices xc7a35t_0]
INFO: [Labtools 27-3164] End of startup status: HIGH
refresh_hw_device [lindex [get_hw_devices xc7a35t_0] 0]
INFO: [Labtools 27-1434] Device xc7a35t (JTAG device index = 0) is programmed with a design that has no supported debug core(s) in it.
WARNING: [Labtools 27-3361] The debug hub core was not detected.
Resolution: 
1. Make sure the clock connected to the debug hub (dbg_hub) core is a free running clock and is active.
2. Make sure the BSCAN_SWITCH_USER_MASK device property in Vivado Hardware Manager reflects the user scan chain setting in the design and refresh the device.  To determine the user scan chain setting in the design, open the implemented design and use 'get_property C_USER_SCAN_CHAIN [get_debug_cores dbg_hub]'.
For more details on setting the scan chain property, consult the Vivado Debug and Programming User Guide (UG908).
WARNING: [IP_Flow 19-4067] Ignoring invalid widget type specified checkbox.Providing a default widget
WARNING: [IP_Flow 19-4067] Ignoring invalid widget type specified checkbox.Providing a default widget
set_property -dict [list CONFIG.Coe_File {d:/GitHub/Computer-Organization-Project/pipelineCPU/pipelineCPU.srcs/sources_1/ip/pgrom/test_jbc_2.coe}] [get_ips pgrom]
INFO: [IP_Flow 19-3484] Absolute path of file 'd:/GitHub/Computer-Organization-Project/pipelineCPU/pipelineCPU.srcs/sources_1/ip/pgrom/test_jbc_2.coe' provided. It will be converted relative to IP Instance files 'test_jbc_2.coe'
generate_target all [get_files  D:/GitHub/Computer-Organization-Project/pipelineCPU/pipelineCPU.srcs/sources_1/ip/pgrom/pgrom.xci]
INFO: [IP_Flow 19-1686] Generating 'Instantiation Template' target for IP 'pgrom'...
INFO: [IP_Flow 19-1686] Generating 'Synthesis' target for IP 'pgrom'...
INFO: [IP_Flow 19-1686] Generating 'Simulation' target for IP 'pgrom'...
INFO: [IP_Flow 19-1686] Generating 'Miscellaneous' target for IP 'pgrom'...
INFO: [IP_Flow 19-1686] Generating 'Change Log' target for IP 'pgrom'...
catch { config_ip_cache -export [get_ips -all pgrom] }
export_ip_user_files -of_objects [get_files D:/GitHub/Computer-Organization-Project/pipelineCPU/pipelineCPU.srcs/sources_1/ip/pgrom/pgrom.xci] -no_script -sync -force -quiet
reset_run pgrom_synth_1
WARNING: [Vivado 12-1017] Problems encountered:
1. Failed to delete one or more files in run directory D:/GitHub/Computer-Organization-Project/pipelineCPU/pipelineCPU.runs/pgrom_synth_1

launch_runs -jobs 4 pgrom_synth_1
[Thu May 15 23:58:58 2025] Launched pgrom_synth_1...
Run output will be captured here: D:/GitHub/Computer-Organization-Project/pipelineCPU/pipelineCPU.runs/pgrom_synth_1/runme.log
export_simulation -of_objects [get_files D:/GitHub/Computer-Organization-Project/pipelineCPU/pipelineCPU.srcs/sources_1/ip/pgrom/pgrom.xci] -directory D:/GitHub/Computer-Organization-Project/pipelineCPU/pipelineCPU.ip_user_files/sim_scripts -ip_user_files_dir D:/GitHub/Computer-Organization-Project/pipelineCPU/pipelineCPU.ip_user_files -ipstatic_source_dir D:/GitHub/Computer-Organization-Project/pipelineCPU/pipelineCPU.ip_user_files/ipstatic -lib_map_path [list {modelsim=D:/GitHub/Computer-Organization-Project/pipelineCPU/pipelineCPU.cache/compile_simlib/modelsim} {questa=D:/GitHub/Computer-Organization-Project/pipelineCPU/pipelineCPU.cache/compile_simlib/questa} {riviera=D:/GitHub/Computer-Organization-Project/pipelineCPU/pipelineCPU.cache/compile_simlib/riviera} {activehdl=D:/GitHub/Computer-Organization-Project/pipelineCPU/pipelineCPU.cache/compile_simlib/activehdl}] -use_ip_compiled_libs -force -quiet
reset_run synth_1
WARNING: [Vivado 12-1017] Problems encountered:
1. Failed to delete one or more files in run directory D:/GitHub/Computer-Organization-Project/pipelineCPU/pipelineCPU.runs/synth_1

launch_runs impl_1 -to_step write_bitstream -jobs 4
WARNING: [Project 1-478] Design 'synth_1' is stale and will not be used when launching 'impl_1'
[Thu May 15 23:59:06 2025] Launched pgrom_synth_1, synth_1...
Run output will be captured here:
pgrom_synth_1: D:/GitHub/Computer-Organization-Project/pipelineCPU/pipelineCPU.runs/pgrom_synth_1/runme.log
synth_1: D:/GitHub/Computer-Organization-Project/pipelineCPU/pipelineCPU.runs/synth_1/runme.log
[Thu May 15 23:59:07 2025] Launched impl_1...
Run output will be captured here: D:/GitHub/Computer-Organization-Project/pipelineCPU/pipelineCPU.runs/impl_1/runme.log
set_property PROBES.FILE {} [get_hw_devices xc7a35t_0]
set_property FULL_PROBES.FILE {} [get_hw_devices xc7a35t_0]
set_property PROGRAM.FILE {D:/GitHub/Computer-Organization-Project/pipelineCPU/pipelineCPU.runs/impl_1/top_module.bit} [get_hw_devices xc7a35t_0]
program_hw_devices [get_hw_devices xc7a35t_0]
INFO: [Labtools 27-3164] End of startup status: HIGH
refresh_hw_device [lindex [get_hw_devices xc7a35t_0] 0]
INFO: [Labtools 27-1434] Device xc7a35t (JTAG device index = 0) is programmed with a design that has no supported debug core(s) in it.
WARNING: [Labtools 27-3361] The debug hub core was not detected.
Resolution: 
1. Make sure the clock connected to the debug hub (dbg_hub) core is a free running clock and is active.
2. Make sure the BSCAN_SWITCH_USER_MASK device property in Vivado Hardware Manager reflects the user scan chain setting in the design and refresh the device.  To determine the user scan chain setting in the design, open the implemented design and use 'get_property C_USER_SCAN_CHAIN [get_debug_cores dbg_hub]'.
For more details on setting the scan chain property, consult the Vivado Debug and Programming User Guide (UG908).
current_project CPU
current_project pipelineCPU
set_property SOURCE_SET sources_1 [get_filesets sim_1]
close [ open D:/GitHub/Computer-Organization-Project/pipelineCPU/pipelineCPU.srcs/sim_1/new/tb_InputModule.v w ]
add_files -fileset sim_1 D:/GitHub/Computer-Organization-Project/pipelineCPU/pipelineCPU.srcs/sim_1/new/tb_InputModule.v
update_compile_order -fileset sim_1
set_property top tb_InputModule [get_filesets sim_1]
set_property top_lib xil_defaultlib [get_filesets sim_1]
update_compile_order -fileset sim_1
launch_simulation
INFO: [Vivado 12-5698] Checking validity of IPs in the design for the 'XSim' simulator...
INFO: [Vivado 12-5682] Launching behavioral simulation in 'D:/GitHub/Computer-Organization-Project/pipelineCPU/pipelineCPU.sim/sim_1/behav/xsim'
INFO: [Vivado 12-4795] Using compiled simulation libraries for IPs
INFO: [SIM-utils-51] Simulation object is 'sim_1'
INFO: [USF-XSim-7] Finding pre-compiled libraries...
INFO: [USF-XSim-11] File 'D:/Xilinx/Vivado/2017.4/data/xsim/ip/xsim_ip.ini' copied to run dir:'D:/GitHub/Computer-Organization-Project/pipelineCPU/pipelineCPU.sim/sim_1/behav/xsim'
INFO: [SIM-utils-54] Inspecting design source files for 'tb_InputModule' in fileset 'sim_1'...
INFO: [SIM-utils-43] Exported 'D:/GitHub/Computer-Organization-Project/pipelineCPU/pipelineCPU.sim/sim_1/behav/xsim/pgrom.mif'
INFO: [SIM-utils-43] Exported 'D:/GitHub/Computer-Organization-Project/pipelineCPU/pipelineCPU.sim/sim_1/behav/xsim/test_jbc_2.coe'
INFO: [SIM-utils-43] Exported 'D:/GitHub/Computer-Organization-Project/pipelineCPU/pipelineCPU.sim/sim_1/behav/xsim/test1ROM.coe'
INFO: [SIM-utils-43] Exported 'D:/GitHub/Computer-Organization-Project/pipelineCPU/pipelineCPU.sim/sim_1/behav/xsim/test9ROM.coe'
INFO: [SIM-utils-43] Exported 'D:/GitHub/Computer-Organization-Project/pipelineCPU/pipelineCPU.sim/sim_1/behav/xsim/BaseTest1ROM.coe'
INFO: [SIM-utils-43] Exported 'D:/GitHub/Computer-Organization-Project/pipelineCPU/pipelineCPU.sim/sim_1/behav/xsim/test_jbc_1.coe'
INFO: [USF-XSim-97] Finding global include files...
INFO: [USF-XSim-98] Fetching design files from 'sim_1'...
INFO: [USF-XSim-2] XSim::Compile design
INFO: [USF-XSim-61] Executing 'COMPILE and ANALYZE' step in 'D:/GitHub/Computer-Organization-Project/pipelineCPU/pipelineCPU.sim/sim_1/behav/xsim'
"xvlog --incr --relax -prj tb_InputModule_vlog.prj"
INFO: [VRFC 10-2263] Analyzing Verilog file "D:/GitHub/Computer-Organization-Project/pipelineCPU/pipelineCPU.srcs/sources_1/new/InputModule.v" into library xil_defaultlib
INFO: [VRFC 10-311] analyzing module InputModule
INFO: [VRFC 10-2263] Analyzing Verilog file "D:/GitHub/Computer-Organization-Project/pipelineCPU/pipelineCPU.srcs/sim_1/new/tb_InputModule.v" into library xil_defaultlib
INFO: [VRFC 10-311] analyzing module tb_InputModule
INFO: [VRFC 10-2263] Analyzing Verilog file "D:/GitHub/Computer-Organization-Project/pipelineCPU/pipelineCPU.sim/sim_1/behav/xsim/glbl.v" into library xil_defaultlib
INFO: [VRFC 10-311] analyzing module glbl
INFO: [USF-XSim-69] 'compile' step finished in '1' seconds
INFO: [USF-XSim-3] XSim::Elaborate design
INFO: [USF-XSim-61] Executing 'ELABORATE' step in 'D:/GitHub/Computer-Organization-Project/pipelineCPU/pipelineCPU.sim/sim_1/behav/xsim'
Vivado Simulator 2017.4
Copyright 1986-1999, 2001-2016 Xilinx, Inc. All Rights Reserved.
Running: D:/Xilinx/Vivado/2017.4/bin/unwrapped/win64.o/xelab.exe -wto 374ad2d08ccb4635b2dbbca0a3224143 --incr --debug typical --relax --mt 2 -L xil_defaultlib -L unisims_ver -L unimacro_ver -L secureip -L xpm --snapshot tb_InputModule_behav xil_defaultlib.tb_InputModule xil_defaultlib.glbl -log elaborate.log 
Using 2 slave threads.
Starting static elaboration
WARNING: [VRFC 10-696] first argument of $fatal is invalid, expecting 0, 1 or 2 [D:/GitHub/Computer-Organization-Project/pipelineCPU/pipelineCPU.srcs/sim_1/new/tb_InputModule.v:47]
WARNING: [VRFC 10-696] first argument of $fatal is invalid, expecting 0, 1 or 2 [D:/GitHub/Computer-Organization-Project/pipelineCPU/pipelineCPU.srcs/sim_1/new/tb_InputModule.v:50]
WARNING: [VRFC 10-696] first argument of $fatal is invalid, expecting 0, 1 or 2 [D:/GitHub/Computer-Organization-Project/pipelineCPU/pipelineCPU.srcs/sim_1/new/tb_InputModule.v:56]
WARNING: [VRFC 10-696] first argument of $fatal is invalid, expecting 0, 1 or 2 [D:/GitHub/Computer-Organization-Project/pipelineCPU/pipelineCPU.srcs/sim_1/new/tb_InputModule.v:61]
WARNING: [VRFC 10-696] first argument of $fatal is invalid, expecting 0, 1 or 2 [D:/GitHub/Computer-Organization-Project/pipelineCPU/pipelineCPU.srcs/sim_1/new/tb_InputModule.v:66]
Completed static elaboration
INFO: [XSIM 43-4329] Assuming default value 1 for the first arguement of $fatal at Line 47, File D:/GitHub/Computer-Organization-Project/pipelineCPU/pipelineCPU.srcs/sim_1/new/tb_InputModule.v
INFO: [XSIM 43-4329] Assuming default value 1 for the first arguement of $fatal at Line 50, File D:/GitHub/Computer-Organization-Project/pipelineCPU/pipelineCPU.srcs/sim_1/new/tb_InputModule.v
INFO: [XSIM 43-4329] Assuming default value 1 for the first arguement of $fatal at Line 56, File D:/GitHub/Computer-Organization-Project/pipelineCPU/pipelineCPU.srcs/sim_1/new/tb_InputModule.v
INFO: [XSIM 43-4329] Assuming default value 1 for the first arguement of $fatal at Line 61, File D:/GitHub/Computer-Organization-Project/pipelineCPU/pipelineCPU.srcs/sim_1/new/tb_InputModule.v
INFO: [XSIM 43-4329] Assuming default value 1 for the first arguement of $fatal at Line 66, File D:/GitHub/Computer-Organization-Project/pipelineCPU/pipelineCPU.srcs/sim_1/new/tb_InputModule.v
Starting simulation data flow analysis
Completed simulation data flow analysis
Time Resolution for simulation is 1ps
Compiling module xil_defaultlib.InputModule
Compiling module xil_defaultlib.tb_InputModule
Compiling module xil_defaultlib.glbl
Built simulation snapshot tb_InputModule_behav

****** Webtalk v2017.4 (64-bit)
  **** SW Build 2086221 on Fri Dec 15 20:55:39 MST 2017
  **** IP Build 2085800 on Fri Dec 15 22:25:07 MST 2017
    ** Copyright 1986-2017 Xilinx, Inc. All Rights Reserved.

source D:/GitHub/Computer-Organization-Project/pipelineCPU/pipelineCPU.sim/sim_1/behav/xsim/xsim.dir/tb_InputModule_behav/webtalk/xsim_webtalk.tcl -notrace
INFO: [Common 17-206] Exiting Webtalk at Fri May 16 00:06:59 2025...
INFO: [USF-XSim-69] 'elaborate' step finished in '2' seconds
INFO: [USF-XSim-4] XSim::Simulate design
INFO: [USF-XSim-61] Executing 'SIMULATE' step in 'D:/GitHub/Computer-Organization-Project/pipelineCPU/pipelineCPU.sim/sim_1/behav/xsim'
INFO: [USF-XSim-98] *** Running xsim
   with args "tb_InputModule_behav -key {Behavioral:sim_1:Functional:tb_InputModule} -tclbatch {tb_InputModule.tcl} -view {D:/GitHub/Computer-Organization-Project/pipelineCPU/tb_pipeline_behav.wcfg} -log {simulate.log}"
INFO: [USF-XSim-8] Loading simulator feature
Vivado Simulator 2017.4
Time resolution is 1 ps
open_wave_config D:/GitHub/Computer-Organization-Project/pipelineCPU/tb_pipeline_behav.wcfg
WARNING: Simulation object /tb_pipeline/clk was not found in the design.
WARNING: Simulation object /tb_pipeline/uut_tm/clk was not found in the design.
WARNING: Simulation object /tb_pipeline/rst was not found in the design.
WARNING: Simulation object /tb_pipeline/uut_tm/hd_uut/count was not found in the design.
WARNING: Simulation object /tb_pipeline/uut_tm/regs was not found in the design.
WARNING: Simulation object /tb_pipeline/uut_tm/nop_inst was not found in the design.
WARNING: Simulation object /tb_pipeline/uut_tm/pc was not found in the design.
WARNING: Simulation object /tb_pipeline/uut_tm/u1_inst was not found in the design.
WARNING: Simulation object /tb_pipeline/uut_tm/v1_inst was not found in the design.
WARNING: Simulation object /tb_pipeline/uut_tm/u1_pc was not found in the design.
WARNING: Simulation object /tb_pipeline/uut_tm/v1_pc was not found in the design.
WARNING: Simulation object /tb_pipeline/uut_tm/u2_rs1_data was not found in the design.
WARNING: Simulation object /tb_pipeline/uut_tm/u2_rs2_data was not found in the design.
WARNING: Simulation object /tb_pipeline/uut_tm/wb_uut/alu_result was not found in the design.
WARNING: Simulation object /tb_pipeline/uut_tm/hd_uut/is_nop was not found in the design.
WARNING: Simulation object /tb_pipeline/uut_tm/if_uut/output_inst was not found in the design.
WARNING: Simulation object /tb_pipeline/uut_tm/if_uut/addr was not found in the design.
WARNING: Simulation object /tb_pipeline/uut_tm/wb_uut/reg_write_data was not found in the design.
WARNING: Simulation object /tb_pipeline/uut_tm/wb_uut/reg_write was not found in the design.
WARNING: Simulation object /tb_pipeline/uut_tm/wb_uut/rd was not found in the design.
WARNING: Simulation object /tb_pipeline/uut_tm/en_pc was not found in the design.
WARNING: Simulation object /tb_pipeline/uut_tm/uut_output/output_data was not found in the design.
source tb_InputModule.tcl
# set curr_wave [current_wave_config]
# if { [string length $curr_wave] == 0 } {
#   if { [llength [get_objects]] > 0} {
#     add_wave /
#     set_property needs_save false [current_wave_config]
#   } else {
#      send_msg_id Add_Wave-1 WARNING "No top level signals found. Simulator will start without a wave window. If you want to open a wave window go to 'File->New Waveform Configuration' or type 'create_wave_config' in the TCL console."
#   }
# }
# run 1000ns
INFO: [USF-XSim-96] XSim completed. Design snapshot 'tb_InputModule_behav' loaded.
INFO: [USF-XSim-97] XSim simulation ran for 1000ns
launch_simulation: Time (s): cpu = 00:00:04 ; elapsed = 00:00:06 . Memory (MB): peak = 2976.949 ; gain = 9.523
close_sim
INFO: [Simtcl 6-16] Simulation closed
launch_simulation
INFO: [Vivado 12-5698] Checking validity of IPs in the design for the 'XSim' simulator...
INFO: [Vivado 12-5682] Launching behavioral simulation in 'D:/GitHub/Computer-Organization-Project/pipelineCPU/pipelineCPU.sim/sim_1/behav/xsim'
INFO: [Vivado 12-4795] Using compiled simulation libraries for IPs
INFO: [SIM-utils-51] Simulation object is 'sim_1'
INFO: [USF-XSim-7] Finding pre-compiled libraries...
INFO: [USF-XSim-11] File 'D:/Xilinx/Vivado/2017.4/data/xsim/ip/xsim_ip.ini' copied to run dir:'D:/GitHub/Computer-Organization-Project/pipelineCPU/pipelineCPU.sim/sim_1/behav/xsim'
INFO: [SIM-utils-54] Inspecting design source files for 'tb_InputModule' in fileset 'sim_1'...
INFO: [SIM-utils-43] Exported 'D:/GitHub/Computer-Organization-Project/pipelineCPU/pipelineCPU.sim/sim_1/behav/xsim/pgrom.mif'
INFO: [SIM-utils-43] Exported 'D:/GitHub/Computer-Organization-Project/pipelineCPU/pipelineCPU.sim/sim_1/behav/xsim/test_jbc_2.coe'
INFO: [SIM-utils-43] Exported 'D:/GitHub/Computer-Organization-Project/pipelineCPU/pipelineCPU.sim/sim_1/behav/xsim/test1ROM.coe'
INFO: [SIM-utils-43] Exported 'D:/GitHub/Computer-Organization-Project/pipelineCPU/pipelineCPU.sim/sim_1/behav/xsim/test9ROM.coe'
INFO: [SIM-utils-43] Exported 'D:/GitHub/Computer-Organization-Project/pipelineCPU/pipelineCPU.sim/sim_1/behav/xsim/BaseTest1ROM.coe'
INFO: [SIM-utils-43] Exported 'D:/GitHub/Computer-Organization-Project/pipelineCPU/pipelineCPU.sim/sim_1/behav/xsim/test_jbc_1.coe'
INFO: [USF-XSim-97] Finding global include files...
INFO: [USF-XSim-98] Fetching design files from 'sim_1'...
INFO: [USF-XSim-2] XSim::Compile design
INFO: [USF-XSim-61] Executing 'COMPILE and ANALYZE' step in 'D:/GitHub/Computer-Organization-Project/pipelineCPU/pipelineCPU.sim/sim_1/behav/xsim'
"xvlog --incr --relax -prj tb_InputModule_vlog.prj"
INFO: [USF-XSim-69] 'compile' step finished in '1' seconds
INFO: [USF-XSim-3] XSim::Elaborate design
INFO: [USF-XSim-61] Executing 'ELABORATE' step in 'D:/GitHub/Computer-Organization-Project/pipelineCPU/pipelineCPU.sim/sim_1/behav/xsim'
Vivado Simulator 2017.4
Copyright 1986-1999, 2001-2016 Xilinx, Inc. All Rights Reserved.
Running: D:/Xilinx/Vivado/2017.4/bin/unwrapped/win64.o/xelab.exe -wto 374ad2d08ccb4635b2dbbca0a3224143 --incr --debug typical --relax --mt 2 -L xil_defaultlib -L unisims_ver -L unimacro_ver -L secureip -L xpm --snapshot tb_InputModule_behav xil_defaultlib.tb_InputModule xil_defaultlib.glbl -log elaborate.log 
Using 2 slave threads.
Starting static elaboration
WARNING: [VRFC 10-696] first argument of $fatal is invalid, expecting 0, 1 or 2 [D:/GitHub/Computer-Organization-Project/pipelineCPU/pipelineCPU.srcs/sim_1/new/tb_InputModule.v:47]
WARNING: [VRFC 10-696] first argument of $fatal is invalid, expecting 0, 1 or 2 [D:/GitHub/Computer-Organization-Project/pipelineCPU/pipelineCPU.srcs/sim_1/new/tb_InputModule.v:50]
WARNING: [VRFC 10-696] first argument of $fatal is invalid, expecting 0, 1 or 2 [D:/GitHub/Computer-Organization-Project/pipelineCPU/pipelineCPU.srcs/sim_1/new/tb_InputModule.v:56]
WARNING: [VRFC 10-696] first argument of $fatal is invalid, expecting 0, 1 or 2 [D:/GitHub/Computer-Organization-Project/pipelineCPU/pipelineCPU.srcs/sim_1/new/tb_InputModule.v:61]
WARNING: [VRFC 10-696] first argument of $fatal is invalid, expecting 0, 1 or 2 [D:/GitHub/Computer-Organization-Project/pipelineCPU/pipelineCPU.srcs/sim_1/new/tb_InputModule.v:66]
Completed static elaboration
INFO: [XSIM 43-4323] No Change in HDL. Linking previously generated obj files to create kernel
INFO: [USF-XSim-69] 'elaborate' step finished in '1' seconds
INFO: [USF-XSim-4] XSim::Simulate design
INFO: [USF-XSim-61] Executing 'SIMULATE' step in 'D:/GitHub/Computer-Organization-Project/pipelineCPU/pipelineCPU.sim/sim_1/behav/xsim'
INFO: [USF-XSim-98] *** Running xsim
   with args "tb_InputModule_behav -key {Behavioral:sim_1:Functional:tb_InputModule} -tclbatch {tb_InputModule.tcl} -view {D:/GitHub/Computer-Organization-Project/pipelineCPU/tb_pipeline_behav.wcfg} -log {simulate.log}"
INFO: [USF-XSim-8] Loading simulator feature
Vivado Simulator 2017.4
Time resolution is 1 ps
open_wave_config D:/GitHub/Computer-Organization-Project/pipelineCPU/tb_pipeline_behav.wcfg
WARNING: Simulation object /tb_pipeline/clk was not found in the design.
WARNING: Simulation object /tb_pipeline/uut_tm/clk was not found in the design.
WARNING: Simulation object /tb_pipeline/rst was not found in the design.
WARNING: Simulation object /tb_pipeline/uut_tm/hd_uut/count was not found in the design.
WARNING: Simulation object /tb_pipeline/uut_tm/regs was not found in the design.
WARNING: Simulation object /tb_pipeline/uut_tm/nop_inst was not found in the design.
WARNING: Simulation object /tb_pipeline/uut_tm/pc was not found in the design.
WARNING: Simulation object /tb_pipeline/uut_tm/u1_inst was not found in the design.
WARNING: Simulation object /tb_pipeline/uut_tm/v1_inst was not found in the design.
WARNING: Simulation object /tb_pipeline/uut_tm/u1_pc was not found in the design.
WARNING: Simulation object /tb_pipeline/uut_tm/v1_pc was not found in the design.
WARNING: Simulation object /tb_pipeline/uut_tm/u2_rs1_data was not found in the design.
WARNING: Simulation object /tb_pipeline/uut_tm/u2_rs2_data was not found in the design.
WARNING: Simulation object /tb_pipeline/uut_tm/wb_uut/alu_result was not found in the design.
WARNING: Simulation object /tb_pipeline/uut_tm/hd_uut/is_nop was not found in the design.
WARNING: Simulation object /tb_pipeline/uut_tm/if_uut/output_inst was not found in the design.
WARNING: Simulation object /tb_pipeline/uut_tm/if_uut/addr was not found in the design.
WARNING: Simulation object /tb_pipeline/uut_tm/wb_uut/reg_write_data was not found in the design.
WARNING: Simulation object /tb_pipeline/uut_tm/wb_uut/reg_write was not found in the design.
WARNING: Simulation object /tb_pipeline/uut_tm/wb_uut/rd was not found in the design.
WARNING: Simulation object /tb_pipeline/uut_tm/en_pc was not found in the design.
WARNING: Simulation object /tb_pipeline/uut_tm/uut_output/output_data was not found in the design.
source tb_InputModule.tcl
# set curr_wave [current_wave_config]
# if { [string length $curr_wave] == 0 } {
#   if { [llength [get_objects]] > 0} {
#     add_wave /
#     set_property needs_save false [current_wave_config]
#   } else {
#      send_msg_id Add_Wave-1 WARNING "No top level signals found. Simulator will start without a wave window. If you want to open a wave window go to 'File->New Waveform Configuration' or type 'create_wave_config' in the TCL console."
#   }
# }
# run 1000ns
INFO: [USF-XSim-96] XSim completed. Design snapshot 'tb_InputModule_behav' loaded.
INFO: [USF-XSim-97] XSim simulation ran for 1000ns
add_wave {{/tb_InputModule/uut/clk}} {{/tb_InputModule/uut/clk_de}} {{/tb_InputModule/uut/rst}} {{/tb_InputModule/uut/sw_input}} {{/tb_InputModule/uut/done}} {{/tb_InputModule/uut/input_data}} {{/tb_InputModule/uut/done_input}} {{/tb_InputModule/uut/done_stable}} {{/tb_InputModule/uut/done_counter}} {{/tb_InputModule/uut/next_done_input}} {{/tb_InputModule/uut/period_done}} {{/tb_InputModule/uut/next_period_done}} {{/tb_InputModule/uut/DEBOUNCE_THRESHOLD}} 
save_wave_config {D:/GitHub/Computer-Organization-Project/pipelineCPU/tb_pipeline_behav.wcfg}
close_sim
INFO: [Simtcl 6-16] Simulation closed
launch_simulation
INFO: [Vivado 12-5698] Checking validity of IPs in the design for the 'XSim' simulator...
INFO: [Vivado 12-5682] Launching behavioral simulation in 'D:/GitHub/Computer-Organization-Project/pipelineCPU/pipelineCPU.sim/sim_1/behav/xsim'
INFO: [Vivado 12-4795] Using compiled simulation libraries for IPs
INFO: [SIM-utils-51] Simulation object is 'sim_1'
INFO: [USF-XSim-7] Finding pre-compiled libraries...
INFO: [USF-XSim-11] File 'D:/Xilinx/Vivado/2017.4/data/xsim/ip/xsim_ip.ini' copied to run dir:'D:/GitHub/Computer-Organization-Project/pipelineCPU/pipelineCPU.sim/sim_1/behav/xsim'
INFO: [SIM-utils-54] Inspecting design source files for 'tb_InputModule' in fileset 'sim_1'...
INFO: [SIM-utils-43] Exported 'D:/GitHub/Computer-Organization-Project/pipelineCPU/pipelineCPU.sim/sim_1/behav/xsim/pgrom.mif'
INFO: [SIM-utils-43] Exported 'D:/GitHub/Computer-Organization-Project/pipelineCPU/pipelineCPU.sim/sim_1/behav/xsim/test_jbc_2.coe'
INFO: [SIM-utils-43] Exported 'D:/GitHub/Computer-Organization-Project/pipelineCPU/pipelineCPU.sim/sim_1/behav/xsim/test1ROM.coe'
INFO: [SIM-utils-43] Exported 'D:/GitHub/Computer-Organization-Project/pipelineCPU/pipelineCPU.sim/sim_1/behav/xsim/test9ROM.coe'
INFO: [SIM-utils-43] Exported 'D:/GitHub/Computer-Organization-Project/pipelineCPU/pipelineCPU.sim/sim_1/behav/xsim/BaseTest1ROM.coe'
INFO: [SIM-utils-43] Exported 'D:/GitHub/Computer-Organization-Project/pipelineCPU/pipelineCPU.sim/sim_1/behav/xsim/test_jbc_1.coe'
INFO: [USF-XSim-97] Finding global include files...
INFO: [USF-XSim-98] Fetching design files from 'sim_1'...
INFO: [USF-XSim-2] XSim::Compile design
INFO: [USF-XSim-61] Executing 'COMPILE and ANALYZE' step in 'D:/GitHub/Computer-Organization-Project/pipelineCPU/pipelineCPU.sim/sim_1/behav/xsim'
"xvlog --incr --relax -prj tb_InputModule_vlog.prj"
INFO: [USF-XSim-69] 'compile' step finished in '1' seconds
INFO: [USF-XSim-3] XSim::Elaborate design
INFO: [USF-XSim-61] Executing 'ELABORATE' step in 'D:/GitHub/Computer-Organization-Project/pipelineCPU/pipelineCPU.sim/sim_1/behav/xsim'
Vivado Simulator 2017.4
Copyright 1986-1999, 2001-2016 Xilinx, Inc. All Rights Reserved.
Running: D:/Xilinx/Vivado/2017.4/bin/unwrapped/win64.o/xelab.exe -wto 374ad2d08ccb4635b2dbbca0a3224143 --incr --debug typical --relax --mt 2 -L xil_defaultlib -L unisims_ver -L unimacro_ver -L secureip -L xpm --snapshot tb_InputModule_behav xil_defaultlib.tb_InputModule xil_defaultlib.glbl -log elaborate.log 
Using 2 slave threads.
Starting static elaboration
WARNING: [VRFC 10-696] first argument of $fatal is invalid, expecting 0, 1 or 2 [D:/GitHub/Computer-Organization-Project/pipelineCPU/pipelineCPU.srcs/sim_1/new/tb_InputModule.v:47]
WARNING: [VRFC 10-696] first argument of $fatal is invalid, expecting 0, 1 or 2 [D:/GitHub/Computer-Organization-Project/pipelineCPU/pipelineCPU.srcs/sim_1/new/tb_InputModule.v:50]
WARNING: [VRFC 10-696] first argument of $fatal is invalid, expecting 0, 1 or 2 [D:/GitHub/Computer-Organization-Project/pipelineCPU/pipelineCPU.srcs/sim_1/new/tb_InputModule.v:56]
WARNING: [VRFC 10-696] first argument of $fatal is invalid, expecting 0, 1 or 2 [D:/GitHub/Computer-Organization-Project/pipelineCPU/pipelineCPU.srcs/sim_1/new/tb_InputModule.v:61]
WARNING: [VRFC 10-696] first argument of $fatal is invalid, expecting 0, 1 or 2 [D:/GitHub/Computer-Organization-Project/pipelineCPU/pipelineCPU.srcs/sim_1/new/tb_InputModule.v:66]
Completed static elaboration
INFO: [XSIM 43-4323] No Change in HDL. Linking previously generated obj files to create kernel
INFO: [USF-XSim-69] 'elaborate' step finished in '1' seconds
INFO: [USF-XSim-4] XSim::Simulate design
INFO: [USF-XSim-61] Executing 'SIMULATE' step in 'D:/GitHub/Computer-Organization-Project/pipelineCPU/pipelineCPU.sim/sim_1/behav/xsim'
INFO: [USF-XSim-98] *** Running xsim
   with args "tb_InputModule_behav -key {Behavioral:sim_1:Functional:tb_InputModule} -tclbatch {tb_InputModule.tcl} -view {D:/GitHub/Computer-Organization-Project/pipelineCPU/tb_pipeline_behav.wcfg} -log {simulate.log}"
INFO: [USF-XSim-8] Loading simulator feature
Vivado Simulator 2017.4
Time resolution is 1 ps
open_wave_config D:/GitHub/Computer-Organization-Project/pipelineCPU/tb_pipeline_behav.wcfg
source tb_InputModule.tcl
# set curr_wave [current_wave_config]
# if { [string length $curr_wave] == 0 } {
#   if { [llength [get_objects]] > 0} {
#     add_wave /
#     set_property needs_save false [current_wave_config]
#   } else {
#      send_msg_id Add_Wave-1 WARNING "No top level signals found. Simulator will start without a wave window. If you want to open a wave window go to 'File->New Waveform Configuration' or type 'create_wave_config' in the TCL console."
#   }
# }
# run 1000ns
INFO: [USF-XSim-96] XSim completed. Design snapshot 'tb_InputModule_behav' loaded.
INFO: [USF-XSim-97] XSim simulation ran for 1000ns
disconnect_hw_server
update_compile_order -fileset sources_1
update_compile_order -fileset sources_1
close_sim
INFO: [Simtcl 6-16] Simulation closed
launch_simulation
INFO: [Vivado 12-5698] Checking validity of IPs in the design for the 'XSim' simulator...
INFO: [Vivado 12-5682] Launching behavioral simulation in 'D:/GitHub/Computer-Organization-Project/pipelineCPU/pipelineCPU.sim/sim_1/behav/xsim'
INFO: [Vivado 12-4795] Using compiled simulation libraries for IPs
INFO: [SIM-utils-51] Simulation object is 'sim_1'
INFO: [USF-XSim-7] Finding pre-compiled libraries...
INFO: [USF-XSim-11] File 'D:/Xilinx/Vivado/2017.4/data/xsim/ip/xsim_ip.ini' copied to run dir:'D:/GitHub/Computer-Organization-Project/pipelineCPU/pipelineCPU.sim/sim_1/behav/xsim'
INFO: [SIM-utils-54] Inspecting design source files for 'tb_InputModule' in fileset 'sim_1'...
INFO: [SIM-utils-43] Exported 'D:/GitHub/Computer-Organization-Project/pipelineCPU/pipelineCPU.sim/sim_1/behav/xsim/pgrom.mif'
INFO: [SIM-utils-43] Exported 'D:/GitHub/Computer-Organization-Project/pipelineCPU/pipelineCPU.sim/sim_1/behav/xsim/test_jbc_2.coe'
INFO: [SIM-utils-43] Exported 'D:/GitHub/Computer-Organization-Project/pipelineCPU/pipelineCPU.sim/sim_1/behav/xsim/test1ROM.coe'
INFO: [SIM-utils-43] Exported 'D:/GitHub/Computer-Organization-Project/pipelineCPU/pipelineCPU.sim/sim_1/behav/xsim/test9ROM.coe'
INFO: [SIM-utils-43] Exported 'D:/GitHub/Computer-Organization-Project/pipelineCPU/pipelineCPU.sim/sim_1/behav/xsim/BaseTest1ROM.coe'
INFO: [SIM-utils-43] Exported 'D:/GitHub/Computer-Organization-Project/pipelineCPU/pipelineCPU.sim/sim_1/behav/xsim/test_jbc_1.coe'
INFO: [USF-XSim-97] Finding global include files...
INFO: [USF-XSim-98] Fetching design files from 'sim_1'...
INFO: [USF-XSim-2] XSim::Compile design
INFO: [USF-XSim-61] Executing 'COMPILE and ANALYZE' step in 'D:/GitHub/Computer-Organization-Project/pipelineCPU/pipelineCPU.sim/sim_1/behav/xsim'
"xvlog --incr --relax -prj tb_InputModule_vlog.prj"
INFO: [USF-XSim-69] 'compile' step finished in '1' seconds
INFO: [USF-XSim-3] XSim::Elaborate design
INFO: [USF-XSim-61] Executing 'ELABORATE' step in 'D:/GitHub/Computer-Organization-Project/pipelineCPU/pipelineCPU.sim/sim_1/behav/xsim'
Vivado Simulator 2017.4
Copyright 1986-1999, 2001-2016 Xilinx, Inc. All Rights Reserved.
Running: D:/Xilinx/Vivado/2017.4/bin/unwrapped/win64.o/xelab.exe -wto 374ad2d08ccb4635b2dbbca0a3224143 --incr --debug typical --relax --mt 2 -L xil_defaultlib -L unisims_ver -L unimacro_ver -L secureip -L xpm --snapshot tb_InputModule_behav xil_defaultlib.tb_InputModule xil_defaultlib.glbl -log elaborate.log 
Using 2 slave threads.
Starting static elaboration
WARNING: [VRFC 10-696] first argument of $fatal is invalid, expecting 0, 1 or 2 [D:/GitHub/Computer-Organization-Project/pipelineCPU/pipelineCPU.srcs/sim_1/new/tb_InputModule.v:47]
WARNING: [VRFC 10-696] first argument of $fatal is invalid, expecting 0, 1 or 2 [D:/GitHub/Computer-Organization-Project/pipelineCPU/pipelineCPU.srcs/sim_1/new/tb_InputModule.v:50]
WARNING: [VRFC 10-696] first argument of $fatal is invalid, expecting 0, 1 or 2 [D:/GitHub/Computer-Organization-Project/pipelineCPU/pipelineCPU.srcs/sim_1/new/tb_InputModule.v:56]
WARNING: [VRFC 10-696] first argument of $fatal is invalid, expecting 0, 1 or 2 [D:/GitHub/Computer-Organization-Project/pipelineCPU/pipelineCPU.srcs/sim_1/new/tb_InputModule.v:61]
WARNING: [VRFC 10-696] first argument of $fatal is invalid, expecting 0, 1 or 2 [D:/GitHub/Computer-Organization-Project/pipelineCPU/pipelineCPU.srcs/sim_1/new/tb_InputModule.v:66]
Completed static elaboration
INFO: [XSIM 43-4323] No Change in HDL. Linking previously generated obj files to create kernel
INFO: [USF-XSim-69] 'elaborate' step finished in '1' seconds
INFO: [USF-XSim-4] XSim::Simulate design
INFO: [USF-XSim-61] Executing 'SIMULATE' step in 'D:/GitHub/Computer-Organization-Project/pipelineCPU/pipelineCPU.sim/sim_1/behav/xsim'
INFO: [USF-XSim-98] *** Running xsim
   with args "tb_InputModule_behav -key {Behavioral:sim_1:Functional:tb_InputModule} -tclbatch {tb_InputModule.tcl} -view {D:/GitHub/Computer-Organization-Project/pipelineCPU/tb_pipeline_behav.wcfg} -log {simulate.log}"
INFO: [USF-XSim-8] Loading simulator feature
Vivado Simulator 2017.4
Time resolution is 1 ps
open_wave_config D:/GitHub/Computer-Organization-Project/pipelineCPU/tb_pipeline_behav.wcfg
source tb_InputModule.tcl
# set curr_wave [current_wave_config]
# if { [string length $curr_wave] == 0 } {
#   if { [llength [get_objects]] > 0} {
#     add_wave /
#     set_property needs_save false [current_wave_config]
#   } else {
#      send_msg_id Add_Wave-1 WARNING "No top level signals found. Simulator will start without a wave window. If you want to open a wave window go to 'File->New Waveform Configuration' or type 'create_wave_config' in the TCL console."
#   }
# }
# run 1000ns
INFO: [USF-XSim-96] XSim completed. Design snapshot 'tb_InputModule_behav' loaded.
INFO: [USF-XSim-97] XSim simulation ran for 1000ns
set_property top tb_pipeline [get_filesets sim_1]
set_property top_lib xil_defaultlib [get_filesets sim_1]
update_compile_order -fileset sim_1
current_sim simulation_26
close_sim
INFO: [Simtcl 6-16] Simulation closed
launch_simulation
INFO: [Vivado 12-5698] Checking validity of IPs in the design for the 'XSim' simulator...
INFO: [Vivado 12-5682] Launching behavioral simulation in 'D:/GitHub/Computer-Organization-Project/pipelineCPU/pipelineCPU.sim/sim_1/behav/xsim'
INFO: [Vivado 12-4795] Using compiled simulation libraries for IPs
INFO: [SIM-utils-51] Simulation object is 'sim_1'
INFO: [USF-XSim-7] Finding pre-compiled libraries...
INFO: [USF-XSim-11] File 'D:/Xilinx/Vivado/2017.4/data/xsim/ip/xsim_ip.ini' copied to run dir:'D:/GitHub/Computer-Organization-Project/pipelineCPU/pipelineCPU.sim/sim_1/behav/xsim'
INFO: [SIM-utils-54] Inspecting design source files for 'tb_pipeline' in fileset 'sim_1'...
INFO: [SIM-utils-43] Exported 'D:/GitHub/Computer-Organization-Project/pipelineCPU/pipelineCPU.sim/sim_1/behav/xsim/pgrom.mif'
INFO: [SIM-utils-43] Exported 'D:/GitHub/Computer-Organization-Project/pipelineCPU/pipelineCPU.sim/sim_1/behav/xsim/test_jbc_2.coe'
INFO: [SIM-utils-43] Exported 'D:/GitHub/Computer-Organization-Project/pipelineCPU/pipelineCPU.sim/sim_1/behav/xsim/test1ROM.coe'
INFO: [SIM-utils-43] Exported 'D:/GitHub/Computer-Organization-Project/pipelineCPU/pipelineCPU.sim/sim_1/behav/xsim/test9ROM.coe'
INFO: [SIM-utils-43] Exported 'D:/GitHub/Computer-Organization-Project/pipelineCPU/pipelineCPU.sim/sim_1/behav/xsim/BaseTest1ROM.coe'
INFO: [SIM-utils-43] Exported 'D:/GitHub/Computer-Organization-Project/pipelineCPU/pipelineCPU.sim/sim_1/behav/xsim/test_jbc_1.coe'
INFO: [USF-XSim-97] Finding global include files...
INFO: [USF-XSim-98] Fetching design files from 'sim_1'...
INFO: [USF-XSim-2] XSim::Compile design
INFO: [USF-XSim-61] Executing 'COMPILE and ANALYZE' step in 'D:/GitHub/Computer-Organization-Project/pipelineCPU/pipelineCPU.sim/sim_1/behav/xsim'
"xvlog --incr --relax -L xil_defaultlib -prj tb_pipeline_vlog.prj"
INFO: [VRFC 10-2263] Analyzing Verilog file "D:/GitHub/Computer-Organization-Project/pipelineCPU/pipelineCPU.srcs/sources_1/ip/pgram/sim/pgram.v" into library xil_defaultlib
INFO: [VRFC 10-311] analyzing module pgram
INFO: [VRFC 10-2263] Analyzing Verilog file "D:/GitHub/Computer-Organization-Project/pipelineCPU/pipelineCPU.srcs/sources_1/ip/pgrom/sim/pgrom.v" into library xil_defaultlib
INFO: [VRFC 10-311] analyzing module pgrom
INFO: [VRFC 10-2263] Analyzing Verilog file "D:/GitHub/Computer-Organization-Project/pipelineCPU/pipelineCPU.srcs/sources_1/new/ClockDivider.v" into library xil_defaultlib
INFO: [VRFC 10-311] analyzing module ClockDivider
INFO: [VRFC 10-2263] Analyzing Verilog file "D:/GitHub/Computer-Organization-Project/pipelineCPU/pipelineCPU.srcs/sources_1/new/EXE.v" into library xil_defaultlib
INFO: [VRFC 10-311] analyzing module EXE
INFO: [VRFC 10-2263] Analyzing Verilog file "D:/GitHub/Computer-Organization-Project/pipelineCPU/pipelineCPU.srcs/sources_1/new/HarzardDetection.v" into library xil_defaultlib
INFO: [VRFC 10-311] analyzing module HarzardDetection
INFO: [VRFC 10-2263] Analyzing Verilog file "D:/GitHub/Computer-Organization-Project/pipelineCPU/pipelineCPU.srcs/sources_1/new/IF.v" into library xil_defaultlib
INFO: [VRFC 10-311] analyzing module IF
INFO: [VRFC 10-2263] Analyzing Verilog file "D:/GitHub/Computer-Organization-Project/pipelineCPU/pipelineCPU.srcs/sources_1/new/InputModule.v" into library xil_defaultlib
INFO: [VRFC 10-311] analyzing module InputModule
INFO: [VRFC 10-2263] Analyzing Verilog file "D:/GitHub/Computer-Organization-Project/pipelineCPU/pipelineCPU.srcs/sources_1/new/MEM.v" into library xil_defaultlib
INFO: [VRFC 10-311] analyzing module MEM
INFO: [VRFC 10-2263] Analyzing Verilog file "D:/GitHub/Computer-Organization-Project/pipelineCPU/pipelineCPU.srcs/sources_1/new/OutputModule.v" into library xil_defaultlib
INFO: [VRFC 10-311] analyzing module OutputModule
INFO: [VRFC 10-2263] Analyzing Verilog file "D:/GitHub/Computer-Organization-Project/pipelineCPU/pipelineCPU.srcs/sources_1/new/SegDisplay.v" into library xil_defaultlib
INFO: [VRFC 10-311] analyzing module SegDisplay
INFO: [VRFC 10-2263] Analyzing Verilog file "D:/GitHub/Computer-Organization-Project/pipelineCPU/pipelineCPU.srcs/sources_1/new/SegGenerator.v" into library xil_defaultlib
INFO: [VRFC 10-311] analyzing module SegGenerator
INFO: [VRFC 10-2263] Analyzing SystemVerilog file "D:/GitHub/Computer-Organization-Project/pipelineCPU/pipelineCPU.srcs/sources_1/new/ID.v" into library xil_defaultlib
INFO: [VRFC 10-311] analyzing module ID
INFO: [VRFC 10-2263] Analyzing SystemVerilog file "D:/GitHub/Computer-Organization-Project/pipelineCPU/pipelineCPU.srcs/sources_1/new/WB.v" into library xil_defaultlib
INFO: [VRFC 10-311] analyzing module WB
INFO: [VRFC 10-2263] Analyzing SystemVerilog file "D:/GitHub/Computer-Organization-Project/pipelineCPU/pipelineCPU.srcs/sources_1/new/top_module.v" into library xil_defaultlib
INFO: [VRFC 10-311] analyzing module top_module
INFO: [VRFC 10-2263] Analyzing Verilog file "D:/GitHub/Computer-Organization-Project/pipelineCPU/pipelineCPU.sim/sim_1/behav/xsim/glbl.v" into library xil_defaultlib
INFO: [VRFC 10-311] analyzing module glbl
INFO: [USF-XSim-69] 'compile' step finished in '1' seconds
INFO: [USF-XSim-3] XSim::Elaborate design
INFO: [USF-XSim-61] Executing 'ELABORATE' step in 'D:/GitHub/Computer-Organization-Project/pipelineCPU/pipelineCPU.sim/sim_1/behav/xsim'
Vivado Simulator 2017.4
Copyright 1986-1999, 2001-2016 Xilinx, Inc. All Rights Reserved.
Running: D:/Xilinx/Vivado/2017.4/bin/unwrapped/win64.o/xelab.exe -wto 374ad2d08ccb4635b2dbbca0a3224143 --incr --debug typical --relax --mt 2 -L blk_mem_gen_v8_4_1 -L xil_defaultlib -L unisims_ver -L unimacro_ver -L secureip -L xpm --snapshot tb_pipeline_behav xil_defaultlib.tb_pipeline xil_defaultlib.glbl -log elaborate.log 
Using 2 slave threads.
Starting static elaboration
WARNING: [VRFC 10-278] actual bit length 32 differs from formal bit length 4 for port wea [D:/GitHub/Computer-Organization-Project/pipelineCPU/pipelineCPU.srcs/sources_1/new/MEM.v:68]
WARNING: [VRFC 10-1783] select index 62 into current_contents is out of bounds [/wrk/2017.4/nightly/2017_12_15_2086221/packages/customer/vivado/data/ip/xilinx/blk_mem_gen_v8_4/simulation/blk_mem_gen_v8_4.v:2420]
Completed static elaboration
Starting simulation data flow analysis
WARNING: [XSIM 43-4100] "D:/GitHub/Computer-Organization-Project/pipelineCPU/pipelineCPU.srcs/sources_1/new/top_module.v" Line 3. Module top_module has a timescale but at least one module in design doesn't have timescale.
WARNING: [XSIM 43-4100] "D:/GitHub/Computer-Organization-Project/pipelineCPU/pipelineCPU.srcs/sources_1/new/ClockDivider.v" Line 1. Module ClockDivider has a timescale but at least one module in design doesn't have timescale.
WARNING: [XSIM 43-4100] "D:/GitHub/Computer-Organization-Project/pipelineCPU/pipelineCPU.srcs/sources_1/new/ClockDivider.v" Line 1. Module ClockDivider has a timescale but at least one module in design doesn't have timescale.
WARNING: [XSIM 43-4100] "D:/GitHub/Computer-Organization-Project/pipelineCPU/pipelineCPU.srcs/sources_1/new/HarzardDetection.v" Line 3. Module HarzardDetection has a timescale but at least one module in design doesn't have timescale.
WARNING: [XSIM 43-4100] "D:/GitHub/Computer-Organization-Project/pipelineCPU/pipelineCPU.srcs/sources_1/new/IF.v" Line 23. Module IF has a timescale but at least one module in design doesn't have timescale.
WARNING: [XSIM 43-4100] "D:/GitHub/Computer-Organization-Project/pipelineCPU/pipelineCPU.srcs/sources_1/ip/pgrom/sim/pgrom.v" Line 55. Module pgrom has a timescale but at least one module in design doesn't have timescale.
WARNING: [XSIM 43-4100] "/wrk/2017.4/nightly/2017_12_15_2086221/packages/customer/vivado/data/ip/xilinx/blk_mem_gen_v8_4/simulation/blk_mem_gen_v8_4.v" Line 3412. Module blk_mem_gen_v8_4_1(C_FAMILY="artix7",C_XDEVICEFAMILY="artix7",C_ELABORATION_DIR="./",C_AXI_TYPE=1,C_MEM_TYPE=3,C_PRIM_TYPE=1,C_LOAD_INIT_FILE=1,C_INIT_FILE_NAME="pgrom.mif",C_INIT_FILE="pgrom.mem",C_HAS_ENA=0,C_WRITE_DEPTH_A=16384,C_READ_DEPTH_A=16384,C_ADDRA_WIDTH=14,C_INITB_VAL="0",C_HAS_ENB=0,C_WRITE_DEPTH_B=16384,C_READ_DEPTH_B=16384,C_ADDRB_WIDTH=14,C_SIM_COLLISION_CHECK="ALL",C_COMMON_CLK=0,C_COUNT_36K_BRAM="14",C_COUNT_18K_BRAM="1",C_EST_POWER_SUMMARY="Estimated_Power_for_IP_____:_____12.7204_mW") has a timescale but at least one module in design doesn't have timescale.
WARNING: [XSIM 43-4100] "/wrk/2017.4/nightly/2017_12_15_2086221/packages/customer/vivado/data/ip/xilinx/blk_mem_gen_v8_4/simulation/blk_mem_gen_v8_4.v" Line 1951. Module blk_mem_gen_v8_4_1_mem_module(C_FAMILY="artix7",C_XDEVICEFAMILY="artix7",C_MEM_TYPE=3,C_PRIM_TYPE=1,C_LOAD_INIT_FILE=1,C_INIT_FILE_NAME="pgrom.mif",C_INIT_FILE="pgrom.mem",C_HAS_ENA=0,C_WRITE_DEPTH_A=16384,C_READ_DEPTH_A=16384,C_ADDRA_WIDTH=14,C_INITB_VAL="0",C_HAS_ENB=0,C_WRITE_DEPTH_B=16384,C_READ_DEPTH_B=16384,C_ADDRB_WIDTH=14,C_SIM_COLLISION_CHECK="ALL",C_COMMON_CLK=0) has a timescale but at least one module in design doesn't have timescale.
WARNING: [XSIM 43-4100] "/wrk/2017.4/nightly/2017_12_15_2086221/packages/customer/vivado/data/ip/xilinx/blk_mem_gen_v8_4/simulation/blk_mem_gen_v8_4.v" Line 1563. Module blk_mem_gen_v8_4_1_output_stage(C_FAMILY="artix7",C_XDEVICEFAMILY="artix7",C_ADDRB_WIDTH=14,NUM_STAGES=0) has a timescale but at least one module in design doesn't have timescale.
WARNING: [XSIM 43-4100] "/wrk/2017.4/nightly/2017_12_15_2086221/packages/customer/vivado/data/ip/xilinx/blk_mem_gen_v8_4/simulation/blk_mem_gen_v8_4.v" Line 1563. Module blk_mem_gen_v8_4_1_output_stage(C_FAMILY="artix7",C_XDEVICEFAMILY="artix7",C_ADDRB_WIDTH=14,NUM_STAGES=0) has a timescale but at least one module in design doesn't have timescale.
WARNING: [XSIM 43-4100] "/wrk/2017.4/nightly/2017_12_15_2086221/packages/customer/vivado/data/ip/xilinx/blk_mem_gen_v8_4/simulation/blk_mem_gen_v8_4.v" Line 1859. Module blk_mem_gen_v8_4_1_softecc_output_reg_stage(C_ADDRB_WIDTH=14) has a timescale but at least one module in design doesn't have timescale.
WARNING: [XSIM 43-4100] "D:/GitHub/Computer-Organization-Project/pipelineCPU/pipelineCPU.srcs/sources_1/new/ID.v" Line 23. Module ID has a timescale but at least one module in design doesn't have timescale.
WARNING: [XSIM 43-4100] "D:/GitHub/Computer-Organization-Project/pipelineCPU/pipelineCPU.srcs/sources_1/new/EXE.v" Line 23. Module EXE has a timescale but at least one module in design doesn't have timescale.
WARNING: [XSIM 43-4100] "D:/GitHub/Computer-Organization-Project/pipelineCPU/pipelineCPU.srcs/sources_1/new/MEM.v" Line 23. Module MEM has a timescale but at least one module in design doesn't have timescale.
WARNING: [XSIM 43-4100] "D:/GitHub/Computer-Organization-Project/pipelineCPU/pipelineCPU.srcs/sources_1/ip/pgram/sim/pgram.v" Line 55. Module pgram has a timescale but at least one module in design doesn't have timescale.
WARNING: [XSIM 43-4100] "/wrk/2017.4/nightly/2017_12_15_2086221/packages/customer/vivado/data/ip/xilinx/blk_mem_gen_v8_4/simulation/blk_mem_gen_v8_4.v" Line 3412. Module blk_mem_gen_v8_4_1(C_FAMILY="artix7",C_XDEVICEFAMILY="artix7",C_ELABORATION_DIR="./",C_AXI_TYPE=1,C_MEM_TYPE=0,C_BYTE_SIZE=8,C_PRIM_TYPE=1,C_INIT_FILE_NAME="no_coe_file_loaded",C_INIT_FILE="pgram.mem",C_HAS_ENA=0,C_USE_BYTE_WEA=1,C_WEA_WIDTH=4,C_WRITE_DEPTH_A=16384,C_READ_DEPTH_A=16384,C_ADDRA_WIDTH=14,C_INITB_VAL="0",C_HAS_ENB=0,C_USE_BYTE_WEB=1,C_WEB_WIDTH=4,C_WRITE_DEPTH_B=16384,C_READ_DEPTH_B=16384,C_ADDRB_WIDTH=14,C_SIM_COLLISION_CHECK="ALL",C_COMMON_CLK=0,C_COUNT_36K_BRAM="16",C_COUNT_18K_BRAM="0",C_EST_POWER_SUMMARY="Estimated_Power_for_IP_____:_____10.194_mW") has a timescale but at least one module in design doesn't have timescale.
WARNING: [XSIM 43-4100] "/wrk/2017.4/nightly/2017_12_15_2086221/packages/customer/vivado/data/ip/xilinx/blk_mem_gen_v8_4/simulation/blk_mem_gen_v8_4.v" Line 1951. Module blk_mem_gen_v8_4_1_mem_module(C_FAMILY="artix7",C_XDEVICEFAMILY="artix7",C_MEM_TYPE=0,C_BYTE_SIZE=8,C_PRIM_TYPE=1,C_INIT_FILE_NAME="no_coe_file_loaded",C_INIT_FILE="pgram.mem",C_HAS_ENA=0,C_USE_BYTE_WEA=1,C_WEA_WIDTH=4,C_WRITE_DEPTH_A=16384,C_READ_DEPTH_A=16384,C_ADDRA_WIDTH=14,C_INITB_VAL="0",C_HAS_ENB=0,C_USE_BYTE_WEB=1,C_WEB_WIDTH=4,C_WRITE_DEPTH_B=16384,C_READ_DEPTH_B=16384,C_ADDRB_WIDTH=14,C_SIM_COLLISION_CHECK="ALL",C_COMMON_CLK=0) has a timescale but at least one module in design doesn't have timescale.
WARNING: [XSIM 43-4100] "/wrk/2017.4/nightly/2017_12_15_2086221/packages/customer/vivado/data/ip/xilinx/blk_mem_gen_v8_4/simulation/blk_mem_gen_v8_4.v" Line 1563. Module blk_mem_gen_v8_4_1_output_stage(C_FAMILY="artix7",C_XDEVICEFAMILY="artix7",C_ADDRB_WIDTH=14,NUM_STAGES=0) has a timescale but at least one module in design doesn't have timescale.
WARNING: [XSIM 43-4100] "/wrk/2017.4/nightly/2017_12_15_2086221/packages/customer/vivado/data/ip/xilinx/blk_mem_gen_v8_4/simulation/blk_mem_gen_v8_4.v" Line 1563. Module blk_mem_gen_v8_4_1_output_stage(C_FAMILY="artix7",C_XDEVICEFAMILY="artix7",C_ADDRB_WIDTH=14,NUM_STAGES=0) has a timescale but at least one module in design doesn't have timescale.
WARNING: [XSIM 43-4100] "/wrk/2017.4/nightly/2017_12_15_2086221/packages/customer/vivado/data/ip/xilinx/blk_mem_gen_v8_4/simulation/blk_mem_gen_v8_4.v" Line 1859. Module blk_mem_gen_v8_4_1_softecc_output_reg_stage(C_ADDRB_WIDTH=14) has a timescale but at least one module in design doesn't have timescale.
WARNING: [XSIM 43-4100] "D:/GitHub/Computer-Organization-Project/pipelineCPU/pipelineCPU.srcs/sources_1/new/WB.v" Line 1. Module WB has a timescale but at least one module in design doesn't have timescale.
WARNING: [XSIM 43-4100] "D:/GitHub/Computer-Organization-Project/pipelineCPU/pipelineCPU.srcs/sources_1/new/InputModule.v" Line 3. Module InputModule has a timescale but at least one module in design doesn't have timescale.
WARNING: [XSIM 43-4100] "D:/GitHub/Computer-Organization-Project/pipelineCPU/pipelineCPU.srcs/sources_1/new/OutputModule.v" Line 1. Module OutputModule has a timescale but at least one module in design doesn't have timescale.
WARNING: [XSIM 43-4100] "D:/GitHub/Computer-Organization-Project/pipelineCPU/pipelineCPU.srcs/sources_1/new/SegGenerator.v" Line 1. Module SegGenerator has a timescale but at least one module in design doesn't have timescale.
WARNING: [XSIM 43-4100] "D:/GitHub/Computer-Organization-Project/pipelineCPU/pipelineCPU.srcs/sources_1/new/ClockDivider.v" Line 1. Module ClockDivider has a timescale but at least one module in design doesn't have timescale.
WARNING: [XSIM 43-4100] "D:/GitHub/Computer-Organization-Project/pipelineCPU/pipelineCPU.srcs/sources_1/new/SegDisplay.v" Line 1. Module SegDisplay has a timescale but at least one module in design doesn't have timescale.
WARNING: [XSIM 43-4100] "D:/GitHub/Computer-Organization-Project/pipelineCPU/pipelineCPU.sim/sim_1/behav/xsim/glbl.v" Line 6. Module glbl has a timescale but at least one module in design doesn't have timescale.
Completed simulation data flow analysis
Time Resolution for simulation is 1ps
Compiling module xil_defaultlib.ClockDivider
Compiling module xil_defaultlib.HarzardDetection
Compiling module blk_mem_gen_v8_4_1.blk_mem_gen_v8_4_1_output_stage(...
Compiling module blk_mem_gen_v8_4_1.blk_mem_gen_v8_4_1_softecc_outpu...
Compiling module blk_mem_gen_v8_4_1.blk_mem_gen_v8_4_1_mem_module(C_...
Compiling module blk_mem_gen_v8_4_1.blk_mem_gen_v8_4_1(C_FAMILY="art...
Compiling module xil_defaultlib.pgrom
Compiling module xil_defaultlib.IF
Compiling module xil_defaultlib.ID
Compiling module xil_defaultlib.EXE
Compiling module blk_mem_gen_v8_4_1.blk_mem_gen_v8_4_1_mem_module(C_...
Compiling module blk_mem_gen_v8_4_1.blk_mem_gen_v8_4_1(C_FAMILY="art...
Compiling module xil_defaultlib.pgram
Compiling module xil_defaultlib.MEM
Compiling module xil_defaultlib.WB
Compiling module xil_defaultlib.InputModule
Compiling module xil_defaultlib.SegGenerator
Compiling module xil_defaultlib.SegDisplay
Compiling module xil_defaultlib.OutputModule
Compiling module xil_defaultlib.top_module
Compiling module xil_defaultlib.tb_pipeline
Compiling module xil_defaultlib.glbl
Built simulation snapshot tb_pipeline_behav

****** Webtalk v2017.4 (64-bit)
  **** SW Build 2086221 on Fri Dec 15 20:55:39 MST 2017
  **** IP Build 2085800 on Fri Dec 15 22:25:07 MST 2017
    ** Copyright 1986-2017 Xilinx, Inc. All Rights Reserved.

source D:/GitHub/Computer-Organization-Project/pipelineCPU/pipelineCPU.sim/sim_1/behav/xsim/xsim.dir/tb_pipeline_behav/webtalk/xsim_webtalk.tcl -notrace
INFO: [Common 17-206] Exiting Webtalk at Fri May 16 00:24:39 2025...
INFO: [USF-XSim-69] 'elaborate' step finished in '5' seconds
INFO: [USF-XSim-4] XSim::Simulate design
INFO: [USF-XSim-61] Executing 'SIMULATE' step in 'D:/GitHub/Computer-Organization-Project/pipelineCPU/pipelineCPU.sim/sim_1/behav/xsim'
INFO: [USF-XSim-98] *** Running xsim
   with args "tb_pipeline_behav -key {Behavioral:sim_1:Functional:tb_pipeline} -tclbatch {tb_pipeline.tcl} -view {D:/GitHub/Computer-Organization-Project/pipelineCPU/tb_pipeline_behav.wcfg} -log {simulate.log}"
INFO: [USF-XSim-8] Loading simulator feature
Vivado Simulator 2017.4
Time resolution is 1 ps
open_wave_config D:/GitHub/Computer-Organization-Project/pipelineCPU/tb_pipeline_behav.wcfg
WARNING: Simulation object /tb_InputModule/uut/clk was not found in the design.
WARNING: Simulation object /tb_InputModule/uut/clk_de was not found in the design.
WARNING: Simulation object /tb_InputModule/uut/rst was not found in the design.
WARNING: Simulation object /tb_InputModule/uut/sw_input was not found in the design.
WARNING: Simulation object /tb_InputModule/uut/done was not found in the design.
WARNING: Simulation object /tb_InputModule/uut/input_data was not found in the design.
WARNING: Simulation object /tb_InputModule/uut/done_input was not found in the design.
WARNING: Simulation object /tb_InputModule/uut/done_stable was not found in the design.
WARNING: Simulation object /tb_InputModule/uut/done_counter was not found in the design.
WARNING: Simulation object /tb_InputModule/uut/next_done_input was not found in the design.
WARNING: Simulation object /tb_InputModule/uut/period_done was not found in the design.
WARNING: Simulation object /tb_InputModule/uut/next_period_done was not found in the design.
WARNING: Simulation object /tb_InputModule/uut/DEBOUNCE_THRESHOLD was not found in the design.
source tb_pipeline.tcl
# set curr_wave [current_wave_config]
# if { [string length $curr_wave] == 0 } {
#   if { [llength [get_objects]] > 0} {
#     add_wave /
#     set_property needs_save false [current_wave_config]
#   } else {
#      send_msg_id Add_Wave-1 WARNING "No top level signals found. Simulator will start without a wave window. If you want to open a wave window go to 'File->New Waveform Configuration' or type 'create_wave_config' in the TCL console."
#   }
# }
# run 1000ns
 Block Memory Generator module loading initial data...
 Block Memory Generator data initialization complete.
Block Memory Generator module tb_pipeline.uut_tm.if_uut.urom.inst.native_mem_module.blk_mem_gen_v8_4_1_inst is using a behavioral model for simulation which will not precisely model memory collision behavior.
Block Memory Generator module tb_pipeline.uut_tm.mem_uut.udram.inst.native_mem_module.blk_mem_gen_v8_4_1_inst is using a behavioral model for simulation which will not precisely model memory collision behavior.
INFO: [USF-XSim-96] XSim completed. Design snapshot 'tb_pipeline_behav' loaded.
INFO: [USF-XSim-97] XSim simulation ran for 1000ns
launch_simulation: Time (s): cpu = 00:00:02 ; elapsed = 00:00:08 . Memory (MB): peak = 2983.551 ; gain = 0.000
add_wave {{/tb_pipeline/uut_tm/regs}} {{/tb_pipeline/uut_tm/en_pc}} {{/tb_pipeline/uut_tm/done_input}} {{/tb_pipeline/uut_tm/en_input}} {{/tb_pipeline/uut_tm/en_output}} {{/tb_pipeline/uut_tm/input_data}} {{/tb_pipeline/uut_tm/clk}} {{/tb_pipeline/uut_tm/clk_de}} {{/tb_pipeline/uut_tm/pc}} {{/tb_pipeline/uut_tm/is_nop}} 
add_wave {{/tb_pipeline/uut_tm/clk}} 
save_wave_config {D:/GitHub/Computer-Organization-Project/pipelineCPU/tb_pipeline_behav.wcfg}
close_sim
INFO: [Simtcl 6-16] Simulation closed
launch_simulation
INFO: [Vivado 12-5698] Checking validity of IPs in the design for the 'XSim' simulator...
INFO: [Vivado 12-5682] Launching behavioral simulation in 'D:/GitHub/Computer-Organization-Project/pipelineCPU/pipelineCPU.sim/sim_1/behav/xsim'
INFO: [Vivado 12-4795] Using compiled simulation libraries for IPs
INFO: [SIM-utils-51] Simulation object is 'sim_1'
INFO: [USF-XSim-7] Finding pre-compiled libraries...
INFO: [USF-XSim-11] File 'D:/Xilinx/Vivado/2017.4/data/xsim/ip/xsim_ip.ini' copied to run dir:'D:/GitHub/Computer-Organization-Project/pipelineCPU/pipelineCPU.sim/sim_1/behav/xsim'
INFO: [SIM-utils-54] Inspecting design source files for 'tb_pipeline' in fileset 'sim_1'...
INFO: [SIM-utils-43] Exported 'D:/GitHub/Computer-Organization-Project/pipelineCPU/pipelineCPU.sim/sim_1/behav/xsim/pgrom.mif'
INFO: [SIM-utils-43] Exported 'D:/GitHub/Computer-Organization-Project/pipelineCPU/pipelineCPU.sim/sim_1/behav/xsim/test_jbc_2.coe'
INFO: [SIM-utils-43] Exported 'D:/GitHub/Computer-Organization-Project/pipelineCPU/pipelineCPU.sim/sim_1/behav/xsim/test1ROM.coe'
INFO: [SIM-utils-43] Exported 'D:/GitHub/Computer-Organization-Project/pipelineCPU/pipelineCPU.sim/sim_1/behav/xsim/test9ROM.coe'
INFO: [SIM-utils-43] Exported 'D:/GitHub/Computer-Organization-Project/pipelineCPU/pipelineCPU.sim/sim_1/behav/xsim/BaseTest1ROM.coe'
INFO: [SIM-utils-43] Exported 'D:/GitHub/Computer-Organization-Project/pipelineCPU/pipelineCPU.sim/sim_1/behav/xsim/test_jbc_1.coe'
INFO: [USF-XSim-97] Finding global include files...
INFO: [USF-XSim-98] Fetching design files from 'sim_1'...
INFO: [USF-XSim-2] XSim::Compile design
INFO: [USF-XSim-61] Executing 'COMPILE and ANALYZE' step in 'D:/GitHub/Computer-Organization-Project/pipelineCPU/pipelineCPU.sim/sim_1/behav/xsim'
"xvlog --incr --relax -L xil_defaultlib -prj tb_pipeline_vlog.prj"
INFO: [VRFC 10-2263] Analyzing Verilog file "D:/GitHub/Computer-Organization-Project/pipelineCPU/pipelineCPU.srcs/sources_1/ip/pgram/sim/pgram.v" into library xil_defaultlib
INFO: [VRFC 10-311] analyzing module pgram
INFO: [VRFC 10-2263] Analyzing Verilog file "D:/GitHub/Computer-Organization-Project/pipelineCPU/pipelineCPU.srcs/sources_1/ip/pgrom/sim/pgrom.v" into library xil_defaultlib
INFO: [VRFC 10-311] analyzing module pgrom
INFO: [VRFC 10-2263] Analyzing Verilog file "D:/GitHub/Computer-Organization-Project/pipelineCPU/pipelineCPU.srcs/sources_1/new/ClockDivider.v" into library xil_defaultlib
INFO: [VRFC 10-311] analyzing module ClockDivider
INFO: [VRFC 10-2263] Analyzing Verilog file "D:/GitHub/Computer-Organization-Project/pipelineCPU/pipelineCPU.srcs/sources_1/new/EXE.v" into library xil_defaultlib
INFO: [VRFC 10-311] analyzing module EXE
INFO: [VRFC 10-2263] Analyzing Verilog file "D:/GitHub/Computer-Organization-Project/pipelineCPU/pipelineCPU.srcs/sources_1/new/HarzardDetection.v" into library xil_defaultlib
INFO: [VRFC 10-311] analyzing module HarzardDetection
INFO: [VRFC 10-2263] Analyzing Verilog file "D:/GitHub/Computer-Organization-Project/pipelineCPU/pipelineCPU.srcs/sources_1/new/IF.v" into library xil_defaultlib
INFO: [VRFC 10-311] analyzing module IF
INFO: [VRFC 10-2263] Analyzing Verilog file "D:/GitHub/Computer-Organization-Project/pipelineCPU/pipelineCPU.srcs/sources_1/new/InputModule.v" into library xil_defaultlib
INFO: [VRFC 10-311] analyzing module InputModule
INFO: [VRFC 10-2263] Analyzing Verilog file "D:/GitHub/Computer-Organization-Project/pipelineCPU/pipelineCPU.srcs/sources_1/new/MEM.v" into library xil_defaultlib
INFO: [VRFC 10-311] analyzing module MEM
INFO: [VRFC 10-2263] Analyzing Verilog file "D:/GitHub/Computer-Organization-Project/pipelineCPU/pipelineCPU.srcs/sources_1/new/OutputModule.v" into library xil_defaultlib
INFO: [VRFC 10-311] analyzing module OutputModule
INFO: [VRFC 10-2263] Analyzing Verilog file "D:/GitHub/Computer-Organization-Project/pipelineCPU/pipelineCPU.srcs/sources_1/new/SegDisplay.v" into library xil_defaultlib
INFO: [VRFC 10-311] analyzing module SegDisplay
INFO: [VRFC 10-2263] Analyzing Verilog file "D:/GitHub/Computer-Organization-Project/pipelineCPU/pipelineCPU.srcs/sources_1/new/SegGenerator.v" into library xil_defaultlib
INFO: [VRFC 10-311] analyzing module SegGenerator
INFO: [VRFC 10-2263] Analyzing SystemVerilog file "D:/GitHub/Computer-Organization-Project/pipelineCPU/pipelineCPU.srcs/sources_1/new/ID.v" into library xil_defaultlib
INFO: [VRFC 10-311] analyzing module ID
INFO: [VRFC 10-2263] Analyzing SystemVerilog file "D:/GitHub/Computer-Organization-Project/pipelineCPU/pipelineCPU.srcs/sources_1/new/WB.v" into library xil_defaultlib
INFO: [VRFC 10-311] analyzing module WB
INFO: [VRFC 10-2263] Analyzing SystemVerilog file "D:/GitHub/Computer-Organization-Project/pipelineCPU/pipelineCPU.srcs/sources_1/new/top_module.v" into library xil_defaultlib
INFO: [VRFC 10-311] analyzing module top_module
INFO: [USF-XSim-69] 'compile' step finished in '1' seconds
INFO: [USF-XSim-3] XSim::Elaborate design
INFO: [USF-XSim-61] Executing 'ELABORATE' step in 'D:/GitHub/Computer-Organization-Project/pipelineCPU/pipelineCPU.sim/sim_1/behav/xsim'
Vivado Simulator 2017.4
Copyright 1986-1999, 2001-2016 Xilinx, Inc. All Rights Reserved.
Running: D:/Xilinx/Vivado/2017.4/bin/unwrapped/win64.o/xelab.exe -wto 374ad2d08ccb4635b2dbbca0a3224143 --incr --debug typical --relax --mt 2 -L blk_mem_gen_v8_4_1 -L xil_defaultlib -L unisims_ver -L unimacro_ver -L secureip -L xpm --snapshot tb_pipeline_behav xil_defaultlib.tb_pipeline xil_defaultlib.glbl -log elaborate.log 
Using 2 slave threads.
Starting static elaboration
WARNING: [VRFC 10-278] actual bit length 32 differs from formal bit length 4 for port wea [D:/GitHub/Computer-Organization-Project/pipelineCPU/pipelineCPU.srcs/sources_1/new/MEM.v:68]
WARNING: [VRFC 10-1783] select index 62 into current_contents is out of bounds [/wrk/2017.4/nightly/2017_12_15_2086221/packages/customer/vivado/data/ip/xilinx/blk_mem_gen_v8_4/simulation/blk_mem_gen_v8_4.v:2420]
Completed static elaboration
Starting simulation data flow analysis
WARNING: [XSIM 43-4100] "D:/GitHub/Computer-Organization-Project/pipelineCPU/pipelineCPU.srcs/sources_1/new/top_module.v" Line 3. Module top_module has a timescale but at least one module in design doesn't have timescale.
WARNING: [XSIM 43-4100] "D:/GitHub/Computer-Organization-Project/pipelineCPU/pipelineCPU.srcs/sources_1/new/ClockDivider.v" Line 1. Module ClockDivider has a timescale but at least one module in design doesn't have timescale.
WARNING: [XSIM 43-4100] "D:/GitHub/Computer-Organization-Project/pipelineCPU/pipelineCPU.srcs/sources_1/new/ClockDivider.v" Line 1. Module ClockDivider has a timescale but at least one module in design doesn't have timescale.
WARNING: [XSIM 43-4100] "D:/GitHub/Computer-Organization-Project/pipelineCPU/pipelineCPU.srcs/sources_1/new/HarzardDetection.v" Line 3. Module HarzardDetection has a timescale but at least one module in design doesn't have timescale.
WARNING: [XSIM 43-4100] "D:/GitHub/Computer-Organization-Project/pipelineCPU/pipelineCPU.srcs/sources_1/new/IF.v" Line 23. Module IF has a timescale but at least one module in design doesn't have timescale.
WARNING: [XSIM 43-4100] "D:/GitHub/Computer-Organization-Project/pipelineCPU/pipelineCPU.srcs/sources_1/ip/pgrom/sim/pgrom.v" Line 55. Module pgrom has a timescale but at least one module in design doesn't have timescale.
WARNING: [XSIM 43-4100] "/wrk/2017.4/nightly/2017_12_15_2086221/packages/customer/vivado/data/ip/xilinx/blk_mem_gen_v8_4/simulation/blk_mem_gen_v8_4.v" Line 3412. Module blk_mem_gen_v8_4_1(C_FAMILY="artix7",C_XDEVICEFAMILY="artix7",C_ELABORATION_DIR="./",C_AXI_TYPE=1,C_MEM_TYPE=3,C_PRIM_TYPE=1,C_LOAD_INIT_FILE=1,C_INIT_FILE_NAME="pgrom.mif",C_INIT_FILE="pgrom.mem",C_HAS_ENA=0,C_WRITE_DEPTH_A=16384,C_READ_DEPTH_A=16384,C_ADDRA_WIDTH=14,C_INITB_VAL="0",C_HAS_ENB=0,C_WRITE_DEPTH_B=16384,C_READ_DEPTH_B=16384,C_ADDRB_WIDTH=14,C_SIM_COLLISION_CHECK="ALL",C_COMMON_CLK=0,C_COUNT_36K_BRAM="14",C_COUNT_18K_BRAM="1",C_EST_POWER_SUMMARY="Estimated_Power_for_IP_____:_____12.7204_mW") has a timescale but at least one module in design doesn't have timescale.
WARNING: [XSIM 43-4100] "/wrk/2017.4/nightly/2017_12_15_2086221/packages/customer/vivado/data/ip/xilinx/blk_mem_gen_v8_4/simulation/blk_mem_gen_v8_4.v" Line 1951. Module blk_mem_gen_v8_4_1_mem_module(C_FAMILY="artix7",C_XDEVICEFAMILY="artix7",C_MEM_TYPE=3,C_PRIM_TYPE=1,C_LOAD_INIT_FILE=1,C_INIT_FILE_NAME="pgrom.mif",C_INIT_FILE="pgrom.mem",C_HAS_ENA=0,C_WRITE_DEPTH_A=16384,C_READ_DEPTH_A=16384,C_ADDRA_WIDTH=14,C_INITB_VAL="0",C_HAS_ENB=0,C_WRITE_DEPTH_B=16384,C_READ_DEPTH_B=16384,C_ADDRB_WIDTH=14,C_SIM_COLLISION_CHECK="ALL",C_COMMON_CLK=0) has a timescale but at least one module in design doesn't have timescale.
WARNING: [XSIM 43-4100] "/wrk/2017.4/nightly/2017_12_15_2086221/packages/customer/vivado/data/ip/xilinx/blk_mem_gen_v8_4/simulation/blk_mem_gen_v8_4.v" Line 1563. Module blk_mem_gen_v8_4_1_output_stage(C_FAMILY="artix7",C_XDEVICEFAMILY="artix7",C_ADDRB_WIDTH=14,NUM_STAGES=0) has a timescale but at least one module in design doesn't have timescale.
WARNING: [XSIM 43-4100] "/wrk/2017.4/nightly/2017_12_15_2086221/packages/customer/vivado/data/ip/xilinx/blk_mem_gen_v8_4/simulation/blk_mem_gen_v8_4.v" Line 1563. Module blk_mem_gen_v8_4_1_output_stage(C_FAMILY="artix7",C_XDEVICEFAMILY="artix7",C_ADDRB_WIDTH=14,NUM_STAGES=0) has a timescale but at least one module in design doesn't have timescale.
WARNING: [XSIM 43-4100] "/wrk/2017.4/nightly/2017_12_15_2086221/packages/customer/vivado/data/ip/xilinx/blk_mem_gen_v8_4/simulation/blk_mem_gen_v8_4.v" Line 1859. Module blk_mem_gen_v8_4_1_softecc_output_reg_stage(C_ADDRB_WIDTH=14) has a timescale but at least one module in design doesn't have timescale.
WARNING: [XSIM 43-4100] "D:/GitHub/Computer-Organization-Project/pipelineCPU/pipelineCPU.srcs/sources_1/new/ID.v" Line 23. Module ID has a timescale but at least one module in design doesn't have timescale.
WARNING: [XSIM 43-4100] "D:/GitHub/Computer-Organization-Project/pipelineCPU/pipelineCPU.srcs/sources_1/new/EXE.v" Line 23. Module EXE has a timescale but at least one module in design doesn't have timescale.
WARNING: [XSIM 43-4100] "D:/GitHub/Computer-Organization-Project/pipelineCPU/pipelineCPU.srcs/sources_1/new/MEM.v" Line 23. Module MEM has a timescale but at least one module in design doesn't have timescale.
WARNING: [XSIM 43-4100] "D:/GitHub/Computer-Organization-Project/pipelineCPU/pipelineCPU.srcs/sources_1/ip/pgram/sim/pgram.v" Line 55. Module pgram has a timescale but at least one module in design doesn't have timescale.
WARNING: [XSIM 43-4100] "/wrk/2017.4/nightly/2017_12_15_2086221/packages/customer/vivado/data/ip/xilinx/blk_mem_gen_v8_4/simulation/blk_mem_gen_v8_4.v" Line 3412. Module blk_mem_gen_v8_4_1(C_FAMILY="artix7",C_XDEVICEFAMILY="artix7",C_ELABORATION_DIR="./",C_AXI_TYPE=1,C_MEM_TYPE=0,C_BYTE_SIZE=8,C_PRIM_TYPE=1,C_INIT_FILE_NAME="no_coe_file_loaded",C_INIT_FILE="pgram.mem",C_HAS_ENA=0,C_USE_BYTE_WEA=1,C_WEA_WIDTH=4,C_WRITE_DEPTH_A=16384,C_READ_DEPTH_A=16384,C_ADDRA_WIDTH=14,C_INITB_VAL="0",C_HAS_ENB=0,C_USE_BYTE_WEB=1,C_WEB_WIDTH=4,C_WRITE_DEPTH_B=16384,C_READ_DEPTH_B=16384,C_ADDRB_WIDTH=14,C_SIM_COLLISION_CHECK="ALL",C_COMMON_CLK=0,C_COUNT_36K_BRAM="16",C_COUNT_18K_BRAM="0",C_EST_POWER_SUMMARY="Estimated_Power_for_IP_____:_____10.194_mW") has a timescale but at least one module in design doesn't have timescale.
WARNING: [XSIM 43-4100] "/wrk/2017.4/nightly/2017_12_15_2086221/packages/customer/vivado/data/ip/xilinx/blk_mem_gen_v8_4/simulation/blk_mem_gen_v8_4.v" Line 1951. Module blk_mem_gen_v8_4_1_mem_module(C_FAMILY="artix7",C_XDEVICEFAMILY="artix7",C_MEM_TYPE=0,C_BYTE_SIZE=8,C_PRIM_TYPE=1,C_INIT_FILE_NAME="no_coe_file_loaded",C_INIT_FILE="pgram.mem",C_HAS_ENA=0,C_USE_BYTE_WEA=1,C_WEA_WIDTH=4,C_WRITE_DEPTH_A=16384,C_READ_DEPTH_A=16384,C_ADDRA_WIDTH=14,C_INITB_VAL="0",C_HAS_ENB=0,C_USE_BYTE_WEB=1,C_WEB_WIDTH=4,C_WRITE_DEPTH_B=16384,C_READ_DEPTH_B=16384,C_ADDRB_WIDTH=14,C_SIM_COLLISION_CHECK="ALL",C_COMMON_CLK=0) has a timescale but at least one module in design doesn't have timescale.
WARNING: [XSIM 43-4100] "/wrk/2017.4/nightly/2017_12_15_2086221/packages/customer/vivado/data/ip/xilinx/blk_mem_gen_v8_4/simulation/blk_mem_gen_v8_4.v" Line 1563. Module blk_mem_gen_v8_4_1_output_stage(C_FAMILY="artix7",C_XDEVICEFAMILY="artix7",C_ADDRB_WIDTH=14,NUM_STAGES=0) has a timescale but at least one module in design doesn't have timescale.
WARNING: [XSIM 43-4100] "/wrk/2017.4/nightly/2017_12_15_2086221/packages/customer/vivado/data/ip/xilinx/blk_mem_gen_v8_4/simulation/blk_mem_gen_v8_4.v" Line 1563. Module blk_mem_gen_v8_4_1_output_stage(C_FAMILY="artix7",C_XDEVICEFAMILY="artix7",C_ADDRB_WIDTH=14,NUM_STAGES=0) has a timescale but at least one module in design doesn't have timescale.
WARNING: [XSIM 43-4100] "/wrk/2017.4/nightly/2017_12_15_2086221/packages/customer/vivado/data/ip/xilinx/blk_mem_gen_v8_4/simulation/blk_mem_gen_v8_4.v" Line 1859. Module blk_mem_gen_v8_4_1_softecc_output_reg_stage(C_ADDRB_WIDTH=14) has a timescale but at least one module in design doesn't have timescale.
WARNING: [XSIM 43-4100] "D:/GitHub/Computer-Organization-Project/pipelineCPU/pipelineCPU.srcs/sources_1/new/WB.v" Line 1. Module WB has a timescale but at least one module in design doesn't have timescale.
WARNING: [XSIM 43-4100] "D:/GitHub/Computer-Organization-Project/pipelineCPU/pipelineCPU.srcs/sources_1/new/InputModule.v" Line 3. Module InputModule has a timescale but at least one module in design doesn't have timescale.
WARNING: [XSIM 43-4100] "D:/GitHub/Computer-Organization-Project/pipelineCPU/pipelineCPU.srcs/sources_1/new/OutputModule.v" Line 1. Module OutputModule has a timescale but at least one module in design doesn't have timescale.
WARNING: [XSIM 43-4100] "D:/GitHub/Computer-Organization-Project/pipelineCPU/pipelineCPU.srcs/sources_1/new/SegGenerator.v" Line 1. Module SegGenerator has a timescale but at least one module in design doesn't have timescale.
WARNING: [XSIM 43-4100] "D:/GitHub/Computer-Organization-Project/pipelineCPU/pipelineCPU.srcs/sources_1/new/ClockDivider.v" Line 1. Module ClockDivider has a timescale but at least one module in design doesn't have timescale.
WARNING: [XSIM 43-4100] "D:/GitHub/Computer-Organization-Project/pipelineCPU/pipelineCPU.srcs/sources_1/new/SegDisplay.v" Line 1. Module SegDisplay has a timescale but at least one module in design doesn't have timescale.
WARNING: [XSIM 43-4100] "D:/GitHub/Computer-Organization-Project/pipelineCPU/pipelineCPU.sim/sim_1/behav/xsim/glbl.v" Line 6. Module glbl has a timescale but at least one module in design doesn't have timescale.
Completed simulation data flow analysis
Time Resolution for simulation is 1ps
Compiling module xil_defaultlib.ClockDivider
Compiling module xil_defaultlib.HarzardDetection
Compiling module blk_mem_gen_v8_4_1.blk_mem_gen_v8_4_1_output_stage(...
Compiling module blk_mem_gen_v8_4_1.blk_mem_gen_v8_4_1_softecc_outpu...
Compiling module blk_mem_gen_v8_4_1.blk_mem_gen_v8_4_1_mem_module(C_...
Compiling module blk_mem_gen_v8_4_1.blk_mem_gen_v8_4_1(C_FAMILY="art...
Compiling module xil_defaultlib.pgrom
Compiling module xil_defaultlib.IF
Compiling module xil_defaultlib.ID
Compiling module xil_defaultlib.EXE
Compiling module blk_mem_gen_v8_4_1.blk_mem_gen_v8_4_1_mem_module(C_...
Compiling module blk_mem_gen_v8_4_1.blk_mem_gen_v8_4_1(C_FAMILY="art...
Compiling module xil_defaultlib.pgram
Compiling module xil_defaultlib.MEM
Compiling module xil_defaultlib.WB
Compiling module xil_defaultlib.InputModule
Compiling module xil_defaultlib.SegGenerator
Compiling module xil_defaultlib.SegDisplay
Compiling module xil_defaultlib.OutputModule
Compiling module xil_defaultlib.top_module
Compiling module xil_defaultlib.tb_pipeline
Compiling module xil_defaultlib.glbl
Built simulation snapshot tb_pipeline_behav
INFO: [USF-XSim-69] 'elaborate' step finished in '3' seconds
INFO: [USF-XSim-4] XSim::Simulate design
INFO: [USF-XSim-61] Executing 'SIMULATE' step in 'D:/GitHub/Computer-Organization-Project/pipelineCPU/pipelineCPU.sim/sim_1/behav/xsim'
INFO: [USF-XSim-98] *** Running xsim
   with args "tb_pipeline_behav -key {Behavioral:sim_1:Functional:tb_pipeline} -tclbatch {tb_pipeline.tcl} -view {D:/GitHub/Computer-Organization-Project/pipelineCPU/tb_pipeline_behav.wcfg} -log {simulate.log}"
INFO: [USF-XSim-8] Loading simulator feature
Vivado Simulator 2017.4
Time resolution is 1 ps
open_wave_config D:/GitHub/Computer-Organization-Project/pipelineCPU/tb_pipeline_behav.wcfg
source tb_pipeline.tcl
# set curr_wave [current_wave_config]
# if { [string length $curr_wave] == 0 } {
#   if { [llength [get_objects]] > 0} {
#     add_wave /
#     set_property needs_save false [current_wave_config]
#   } else {
#      send_msg_id Add_Wave-1 WARNING "No top level signals found. Simulator will start without a wave window. If you want to open a wave window go to 'File->New Waveform Configuration' or type 'create_wave_config' in the TCL console."
#   }
# }
# run 1000ns
 Block Memory Generator module loading initial data...
 Block Memory Generator data initialization complete.
Block Memory Generator module tb_pipeline.uut_tm.if_uut.urom.inst.native_mem_module.blk_mem_gen_v8_4_1_inst is using a behavioral model for simulation which will not precisely model memory collision behavior.
Block Memory Generator module tb_pipeline.uut_tm.mem_uut.udram.inst.native_mem_module.blk_mem_gen_v8_4_1_inst is using a behavioral model for simulation which will not precisely model memory collision behavior.
INFO: [USF-XSim-96] XSim completed. Design snapshot 'tb_pipeline_behav' loaded.
INFO: [USF-XSim-97] XSim simulation ran for 1000ns
launch_simulation: Time (s): cpu = 00:00:03 ; elapsed = 00:00:07 . Memory (MB): peak = 2983.551 ; gain = 0.000
update_compile_order -fileset sim_1
close_sim
INFO: [Simtcl 6-16] Simulation closed
launch_simulation
INFO: [Vivado 12-5698] Checking validity of IPs in the design for the 'XSim' simulator...
INFO: [Vivado 12-5682] Launching behavioral simulation in 'D:/GitHub/Computer-Organization-Project/pipelineCPU/pipelineCPU.sim/sim_1/behav/xsim'
INFO: [Vivado 12-4795] Using compiled simulation libraries for IPs
INFO: [SIM-utils-51] Simulation object is 'sim_1'
INFO: [USF-XSim-7] Finding pre-compiled libraries...
INFO: [USF-XSim-11] File 'D:/Xilinx/Vivado/2017.4/data/xsim/ip/xsim_ip.ini' copied to run dir:'D:/GitHub/Computer-Organization-Project/pipelineCPU/pipelineCPU.sim/sim_1/behav/xsim'
INFO: [SIM-utils-54] Inspecting design source files for 'tb_pipeline' in fileset 'sim_1'...
INFO: [SIM-utils-43] Exported 'D:/GitHub/Computer-Organization-Project/pipelineCPU/pipelineCPU.sim/sim_1/behav/xsim/pgrom.mif'
INFO: [SIM-utils-43] Exported 'D:/GitHub/Computer-Organization-Project/pipelineCPU/pipelineCPU.sim/sim_1/behav/xsim/test_jbc_2.coe'
INFO: [SIM-utils-43] Exported 'D:/GitHub/Computer-Organization-Project/pipelineCPU/pipelineCPU.sim/sim_1/behav/xsim/test1ROM.coe'
INFO: [SIM-utils-43] Exported 'D:/GitHub/Computer-Organization-Project/pipelineCPU/pipelineCPU.sim/sim_1/behav/xsim/test9ROM.coe'
INFO: [SIM-utils-43] Exported 'D:/GitHub/Computer-Organization-Project/pipelineCPU/pipelineCPU.sim/sim_1/behav/xsim/BaseTest1ROM.coe'
INFO: [SIM-utils-43] Exported 'D:/GitHub/Computer-Organization-Project/pipelineCPU/pipelineCPU.sim/sim_1/behav/xsim/test_jbc_1.coe'
INFO: [USF-XSim-97] Finding global include files...
INFO: [USF-XSim-98] Fetching design files from 'sim_1'...
INFO: [USF-XSim-2] XSim::Compile design
INFO: [USF-XSim-61] Executing 'COMPILE and ANALYZE' step in 'D:/GitHub/Computer-Organization-Project/pipelineCPU/pipelineCPU.sim/sim_1/behav/xsim'
"xvlog --incr --relax -L xil_defaultlib -prj tb_pipeline_vlog.prj"
INFO: [VRFC 10-2263] Analyzing Verilog file "D:/GitHub/Computer-Organization-Project/pipelineCPU/pipelineCPU.srcs/sources_1/new/InputModule.v" into library xil_defaultlib
INFO: [VRFC 10-311] analyzing module InputModule
INFO: [VRFC 10-2263] Analyzing Verilog file "D:/GitHub/Computer-Organization-Project/pipelineCPU/pipelineCPU.srcs/sim_1/new/tb_InputModule.v" into library xil_defaultlib
INFO: [VRFC 10-311] analyzing module tb_InputModule
INFO: [VRFC 10-2263] Analyzing SystemVerilog file "D:/GitHub/Computer-Organization-Project/pipelineCPU/pipelineCPU.srcs/sources_1/new/ID.v" into library xil_defaultlib
INFO: [VRFC 10-311] analyzing module ID
INFO: [VRFC 10-2263] Analyzing SystemVerilog file "D:/GitHub/Computer-Organization-Project/pipelineCPU/pipelineCPU.srcs/sources_1/new/WB.v" into library xil_defaultlib
INFO: [VRFC 10-311] analyzing module WB
INFO: [VRFC 10-2263] Analyzing SystemVerilog file "D:/GitHub/Computer-Organization-Project/pipelineCPU/pipelineCPU.srcs/sources_1/new/top_module.v" into library xil_defaultlib
INFO: [VRFC 10-311] analyzing module top_module
INFO: [USF-XSim-69] 'compile' step finished in '1' seconds
INFO: [USF-XSim-3] XSim::Elaborate design
INFO: [USF-XSim-61] Executing 'ELABORATE' step in 'D:/GitHub/Computer-Organization-Project/pipelineCPU/pipelineCPU.sim/sim_1/behav/xsim'
Vivado Simulator 2017.4
Copyright 1986-1999, 2001-2016 Xilinx, Inc. All Rights Reserved.
Running: D:/Xilinx/Vivado/2017.4/bin/unwrapped/win64.o/xelab.exe -wto 374ad2d08ccb4635b2dbbca0a3224143 --incr --debug typical --relax --mt 2 -L blk_mem_gen_v8_4_1 -L xil_defaultlib -L unisims_ver -L unimacro_ver -L secureip -L xpm --snapshot tb_pipeline_behav xil_defaultlib.tb_pipeline xil_defaultlib.glbl -log elaborate.log 
Using 2 slave threads.
Starting static elaboration
WARNING: [VRFC 10-278] actual bit length 32 differs from formal bit length 4 for port wea [D:/GitHub/Computer-Organization-Project/pipelineCPU/pipelineCPU.srcs/sources_1/new/MEM.v:68]
WARNING: [VRFC 10-1783] select index 62 into current_contents is out of bounds [/wrk/2017.4/nightly/2017_12_15_2086221/packages/customer/vivado/data/ip/xilinx/blk_mem_gen_v8_4/simulation/blk_mem_gen_v8_4.v:2420]
Completed static elaboration
Starting simulation data flow analysis
WARNING: [XSIM 43-4100] "D:/GitHub/Computer-Organization-Project/pipelineCPU/pipelineCPU.srcs/sources_1/new/top_module.v" Line 3. Module top_module has a timescale but at least one module in design doesn't have timescale.
WARNING: [XSIM 43-4100] "D:/GitHub/Computer-Organization-Project/pipelineCPU/pipelineCPU.srcs/sources_1/new/ClockDivider.v" Line 1. Module ClockDivider has a timescale but at least one module in design doesn't have timescale.
WARNING: [XSIM 43-4100] "D:/GitHub/Computer-Organization-Project/pipelineCPU/pipelineCPU.srcs/sources_1/new/ClockDivider.v" Line 1. Module ClockDivider has a timescale but at least one module in design doesn't have timescale.
WARNING: [XSIM 43-4100] "D:/GitHub/Computer-Organization-Project/pipelineCPU/pipelineCPU.srcs/sources_1/new/HarzardDetection.v" Line 3. Module HarzardDetection has a timescale but at least one module in design doesn't have timescale.
WARNING: [XSIM 43-4100] "D:/GitHub/Computer-Organization-Project/pipelineCPU/pipelineCPU.srcs/sources_1/new/IF.v" Line 23. Module IF has a timescale but at least one module in design doesn't have timescale.
WARNING: [XSIM 43-4100] "D:/GitHub/Computer-Organization-Project/pipelineCPU/pipelineCPU.srcs/sources_1/ip/pgrom/sim/pgrom.v" Line 55. Module pgrom has a timescale but at least one module in design doesn't have timescale.
WARNING: [XSIM 43-4100] "/wrk/2017.4/nightly/2017_12_15_2086221/packages/customer/vivado/data/ip/xilinx/blk_mem_gen_v8_4/simulation/blk_mem_gen_v8_4.v" Line 3412. Module blk_mem_gen_v8_4_1(C_FAMILY="artix7",C_XDEVICEFAMILY="artix7",C_ELABORATION_DIR="./",C_AXI_TYPE=1,C_MEM_TYPE=3,C_PRIM_TYPE=1,C_LOAD_INIT_FILE=1,C_INIT_FILE_NAME="pgrom.mif",C_INIT_FILE="pgrom.mem",C_HAS_ENA=0,C_WRITE_DEPTH_A=16384,C_READ_DEPTH_A=16384,C_ADDRA_WIDTH=14,C_INITB_VAL="0",C_HAS_ENB=0,C_WRITE_DEPTH_B=16384,C_READ_DEPTH_B=16384,C_ADDRB_WIDTH=14,C_SIM_COLLISION_CHECK="ALL",C_COMMON_CLK=0,C_COUNT_36K_BRAM="14",C_COUNT_18K_BRAM="1",C_EST_POWER_SUMMARY="Estimated_Power_for_IP_____:_____12.7204_mW") has a timescale but at least one module in design doesn't have timescale.
WARNING: [XSIM 43-4100] "/wrk/2017.4/nightly/2017_12_15_2086221/packages/customer/vivado/data/ip/xilinx/blk_mem_gen_v8_4/simulation/blk_mem_gen_v8_4.v" Line 1951. Module blk_mem_gen_v8_4_1_mem_module(C_FAMILY="artix7",C_XDEVICEFAMILY="artix7",C_MEM_TYPE=3,C_PRIM_TYPE=1,C_LOAD_INIT_FILE=1,C_INIT_FILE_NAME="pgrom.mif",C_INIT_FILE="pgrom.mem",C_HAS_ENA=0,C_WRITE_DEPTH_A=16384,C_READ_DEPTH_A=16384,C_ADDRA_WIDTH=14,C_INITB_VAL="0",C_HAS_ENB=0,C_WRITE_DEPTH_B=16384,C_READ_DEPTH_B=16384,C_ADDRB_WIDTH=14,C_SIM_COLLISION_CHECK="ALL",C_COMMON_CLK=0) has a timescale but at least one module in design doesn't have timescale.
WARNING: [XSIM 43-4100] "/wrk/2017.4/nightly/2017_12_15_2086221/packages/customer/vivado/data/ip/xilinx/blk_mem_gen_v8_4/simulation/blk_mem_gen_v8_4.v" Line 1563. Module blk_mem_gen_v8_4_1_output_stage(C_FAMILY="artix7",C_XDEVICEFAMILY="artix7",C_ADDRB_WIDTH=14,NUM_STAGES=0) has a timescale but at least one module in design doesn't have timescale.
WARNING: [XSIM 43-4100] "/wrk/2017.4/nightly/2017_12_15_2086221/packages/customer/vivado/data/ip/xilinx/blk_mem_gen_v8_4/simulation/blk_mem_gen_v8_4.v" Line 1563. Module blk_mem_gen_v8_4_1_output_stage(C_FAMILY="artix7",C_XDEVICEFAMILY="artix7",C_ADDRB_WIDTH=14,NUM_STAGES=0) has a timescale but at least one module in design doesn't have timescale.
WARNING: [XSIM 43-4100] "/wrk/2017.4/nightly/2017_12_15_2086221/packages/customer/vivado/data/ip/xilinx/blk_mem_gen_v8_4/simulation/blk_mem_gen_v8_4.v" Line 1859. Module blk_mem_gen_v8_4_1_softecc_output_reg_stage(C_ADDRB_WIDTH=14) has a timescale but at least one module in design doesn't have timescale.
WARNING: [XSIM 43-4100] "D:/GitHub/Computer-Organization-Project/pipelineCPU/pipelineCPU.srcs/sources_1/new/ID.v" Line 23. Module ID has a timescale but at least one module in design doesn't have timescale.
WARNING: [XSIM 43-4100] "D:/GitHub/Computer-Organization-Project/pipelineCPU/pipelineCPU.srcs/sources_1/new/EXE.v" Line 23. Module EXE has a timescale but at least one module in design doesn't have timescale.
WARNING: [XSIM 43-4100] "D:/GitHub/Computer-Organization-Project/pipelineCPU/pipelineCPU.srcs/sources_1/new/MEM.v" Line 23. Module MEM has a timescale but at least one module in design doesn't have timescale.
WARNING: [XSIM 43-4100] "D:/GitHub/Computer-Organization-Project/pipelineCPU/pipelineCPU.srcs/sources_1/ip/pgram/sim/pgram.v" Line 55. Module pgram has a timescale but at least one module in design doesn't have timescale.
WARNING: [XSIM 43-4100] "/wrk/2017.4/nightly/2017_12_15_2086221/packages/customer/vivado/data/ip/xilinx/blk_mem_gen_v8_4/simulation/blk_mem_gen_v8_4.v" Line 3412. Module blk_mem_gen_v8_4_1(C_FAMILY="artix7",C_XDEVICEFAMILY="artix7",C_ELABORATION_DIR="./",C_AXI_TYPE=1,C_MEM_TYPE=0,C_BYTE_SIZE=8,C_PRIM_TYPE=1,C_INIT_FILE_NAME="no_coe_file_loaded",C_INIT_FILE="pgram.mem",C_HAS_ENA=0,C_USE_BYTE_WEA=1,C_WEA_WIDTH=4,C_WRITE_DEPTH_A=16384,C_READ_DEPTH_A=16384,C_ADDRA_WIDTH=14,C_INITB_VAL="0",C_HAS_ENB=0,C_USE_BYTE_WEB=1,C_WEB_WIDTH=4,C_WRITE_DEPTH_B=16384,C_READ_DEPTH_B=16384,C_ADDRB_WIDTH=14,C_SIM_COLLISION_CHECK="ALL",C_COMMON_CLK=0,C_COUNT_36K_BRAM="16",C_COUNT_18K_BRAM="0",C_EST_POWER_SUMMARY="Estimated_Power_for_IP_____:_____10.194_mW") has a timescale but at least one module in design doesn't have timescale.
WARNING: [XSIM 43-4100] "/wrk/2017.4/nightly/2017_12_15_2086221/packages/customer/vivado/data/ip/xilinx/blk_mem_gen_v8_4/simulation/blk_mem_gen_v8_4.v" Line 1951. Module blk_mem_gen_v8_4_1_mem_module(C_FAMILY="artix7",C_XDEVICEFAMILY="artix7",C_MEM_TYPE=0,C_BYTE_SIZE=8,C_PRIM_TYPE=1,C_INIT_FILE_NAME="no_coe_file_loaded",C_INIT_FILE="pgram.mem",C_HAS_ENA=0,C_USE_BYTE_WEA=1,C_WEA_WIDTH=4,C_WRITE_DEPTH_A=16384,C_READ_DEPTH_A=16384,C_ADDRA_WIDTH=14,C_INITB_VAL="0",C_HAS_ENB=0,C_USE_BYTE_WEB=1,C_WEB_WIDTH=4,C_WRITE_DEPTH_B=16384,C_READ_DEPTH_B=16384,C_ADDRB_WIDTH=14,C_SIM_COLLISION_CHECK="ALL",C_COMMON_CLK=0) has a timescale but at least one module in design doesn't have timescale.
WARNING: [XSIM 43-4100] "/wrk/2017.4/nightly/2017_12_15_2086221/packages/customer/vivado/data/ip/xilinx/blk_mem_gen_v8_4/simulation/blk_mem_gen_v8_4.v" Line 1563. Module blk_mem_gen_v8_4_1_output_stage(C_FAMILY="artix7",C_XDEVICEFAMILY="artix7",C_ADDRB_WIDTH=14,NUM_STAGES=0) has a timescale but at least one module in design doesn't have timescale.
WARNING: [XSIM 43-4100] "/wrk/2017.4/nightly/2017_12_15_2086221/packages/customer/vivado/data/ip/xilinx/blk_mem_gen_v8_4/simulation/blk_mem_gen_v8_4.v" Line 1563. Module blk_mem_gen_v8_4_1_output_stage(C_FAMILY="artix7",C_XDEVICEFAMILY="artix7",C_ADDRB_WIDTH=14,NUM_STAGES=0) has a timescale but at least one module in design doesn't have timescale.
WARNING: [XSIM 43-4100] "/wrk/2017.4/nightly/2017_12_15_2086221/packages/customer/vivado/data/ip/xilinx/blk_mem_gen_v8_4/simulation/blk_mem_gen_v8_4.v" Line 1859. Module blk_mem_gen_v8_4_1_softecc_output_reg_stage(C_ADDRB_WIDTH=14) has a timescale but at least one module in design doesn't have timescale.
WARNING: [XSIM 43-4100] "D:/GitHub/Computer-Organization-Project/pipelineCPU/pipelineCPU.srcs/sources_1/new/WB.v" Line 1. Module WB has a timescale but at least one module in design doesn't have timescale.
WARNING: [XSIM 43-4100] "D:/GitHub/Computer-Organization-Project/pipelineCPU/pipelineCPU.srcs/sources_1/new/InputModule.v" Line 3. Module InputModule has a timescale but at least one module in design doesn't have timescale.
WARNING: [XSIM 43-4100] "D:/GitHub/Computer-Organization-Project/pipelineCPU/pipelineCPU.srcs/sources_1/new/OutputModule.v" Line 1. Module OutputModule has a timescale but at least one module in design doesn't have timescale.
WARNING: [XSIM 43-4100] "D:/GitHub/Computer-Organization-Project/pipelineCPU/pipelineCPU.srcs/sources_1/new/SegGenerator.v" Line 1. Module SegGenerator has a timescale but at least one module in design doesn't have timescale.
WARNING: [XSIM 43-4100] "D:/GitHub/Computer-Organization-Project/pipelineCPU/pipelineCPU.srcs/sources_1/new/ClockDivider.v" Line 1. Module ClockDivider has a timescale but at least one module in design doesn't have timescale.
WARNING: [XSIM 43-4100] "D:/GitHub/Computer-Organization-Project/pipelineCPU/pipelineCPU.srcs/sources_1/new/SegDisplay.v" Line 1. Module SegDisplay has a timescale but at least one module in design doesn't have timescale.
WARNING: [XSIM 43-4100] "D:/GitHub/Computer-Organization-Project/pipelineCPU/pipelineCPU.sim/sim_1/behav/xsim/glbl.v" Line 6. Module glbl has a timescale but at least one module in design doesn't have timescale.
Completed simulation data flow analysis
Time Resolution for simulation is 1ps
Compiling module xil_defaultlib.ClockDivider
Compiling module xil_defaultlib.HarzardDetection
Compiling module blk_mem_gen_v8_4_1.blk_mem_gen_v8_4_1_output_stage(...
Compiling module blk_mem_gen_v8_4_1.blk_mem_gen_v8_4_1_softecc_outpu...
Compiling module blk_mem_gen_v8_4_1.blk_mem_gen_v8_4_1_mem_module(C_...
Compiling module blk_mem_gen_v8_4_1.blk_mem_gen_v8_4_1(C_FAMILY="art...
Compiling module xil_defaultlib.pgrom
Compiling module xil_defaultlib.IF
Compiling module xil_defaultlib.ID
Compiling module xil_defaultlib.EXE
Compiling module blk_mem_gen_v8_4_1.blk_mem_gen_v8_4_1_mem_module(C_...
Compiling module blk_mem_gen_v8_4_1.blk_mem_gen_v8_4_1(C_FAMILY="art...
Compiling module xil_defaultlib.pgram
Compiling module xil_defaultlib.MEM
Compiling module xil_defaultlib.WB
Compiling module xil_defaultlib.InputModule
Compiling module xil_defaultlib.SegGenerator
Compiling module xil_defaultlib.SegDisplay
Compiling module xil_defaultlib.OutputModule
Compiling module xil_defaultlib.top_module
Compiling module xil_defaultlib.tb_pipeline
Compiling module xil_defaultlib.glbl
Built simulation snapshot tb_pipeline_behav
INFO: [USF-XSim-69] 'elaborate' step finished in '3' seconds
INFO: [USF-XSim-4] XSim::Simulate design
INFO: [USF-XSim-61] Executing 'SIMULATE' step in 'D:/GitHub/Computer-Organization-Project/pipelineCPU/pipelineCPU.sim/sim_1/behav/xsim'
INFO: [USF-XSim-98] *** Running xsim
   with args "tb_pipeline_behav -key {Behavioral:sim_1:Functional:tb_pipeline} -tclbatch {tb_pipeline.tcl} -view {D:/GitHub/Computer-Organization-Project/pipelineCPU/tb_pipeline_behav.wcfg} -log {simulate.log}"
INFO: [USF-XSim-8] Loading simulator feature
Vivado Simulator 2017.4
Time resolution is 1 ps
open_wave_config D:/GitHub/Computer-Organization-Project/pipelineCPU/tb_pipeline_behav.wcfg
source tb_pipeline.tcl
# set curr_wave [current_wave_config]
# if { [string length $curr_wave] == 0 } {
#   if { [llength [get_objects]] > 0} {
#     add_wave /
#     set_property needs_save false [current_wave_config]
#   } else {
#      send_msg_id Add_Wave-1 WARNING "No top level signals found. Simulator will start without a wave window. If you want to open a wave window go to 'File->New Waveform Configuration' or type 'create_wave_config' in the TCL console."
#   }
# }
# run 1000ns
 Block Memory Generator module loading initial data...
 Block Memory Generator data initialization complete.
Block Memory Generator module tb_pipeline.uut_tm.if_uut.urom.inst.native_mem_module.blk_mem_gen_v8_4_1_inst is using a behavioral model for simulation which will not precisely model memory collision behavior.
Block Memory Generator module tb_pipeline.uut_tm.mem_uut.udram.inst.native_mem_module.blk_mem_gen_v8_4_1_inst is using a behavioral model for simulation which will not precisely model memory collision behavior.
INFO: [USF-XSim-96] XSim completed. Design snapshot 'tb_pipeline_behav' loaded.
INFO: [USF-XSim-97] XSim simulation ran for 1000ns
launch_simulation: Time (s): cpu = 00:00:04 ; elapsed = 00:00:17 . Memory (MB): peak = 2985.797 ; gain = 0.000
add_wave {{/tb_pipeline/uut_tm/done_input}} 
add_wave {{/tb_pipeline/uut_tm/en_input}} 
save_wave_config {D:/GitHub/Computer-Organization-Project/pipelineCPU/tb_pipeline_behav.wcfg}
close_sim
INFO: [Simtcl 6-16] Simulation closed
launch_simulation
INFO: [Vivado 12-5698] Checking validity of IPs in the design for the 'XSim' simulator...
INFO: [Vivado 12-5682] Launching behavioral simulation in 'D:/GitHub/Computer-Organization-Project/pipelineCPU/pipelineCPU.sim/sim_1/behav/xsim'
INFO: [Vivado 12-4795] Using compiled simulation libraries for IPs
INFO: [SIM-utils-51] Simulation object is 'sim_1'
INFO: [USF-XSim-7] Finding pre-compiled libraries...
INFO: [USF-XSim-11] File 'D:/Xilinx/Vivado/2017.4/data/xsim/ip/xsim_ip.ini' copied to run dir:'D:/GitHub/Computer-Organization-Project/pipelineCPU/pipelineCPU.sim/sim_1/behav/xsim'
INFO: [SIM-utils-54] Inspecting design source files for 'tb_pipeline' in fileset 'sim_1'...
INFO: [SIM-utils-43] Exported 'D:/GitHub/Computer-Organization-Project/pipelineCPU/pipelineCPU.sim/sim_1/behav/xsim/pgrom.mif'
INFO: [SIM-utils-43] Exported 'D:/GitHub/Computer-Organization-Project/pipelineCPU/pipelineCPU.sim/sim_1/behav/xsim/test_jbc_2.coe'
INFO: [SIM-utils-43] Exported 'D:/GitHub/Computer-Organization-Project/pipelineCPU/pipelineCPU.sim/sim_1/behav/xsim/test1ROM.coe'
INFO: [SIM-utils-43] Exported 'D:/GitHub/Computer-Organization-Project/pipelineCPU/pipelineCPU.sim/sim_1/behav/xsim/test9ROM.coe'
INFO: [SIM-utils-43] Exported 'D:/GitHub/Computer-Organization-Project/pipelineCPU/pipelineCPU.sim/sim_1/behav/xsim/BaseTest1ROM.coe'
INFO: [SIM-utils-43] Exported 'D:/GitHub/Computer-Organization-Project/pipelineCPU/pipelineCPU.sim/sim_1/behav/xsim/test_jbc_1.coe'
INFO: [USF-XSim-97] Finding global include files...
INFO: [USF-XSim-98] Fetching design files from 'sim_1'...
INFO: [USF-XSim-2] XSim::Compile design
INFO: [USF-XSim-61] Executing 'COMPILE and ANALYZE' step in 'D:/GitHub/Computer-Organization-Project/pipelineCPU/pipelineCPU.sim/sim_1/behav/xsim'
"xvlog --incr --relax -L xil_defaultlib -prj tb_pipeline_vlog.prj"
INFO: [USF-XSim-69] 'compile' step finished in '1' seconds
INFO: [USF-XSim-3] XSim::Elaborate design
INFO: [USF-XSim-61] Executing 'ELABORATE' step in 'D:/GitHub/Computer-Organization-Project/pipelineCPU/pipelineCPU.sim/sim_1/behav/xsim'
Vivado Simulator 2017.4
Copyright 1986-1999, 2001-2016 Xilinx, Inc. All Rights Reserved.
Running: D:/Xilinx/Vivado/2017.4/bin/unwrapped/win64.o/xelab.exe -wto 374ad2d08ccb4635b2dbbca0a3224143 --incr --debug typical --relax --mt 2 -L blk_mem_gen_v8_4_1 -L xil_defaultlib -L unisims_ver -L unimacro_ver -L secureip -L xpm --snapshot tb_pipeline_behav xil_defaultlib.tb_pipeline xil_defaultlib.glbl -log elaborate.log 
Using 2 slave threads.
Starting static elaboration
WARNING: [VRFC 10-278] actual bit length 32 differs from formal bit length 4 for port wea [D:/GitHub/Computer-Organization-Project/pipelineCPU/pipelineCPU.srcs/sources_1/new/MEM.v:68]
WARNING: [VRFC 10-1783] select index 62 into current_contents is out of bounds [/wrk/2017.4/nightly/2017_12_15_2086221/packages/customer/vivado/data/ip/xilinx/blk_mem_gen_v8_4/simulation/blk_mem_gen_v8_4.v:2420]
Completed static elaboration
INFO: [XSIM 43-4323] No Change in HDL. Linking previously generated obj files to create kernel
INFO: [USF-XSim-69] 'elaborate' step finished in '1' seconds
INFO: [USF-XSim-4] XSim::Simulate design
INFO: [USF-XSim-61] Executing 'SIMULATE' step in 'D:/GitHub/Computer-Organization-Project/pipelineCPU/pipelineCPU.sim/sim_1/behav/xsim'
INFO: [USF-XSim-98] *** Running xsim
   with args "tb_pipeline_behav -key {Behavioral:sim_1:Functional:tb_pipeline} -tclbatch {tb_pipeline.tcl} -view {D:/GitHub/Computer-Organization-Project/pipelineCPU/tb_pipeline_behav.wcfg} -log {simulate.log}"
INFO: [USF-XSim-8] Loading simulator feature
Vivado Simulator 2017.4
Time resolution is 1 ps
open_wave_config D:/GitHub/Computer-Organization-Project/pipelineCPU/tb_pipeline_behav.wcfg
source tb_pipeline.tcl
# set curr_wave [current_wave_config]
# if { [string length $curr_wave] == 0 } {
#   if { [llength [get_objects]] > 0} {
#     add_wave /
#     set_property needs_save false [current_wave_config]
#   } else {
#      send_msg_id Add_Wave-1 WARNING "No top level signals found. Simulator will start without a wave window. If you want to open a wave window go to 'File->New Waveform Configuration' or type 'create_wave_config' in the TCL console."
#   }
# }
# run 1000ns
 Block Memory Generator module loading initial data...
 Block Memory Generator data initialization complete.
Block Memory Generator module tb_pipeline.uut_tm.if_uut.urom.inst.native_mem_module.blk_mem_gen_v8_4_1_inst is using a behavioral model for simulation which will not precisely model memory collision behavior.
Block Memory Generator module tb_pipeline.uut_tm.mem_uut.udram.inst.native_mem_module.blk_mem_gen_v8_4_1_inst is using a behavioral model for simulation which will not precisely model memory collision behavior.
INFO: [USF-XSim-96] XSim completed. Design snapshot 'tb_pipeline_behav' loaded.
INFO: [USF-XSim-97] XSim simulation ran for 1000ns
launch_simulation: Time (s): cpu = 00:00:03 ; elapsed = 00:00:15 . Memory (MB): peak = 2987.188 ; gain = 0.000
add_wave {{/tb_pipeline/uut_tm/done}} 
save_wave_config {D:/GitHub/Computer-Organization-Project/pipelineCPU/tb_pipeline_behav.wcfg}
close_sim
INFO: [Simtcl 6-16] Simulation closed
launch_simulation
INFO: [Vivado 12-5698] Checking validity of IPs in the design for the 'XSim' simulator...
INFO: [Vivado 12-5682] Launching behavioral simulation in 'D:/GitHub/Computer-Organization-Project/pipelineCPU/pipelineCPU.sim/sim_1/behav/xsim'
INFO: [Vivado 12-4795] Using compiled simulation libraries for IPs
INFO: [SIM-utils-51] Simulation object is 'sim_1'
INFO: [USF-XSim-7] Finding pre-compiled libraries...
INFO: [USF-XSim-11] File 'D:/Xilinx/Vivado/2017.4/data/xsim/ip/xsim_ip.ini' copied to run dir:'D:/GitHub/Computer-Organization-Project/pipelineCPU/pipelineCPU.sim/sim_1/behav/xsim'
INFO: [SIM-utils-54] Inspecting design source files for 'tb_pipeline' in fileset 'sim_1'...
INFO: [SIM-utils-43] Exported 'D:/GitHub/Computer-Organization-Project/pipelineCPU/pipelineCPU.sim/sim_1/behav/xsim/pgrom.mif'
INFO: [SIM-utils-43] Exported 'D:/GitHub/Computer-Organization-Project/pipelineCPU/pipelineCPU.sim/sim_1/behav/xsim/test_jbc_2.coe'
INFO: [SIM-utils-43] Exported 'D:/GitHub/Computer-Organization-Project/pipelineCPU/pipelineCPU.sim/sim_1/behav/xsim/test1ROM.coe'
INFO: [SIM-utils-43] Exported 'D:/GitHub/Computer-Organization-Project/pipelineCPU/pipelineCPU.sim/sim_1/behav/xsim/test9ROM.coe'
INFO: [SIM-utils-43] Exported 'D:/GitHub/Computer-Organization-Project/pipelineCPU/pipelineCPU.sim/sim_1/behav/xsim/BaseTest1ROM.coe'
INFO: [SIM-utils-43] Exported 'D:/GitHub/Computer-Organization-Project/pipelineCPU/pipelineCPU.sim/sim_1/behav/xsim/test_jbc_1.coe'
INFO: [USF-XSim-97] Finding global include files...
INFO: [USF-XSim-98] Fetching design files from 'sim_1'...
INFO: [USF-XSim-2] XSim::Compile design
INFO: [USF-XSim-61] Executing 'COMPILE and ANALYZE' step in 'D:/GitHub/Computer-Organization-Project/pipelineCPU/pipelineCPU.sim/sim_1/behav/xsim'
"xvlog --incr --relax -L xil_defaultlib -prj tb_pipeline_vlog.prj"
INFO: [USF-XSim-69] 'compile' step finished in '1' seconds
INFO: [USF-XSim-3] XSim::Elaborate design
INFO: [USF-XSim-61] Executing 'ELABORATE' step in 'D:/GitHub/Computer-Organization-Project/pipelineCPU/pipelineCPU.sim/sim_1/behav/xsim'
Vivado Simulator 2017.4
Copyright 1986-1999, 2001-2016 Xilinx, Inc. All Rights Reserved.
Running: D:/Xilinx/Vivado/2017.4/bin/unwrapped/win64.o/xelab.exe -wto 374ad2d08ccb4635b2dbbca0a3224143 --incr --debug typical --relax --mt 2 -L blk_mem_gen_v8_4_1 -L xil_defaultlib -L unisims_ver -L unimacro_ver -L secureip -L xpm --snapshot tb_pipeline_behav xil_defaultlib.tb_pipeline xil_defaultlib.glbl -log elaborate.log 
Using 2 slave threads.
Starting static elaboration
WARNING: [VRFC 10-278] actual bit length 32 differs from formal bit length 4 for port wea [D:/GitHub/Computer-Organization-Project/pipelineCPU/pipelineCPU.srcs/sources_1/new/MEM.v:68]
WARNING: [VRFC 10-1783] select index 62 into current_contents is out of bounds [/wrk/2017.4/nightly/2017_12_15_2086221/packages/customer/vivado/data/ip/xilinx/blk_mem_gen_v8_4/simulation/blk_mem_gen_v8_4.v:2420]
Completed static elaboration
INFO: [XSIM 43-4323] No Change in HDL. Linking previously generated obj files to create kernel
INFO: [USF-XSim-69] 'elaborate' step finished in '1' seconds
INFO: [USF-XSim-4] XSim::Simulate design
INFO: [USF-XSim-61] Executing 'SIMULATE' step in 'D:/GitHub/Computer-Organization-Project/pipelineCPU/pipelineCPU.sim/sim_1/behav/xsim'
INFO: [USF-XSim-98] *** Running xsim
   with args "tb_pipeline_behav -key {Behavioral:sim_1:Functional:tb_pipeline} -tclbatch {tb_pipeline.tcl} -view {D:/GitHub/Computer-Organization-Project/pipelineCPU/tb_pipeline_behav.wcfg} -log {simulate.log}"
INFO: [USF-XSim-8] Loading simulator feature
Vivado Simulator 2017.4
Time resolution is 1 ps
open_wave_config D:/GitHub/Computer-Organization-Project/pipelineCPU/tb_pipeline_behav.wcfg
source tb_pipeline.tcl
# set curr_wave [current_wave_config]
# if { [string length $curr_wave] == 0 } {
#   if { [llength [get_objects]] > 0} {
#     add_wave /
#     set_property needs_save false [current_wave_config]
#   } else {
#      send_msg_id Add_Wave-1 WARNING "No top level signals found. Simulator will start without a wave window. If you want to open a wave window go to 'File->New Waveform Configuration' or type 'create_wave_config' in the TCL console."
#   }
# }
# run 1000ns
 Block Memory Generator module loading initial data...
 Block Memory Generator data initialization complete.
Block Memory Generator module tb_pipeline.uut_tm.if_uut.urom.inst.native_mem_module.blk_mem_gen_v8_4_1_inst is using a behavioral model for simulation which will not precisely model memory collision behavior.
Block Memory Generator module tb_pipeline.uut_tm.mem_uut.udram.inst.native_mem_module.blk_mem_gen_v8_4_1_inst is using a behavioral model for simulation which will not precisely model memory collision behavior.
INFO: [USF-XSim-96] XSim completed. Design snapshot 'tb_pipeline_behav' loaded.
INFO: [USF-XSim-97] XSim simulation ran for 1000ns
launch_simulation: Time (s): cpu = 00:00:03 ; elapsed = 00:00:15 . Memory (MB): peak = 2987.188 ; gain = 0.000
close_sim
INFO: [Simtcl 6-16] Simulation closed
launch_simulation
INFO: [Vivado 12-5698] Checking validity of IPs in the design for the 'XSim' simulator...
INFO: [Vivado 12-5682] Launching behavioral simulation in 'D:/GitHub/Computer-Organization-Project/pipelineCPU/pipelineCPU.sim/sim_1/behav/xsim'
INFO: [Vivado 12-4795] Using compiled simulation libraries for IPs
INFO: [SIM-utils-51] Simulation object is 'sim_1'
INFO: [USF-XSim-7] Finding pre-compiled libraries...
INFO: [USF-XSim-11] File 'D:/Xilinx/Vivado/2017.4/data/xsim/ip/xsim_ip.ini' copied to run dir:'D:/GitHub/Computer-Organization-Project/pipelineCPU/pipelineCPU.sim/sim_1/behav/xsim'
INFO: [SIM-utils-54] Inspecting design source files for 'tb_pipeline' in fileset 'sim_1'...
INFO: [SIM-utils-43] Exported 'D:/GitHub/Computer-Organization-Project/pipelineCPU/pipelineCPU.sim/sim_1/behav/xsim/pgrom.mif'
INFO: [SIM-utils-43] Exported 'D:/GitHub/Computer-Organization-Project/pipelineCPU/pipelineCPU.sim/sim_1/behav/xsim/test_jbc_2.coe'
INFO: [SIM-utils-43] Exported 'D:/GitHub/Computer-Organization-Project/pipelineCPU/pipelineCPU.sim/sim_1/behav/xsim/test1ROM.coe'
INFO: [SIM-utils-43] Exported 'D:/GitHub/Computer-Organization-Project/pipelineCPU/pipelineCPU.sim/sim_1/behav/xsim/test9ROM.coe'
INFO: [SIM-utils-43] Exported 'D:/GitHub/Computer-Organization-Project/pipelineCPU/pipelineCPU.sim/sim_1/behav/xsim/BaseTest1ROM.coe'
INFO: [SIM-utils-43] Exported 'D:/GitHub/Computer-Organization-Project/pipelineCPU/pipelineCPU.sim/sim_1/behav/xsim/test_jbc_1.coe'
INFO: [USF-XSim-97] Finding global include files...
INFO: [USF-XSim-98] Fetching design files from 'sim_1'...
INFO: [USF-XSim-2] XSim::Compile design
INFO: [USF-XSim-61] Executing 'COMPILE and ANALYZE' step in 'D:/GitHub/Computer-Organization-Project/pipelineCPU/pipelineCPU.sim/sim_1/behav/xsim'
"xvlog --incr --relax -L xil_defaultlib -prj tb_pipeline_vlog.prj"
INFO: [VRFC 10-2263] Analyzing Verilog file "D:/GitHub/Computer-Organization-Project/pipelineCPU/pipelineCPU.srcs/sim_1/new/tb_pipeline.v" into library xil_defaultlib
INFO: [VRFC 10-311] analyzing module tb_pipeline
INFO: [USF-XSim-69] 'compile' step finished in '1' seconds
INFO: [USF-XSim-3] XSim::Elaborate design
INFO: [USF-XSim-61] Executing 'ELABORATE' step in 'D:/GitHub/Computer-Organization-Project/pipelineCPU/pipelineCPU.sim/sim_1/behav/xsim'
Vivado Simulator 2017.4
Copyright 1986-1999, 2001-2016 Xilinx, Inc. All Rights Reserved.
Running: D:/Xilinx/Vivado/2017.4/bin/unwrapped/win64.o/xelab.exe -wto 374ad2d08ccb4635b2dbbca0a3224143 --incr --debug typical --relax --mt 2 -L blk_mem_gen_v8_4_1 -L xil_defaultlib -L unisims_ver -L unimacro_ver -L secureip -L xpm --snapshot tb_pipeline_behav xil_defaultlib.tb_pipeline xil_defaultlib.glbl -log elaborate.log 
Using 2 slave threads.
Starting static elaboration
WARNING: [VRFC 10-278] actual bit length 32 differs from formal bit length 4 for port wea [D:/GitHub/Computer-Organization-Project/pipelineCPU/pipelineCPU.srcs/sources_1/new/MEM.v:68]
WARNING: [VRFC 10-1783] select index 62 into current_contents is out of bounds [/wrk/2017.4/nightly/2017_12_15_2086221/packages/customer/vivado/data/ip/xilinx/blk_mem_gen_v8_4/simulation/blk_mem_gen_v8_4.v:2420]
Completed static elaboration
Starting simulation data flow analysis
WARNING: [XSIM 43-4100] "D:/GitHub/Computer-Organization-Project/pipelineCPU/pipelineCPU.srcs/sources_1/new/top_module.v" Line 3. Module top_module has a timescale but at least one module in design doesn't have timescale.
WARNING: [XSIM 43-4100] "D:/GitHub/Computer-Organization-Project/pipelineCPU/pipelineCPU.srcs/sources_1/new/ClockDivider.v" Line 1. Module ClockDivider has a timescale but at least one module in design doesn't have timescale.
WARNING: [XSIM 43-4100] "D:/GitHub/Computer-Organization-Project/pipelineCPU/pipelineCPU.srcs/sources_1/new/ClockDivider.v" Line 1. Module ClockDivider has a timescale but at least one module in design doesn't have timescale.
WARNING: [XSIM 43-4100] "D:/GitHub/Computer-Organization-Project/pipelineCPU/pipelineCPU.srcs/sources_1/new/HarzardDetection.v" Line 3. Module HarzardDetection has a timescale but at least one module in design doesn't have timescale.
WARNING: [XSIM 43-4100] "D:/GitHub/Computer-Organization-Project/pipelineCPU/pipelineCPU.srcs/sources_1/new/IF.v" Line 23. Module IF has a timescale but at least one module in design doesn't have timescale.
WARNING: [XSIM 43-4100] "D:/GitHub/Computer-Organization-Project/pipelineCPU/pipelineCPU.srcs/sources_1/ip/pgrom/sim/pgrom.v" Line 55. Module pgrom has a timescale but at least one module in design doesn't have timescale.
WARNING: [XSIM 43-4100] "/wrk/2017.4/nightly/2017_12_15_2086221/packages/customer/vivado/data/ip/xilinx/blk_mem_gen_v8_4/simulation/blk_mem_gen_v8_4.v" Line 3412. Module blk_mem_gen_v8_4_1(C_FAMILY="artix7",C_XDEVICEFAMILY="artix7",C_ELABORATION_DIR="./",C_AXI_TYPE=1,C_MEM_TYPE=3,C_PRIM_TYPE=1,C_LOAD_INIT_FILE=1,C_INIT_FILE_NAME="pgrom.mif",C_INIT_FILE="pgrom.mem",C_HAS_ENA=0,C_WRITE_DEPTH_A=16384,C_READ_DEPTH_A=16384,C_ADDRA_WIDTH=14,C_INITB_VAL="0",C_HAS_ENB=0,C_WRITE_DEPTH_B=16384,C_READ_DEPTH_B=16384,C_ADDRB_WIDTH=14,C_SIM_COLLISION_CHECK="ALL",C_COMMON_CLK=0,C_COUNT_36K_BRAM="14",C_COUNT_18K_BRAM="1",C_EST_POWER_SUMMARY="Estimated_Power_for_IP_____:_____12.7204_mW") has a timescale but at least one module in design doesn't have timescale.
WARNING: [XSIM 43-4100] "/wrk/2017.4/nightly/2017_12_15_2086221/packages/customer/vivado/data/ip/xilinx/blk_mem_gen_v8_4/simulation/blk_mem_gen_v8_4.v" Line 1951. Module blk_mem_gen_v8_4_1_mem_module(C_FAMILY="artix7",C_XDEVICEFAMILY="artix7",C_MEM_TYPE=3,C_PRIM_TYPE=1,C_LOAD_INIT_FILE=1,C_INIT_FILE_NAME="pgrom.mif",C_INIT_FILE="pgrom.mem",C_HAS_ENA=0,C_WRITE_DEPTH_A=16384,C_READ_DEPTH_A=16384,C_ADDRA_WIDTH=14,C_INITB_VAL="0",C_HAS_ENB=0,C_WRITE_DEPTH_B=16384,C_READ_DEPTH_B=16384,C_ADDRB_WIDTH=14,C_SIM_COLLISION_CHECK="ALL",C_COMMON_CLK=0) has a timescale but at least one module in design doesn't have timescale.
WARNING: [XSIM 43-4100] "/wrk/2017.4/nightly/2017_12_15_2086221/packages/customer/vivado/data/ip/xilinx/blk_mem_gen_v8_4/simulation/blk_mem_gen_v8_4.v" Line 1563. Module blk_mem_gen_v8_4_1_output_stage(C_FAMILY="artix7",C_XDEVICEFAMILY="artix7",C_ADDRB_WIDTH=14,NUM_STAGES=0) has a timescale but at least one module in design doesn't have timescale.
WARNING: [XSIM 43-4100] "/wrk/2017.4/nightly/2017_12_15_2086221/packages/customer/vivado/data/ip/xilinx/blk_mem_gen_v8_4/simulation/blk_mem_gen_v8_4.v" Line 1563. Module blk_mem_gen_v8_4_1_output_stage(C_FAMILY="artix7",C_XDEVICEFAMILY="artix7",C_ADDRB_WIDTH=14,NUM_STAGES=0) has a timescale but at least one module in design doesn't have timescale.
WARNING: [XSIM 43-4100] "/wrk/2017.4/nightly/2017_12_15_2086221/packages/customer/vivado/data/ip/xilinx/blk_mem_gen_v8_4/simulation/blk_mem_gen_v8_4.v" Line 1859. Module blk_mem_gen_v8_4_1_softecc_output_reg_stage(C_ADDRB_WIDTH=14) has a timescale but at least one module in design doesn't have timescale.
WARNING: [XSIM 43-4100] "D:/GitHub/Computer-Organization-Project/pipelineCPU/pipelineCPU.srcs/sources_1/new/ID.v" Line 23. Module ID has a timescale but at least one module in design doesn't have timescale.
WARNING: [XSIM 43-4100] "D:/GitHub/Computer-Organization-Project/pipelineCPU/pipelineCPU.srcs/sources_1/new/EXE.v" Line 23. Module EXE has a timescale but at least one module in design doesn't have timescale.
WARNING: [XSIM 43-4100] "D:/GitHub/Computer-Organization-Project/pipelineCPU/pipelineCPU.srcs/sources_1/new/MEM.v" Line 23. Module MEM has a timescale but at least one module in design doesn't have timescale.
WARNING: [XSIM 43-4100] "D:/GitHub/Computer-Organization-Project/pipelineCPU/pipelineCPU.srcs/sources_1/ip/pgram/sim/pgram.v" Line 55. Module pgram has a timescale but at least one module in design doesn't have timescale.
WARNING: [XSIM 43-4100] "/wrk/2017.4/nightly/2017_12_15_2086221/packages/customer/vivado/data/ip/xilinx/blk_mem_gen_v8_4/simulation/blk_mem_gen_v8_4.v" Line 3412. Module blk_mem_gen_v8_4_1(C_FAMILY="artix7",C_XDEVICEFAMILY="artix7",C_ELABORATION_DIR="./",C_AXI_TYPE=1,C_MEM_TYPE=0,C_BYTE_SIZE=8,C_PRIM_TYPE=1,C_INIT_FILE_NAME="no_coe_file_loaded",C_INIT_FILE="pgram.mem",C_HAS_ENA=0,C_USE_BYTE_WEA=1,C_WEA_WIDTH=4,C_WRITE_DEPTH_A=16384,C_READ_DEPTH_A=16384,C_ADDRA_WIDTH=14,C_INITB_VAL="0",C_HAS_ENB=0,C_USE_BYTE_WEB=1,C_WEB_WIDTH=4,C_WRITE_DEPTH_B=16384,C_READ_DEPTH_B=16384,C_ADDRB_WIDTH=14,C_SIM_COLLISION_CHECK="ALL",C_COMMON_CLK=0,C_COUNT_36K_BRAM="16",C_COUNT_18K_BRAM="0",C_EST_POWER_SUMMARY="Estimated_Power_for_IP_____:_____10.194_mW") has a timescale but at least one module in design doesn't have timescale.
WARNING: [XSIM 43-4100] "/wrk/2017.4/nightly/2017_12_15_2086221/packages/customer/vivado/data/ip/xilinx/blk_mem_gen_v8_4/simulation/blk_mem_gen_v8_4.v" Line 1951. Module blk_mem_gen_v8_4_1_mem_module(C_FAMILY="artix7",C_XDEVICEFAMILY="artix7",C_MEM_TYPE=0,C_BYTE_SIZE=8,C_PRIM_TYPE=1,C_INIT_FILE_NAME="no_coe_file_loaded",C_INIT_FILE="pgram.mem",C_HAS_ENA=0,C_USE_BYTE_WEA=1,C_WEA_WIDTH=4,C_WRITE_DEPTH_A=16384,C_READ_DEPTH_A=16384,C_ADDRA_WIDTH=14,C_INITB_VAL="0",C_HAS_ENB=0,C_USE_BYTE_WEB=1,C_WEB_WIDTH=4,C_WRITE_DEPTH_B=16384,C_READ_DEPTH_B=16384,C_ADDRB_WIDTH=14,C_SIM_COLLISION_CHECK="ALL",C_COMMON_CLK=0) has a timescale but at least one module in design doesn't have timescale.
WARNING: [XSIM 43-4100] "/wrk/2017.4/nightly/2017_12_15_2086221/packages/customer/vivado/data/ip/xilinx/blk_mem_gen_v8_4/simulation/blk_mem_gen_v8_4.v" Line 1563. Module blk_mem_gen_v8_4_1_output_stage(C_FAMILY="artix7",C_XDEVICEFAMILY="artix7",C_ADDRB_WIDTH=14,NUM_STAGES=0) has a timescale but at least one module in design doesn't have timescale.
WARNING: [XSIM 43-4100] "/wrk/2017.4/nightly/2017_12_15_2086221/packages/customer/vivado/data/ip/xilinx/blk_mem_gen_v8_4/simulation/blk_mem_gen_v8_4.v" Line 1563. Module blk_mem_gen_v8_4_1_output_stage(C_FAMILY="artix7",C_XDEVICEFAMILY="artix7",C_ADDRB_WIDTH=14,NUM_STAGES=0) has a timescale but at least one module in design doesn't have timescale.
WARNING: [XSIM 43-4100] "/wrk/2017.4/nightly/2017_12_15_2086221/packages/customer/vivado/data/ip/xilinx/blk_mem_gen_v8_4/simulation/blk_mem_gen_v8_4.v" Line 1859. Module blk_mem_gen_v8_4_1_softecc_output_reg_stage(C_ADDRB_WIDTH=14) has a timescale but at least one module in design doesn't have timescale.
WARNING: [XSIM 43-4100] "D:/GitHub/Computer-Organization-Project/pipelineCPU/pipelineCPU.srcs/sources_1/new/WB.v" Line 1. Module WB has a timescale but at least one module in design doesn't have timescale.
WARNING: [XSIM 43-4100] "D:/GitHub/Computer-Organization-Project/pipelineCPU/pipelineCPU.srcs/sources_1/new/InputModule.v" Line 3. Module InputModule has a timescale but at least one module in design doesn't have timescale.
WARNING: [XSIM 43-4100] "D:/GitHub/Computer-Organization-Project/pipelineCPU/pipelineCPU.srcs/sources_1/new/OutputModule.v" Line 1. Module OutputModule has a timescale but at least one module in design doesn't have timescale.
WARNING: [XSIM 43-4100] "D:/GitHub/Computer-Organization-Project/pipelineCPU/pipelineCPU.srcs/sources_1/new/SegGenerator.v" Line 1. Module SegGenerator has a timescale but at least one module in design doesn't have timescale.
WARNING: [XSIM 43-4100] "D:/GitHub/Computer-Organization-Project/pipelineCPU/pipelineCPU.srcs/sources_1/new/ClockDivider.v" Line 1. Module ClockDivider has a timescale but at least one module in design doesn't have timescale.
WARNING: [XSIM 43-4100] "D:/GitHub/Computer-Organization-Project/pipelineCPU/pipelineCPU.srcs/sources_1/new/SegDisplay.v" Line 1. Module SegDisplay has a timescale but at least one module in design doesn't have timescale.
WARNING: [XSIM 43-4100] "D:/GitHub/Computer-Organization-Project/pipelineCPU/pipelineCPU.sim/sim_1/behav/xsim/glbl.v" Line 6. Module glbl has a timescale but at least one module in design doesn't have timescale.
Completed simulation data flow analysis
Time Resolution for simulation is 1ps
Compiling module xil_defaultlib.ClockDivider
Compiling module xil_defaultlib.HarzardDetection
Compiling module blk_mem_gen_v8_4_1.blk_mem_gen_v8_4_1_output_stage(...
Compiling module blk_mem_gen_v8_4_1.blk_mem_gen_v8_4_1_softecc_outpu...
Compiling module blk_mem_gen_v8_4_1.blk_mem_gen_v8_4_1_mem_module(C_...
Compiling module blk_mem_gen_v8_4_1.blk_mem_gen_v8_4_1(C_FAMILY="art...
Compiling module xil_defaultlib.pgrom
Compiling module xil_defaultlib.IF
Compiling module xil_defaultlib.ID
Compiling module xil_defaultlib.EXE
Compiling module blk_mem_gen_v8_4_1.blk_mem_gen_v8_4_1_mem_module(C_...
Compiling module blk_mem_gen_v8_4_1.blk_mem_gen_v8_4_1(C_FAMILY="art...
Compiling module xil_defaultlib.pgram
Compiling module xil_defaultlib.MEM
Compiling module xil_defaultlib.WB
Compiling module xil_defaultlib.InputModule
Compiling module xil_defaultlib.SegGenerator
Compiling module xil_defaultlib.SegDisplay
Compiling module xil_defaultlib.OutputModule
Compiling module xil_defaultlib.top_module
Compiling module xil_defaultlib.tb_pipeline
Compiling module xil_defaultlib.glbl
Built simulation snapshot tb_pipeline_behav
INFO: [USF-XSim-69] 'elaborate' step finished in '4' seconds
INFO: [USF-XSim-4] XSim::Simulate design
INFO: [USF-XSim-61] Executing 'SIMULATE' step in 'D:/GitHub/Computer-Organization-Project/pipelineCPU/pipelineCPU.sim/sim_1/behav/xsim'
INFO: [USF-XSim-98] *** Running xsim
   with args "tb_pipeline_behav -key {Behavioral:sim_1:Functional:tb_pipeline} -tclbatch {tb_pipeline.tcl} -view {D:/GitHub/Computer-Organization-Project/pipelineCPU/tb_pipeline_behav.wcfg} -log {simulate.log}"
INFO: [USF-XSim-8] Loading simulator feature
Vivado Simulator 2017.4
Time resolution is 1 ps
open_wave_config D:/GitHub/Computer-Organization-Project/pipelineCPU/tb_pipeline_behav.wcfg
source tb_pipeline.tcl
# set curr_wave [current_wave_config]
# if { [string length $curr_wave] == 0 } {
#   if { [llength [get_objects]] > 0} {
#     add_wave /
#     set_property needs_save false [current_wave_config]
#   } else {
#      send_msg_id Add_Wave-1 WARNING "No top level signals found. Simulator will start without a wave window. If you want to open a wave window go to 'File->New Waveform Configuration' or type 'create_wave_config' in the TCL console."
#   }
# }
# run 1000ns
 Block Memory Generator module loading initial data...
 Block Memory Generator data initialization complete.
Block Memory Generator module tb_pipeline.uut_tm.if_uut.urom.inst.native_mem_module.blk_mem_gen_v8_4_1_inst is using a behavioral model for simulation which will not precisely model memory collision behavior.
Block Memory Generator module tb_pipeline.uut_tm.mem_uut.udram.inst.native_mem_module.blk_mem_gen_v8_4_1_inst is using a behavioral model for simulation which will not precisely model memory collision behavior.
INFO: [USF-XSim-96] XSim completed. Design snapshot 'tb_pipeline_behav' loaded.
INFO: [USF-XSim-97] XSim simulation ran for 1000ns
launch_simulation: Time (s): cpu = 00:00:03 ; elapsed = 00:00:07 . Memory (MB): peak = 2987.188 ; gain = 0.000
update_compile_order -fileset sim_1
add_wave {{/tb_pipeline/uut_tm/clk_de}} 
save_wave_config {D:/GitHub/Computer-Organization-Project/pipelineCPU/tb_pipeline_behav.wcfg}
close_sim
INFO: [Simtcl 6-16] Simulation closed
launch_simulation
INFO: [Vivado 12-5698] Checking validity of IPs in the design for the 'XSim' simulator...
INFO: [Vivado 12-5682] Launching behavioral simulation in 'D:/GitHub/Computer-Organization-Project/pipelineCPU/pipelineCPU.sim/sim_1/behav/xsim'
INFO: [Vivado 12-4795] Using compiled simulation libraries for IPs
INFO: [SIM-utils-51] Simulation object is 'sim_1'
INFO: [USF-XSim-7] Finding pre-compiled libraries...
INFO: [USF-XSim-11] File 'D:/Xilinx/Vivado/2017.4/data/xsim/ip/xsim_ip.ini' copied to run dir:'D:/GitHub/Computer-Organization-Project/pipelineCPU/pipelineCPU.sim/sim_1/behav/xsim'
INFO: [SIM-utils-54] Inspecting design source files for 'tb_pipeline' in fileset 'sim_1'...
INFO: [SIM-utils-43] Exported 'D:/GitHub/Computer-Organization-Project/pipelineCPU/pipelineCPU.sim/sim_1/behav/xsim/pgrom.mif'
INFO: [SIM-utils-43] Exported 'D:/GitHub/Computer-Organization-Project/pipelineCPU/pipelineCPU.sim/sim_1/behav/xsim/test_jbc_2.coe'
INFO: [SIM-utils-43] Exported 'D:/GitHub/Computer-Organization-Project/pipelineCPU/pipelineCPU.sim/sim_1/behav/xsim/test1ROM.coe'
INFO: [SIM-utils-43] Exported 'D:/GitHub/Computer-Organization-Project/pipelineCPU/pipelineCPU.sim/sim_1/behav/xsim/test9ROM.coe'
INFO: [SIM-utils-43] Exported 'D:/GitHub/Computer-Organization-Project/pipelineCPU/pipelineCPU.sim/sim_1/behav/xsim/BaseTest1ROM.coe'
INFO: [SIM-utils-43] Exported 'D:/GitHub/Computer-Organization-Project/pipelineCPU/pipelineCPU.sim/sim_1/behav/xsim/test_jbc_1.coe'
INFO: [USF-XSim-97] Finding global include files...
INFO: [USF-XSim-98] Fetching design files from 'sim_1'...
INFO: [USF-XSim-2] XSim::Compile design
INFO: [USF-XSim-61] Executing 'COMPILE and ANALYZE' step in 'D:/GitHub/Computer-Organization-Project/pipelineCPU/pipelineCPU.sim/sim_1/behav/xsim'
"xvlog --incr --relax -L xil_defaultlib -prj tb_pipeline_vlog.prj"
INFO: [USF-XSim-69] 'compile' step finished in '1' seconds
INFO: [USF-XSim-3] XSim::Elaborate design
INFO: [USF-XSim-61] Executing 'ELABORATE' step in 'D:/GitHub/Computer-Organization-Project/pipelineCPU/pipelineCPU.sim/sim_1/behav/xsim'
Vivado Simulator 2017.4
Copyright 1986-1999, 2001-2016 Xilinx, Inc. All Rights Reserved.
Running: D:/Xilinx/Vivado/2017.4/bin/unwrapped/win64.o/xelab.exe -wto 374ad2d08ccb4635b2dbbca0a3224143 --incr --debug typical --relax --mt 2 -L blk_mem_gen_v8_4_1 -L xil_defaultlib -L unisims_ver -L unimacro_ver -L secureip -L xpm --snapshot tb_pipeline_behav xil_defaultlib.tb_pipeline xil_defaultlib.glbl -log elaborate.log 
Using 2 slave threads.
Starting static elaboration
WARNING: [VRFC 10-278] actual bit length 32 differs from formal bit length 4 for port wea [D:/GitHub/Computer-Organization-Project/pipelineCPU/pipelineCPU.srcs/sources_1/new/MEM.v:68]
WARNING: [VRFC 10-1783] select index 62 into current_contents is out of bounds [/wrk/2017.4/nightly/2017_12_15_2086221/packages/customer/vivado/data/ip/xilinx/blk_mem_gen_v8_4/simulation/blk_mem_gen_v8_4.v:2420]
Completed static elaboration
INFO: [XSIM 43-4323] No Change in HDL. Linking previously generated obj files to create kernel
INFO: [USF-XSim-69] 'elaborate' step finished in '1' seconds
INFO: [USF-XSim-4] XSim::Simulate design
INFO: [USF-XSim-61] Executing 'SIMULATE' step in 'D:/GitHub/Computer-Organization-Project/pipelineCPU/pipelineCPU.sim/sim_1/behav/xsim'
INFO: [USF-XSim-98] *** Running xsim
   with args "tb_pipeline_behav -key {Behavioral:sim_1:Functional:tb_pipeline} -tclbatch {tb_pipeline.tcl} -view {D:/GitHub/Computer-Organization-Project/pipelineCPU/tb_pipeline_behav.wcfg} -log {simulate.log}"
INFO: [USF-XSim-8] Loading simulator feature
Vivado Simulator 2017.4
Time resolution is 1 ps
open_wave_config D:/GitHub/Computer-Organization-Project/pipelineCPU/tb_pipeline_behav.wcfg
source tb_pipeline.tcl
# set curr_wave [current_wave_config]
# if { [string length $curr_wave] == 0 } {
#   if { [llength [get_objects]] > 0} {
#     add_wave /
#     set_property needs_save false [current_wave_config]
#   } else {
#      send_msg_id Add_Wave-1 WARNING "No top level signals found. Simulator will start without a wave window. If you want to open a wave window go to 'File->New Waveform Configuration' or type 'create_wave_config' in the TCL console."
#   }
# }
# run 1000ns
 Block Memory Generator module loading initial data...
 Block Memory Generator data initialization complete.
Block Memory Generator module tb_pipeline.uut_tm.if_uut.urom.inst.native_mem_module.blk_mem_gen_v8_4_1_inst is using a behavioral model for simulation which will not precisely model memory collision behavior.
Block Memory Generator module tb_pipeline.uut_tm.mem_uut.udram.inst.native_mem_module.blk_mem_gen_v8_4_1_inst is using a behavioral model for simulation which will not precisely model memory collision behavior.
INFO: [USF-XSim-96] XSim completed. Design snapshot 'tb_pipeline_behav' loaded.
INFO: [USF-XSim-97] XSim simulation ran for 1000ns
save_wave_config {D:/GitHub/Computer-Organization-Project/pipelineCPU/tb_pipeline_behav.wcfg}
close_sim
INFO: [Simtcl 6-16] Simulation closed
launch_simulation
INFO: [Vivado 12-5698] Checking validity of IPs in the design for the 'XSim' simulator...
INFO: [Vivado 12-5682] Launching behavioral simulation in 'D:/GitHub/Computer-Organization-Project/pipelineCPU/pipelineCPU.sim/sim_1/behav/xsim'
INFO: [Vivado 12-4795] Using compiled simulation libraries for IPs
INFO: [SIM-utils-51] Simulation object is 'sim_1'
INFO: [USF-XSim-7] Finding pre-compiled libraries...
INFO: [USF-XSim-11] File 'D:/Xilinx/Vivado/2017.4/data/xsim/ip/xsim_ip.ini' copied to run dir:'D:/GitHub/Computer-Organization-Project/pipelineCPU/pipelineCPU.sim/sim_1/behav/xsim'
INFO: [SIM-utils-54] Inspecting design source files for 'tb_pipeline' in fileset 'sim_1'...
INFO: [SIM-utils-43] Exported 'D:/GitHub/Computer-Organization-Project/pipelineCPU/pipelineCPU.sim/sim_1/behav/xsim/pgrom.mif'
INFO: [SIM-utils-43] Exported 'D:/GitHub/Computer-Organization-Project/pipelineCPU/pipelineCPU.sim/sim_1/behav/xsim/test_jbc_2.coe'
INFO: [SIM-utils-43] Exported 'D:/GitHub/Computer-Organization-Project/pipelineCPU/pipelineCPU.sim/sim_1/behav/xsim/test1ROM.coe'
INFO: [SIM-utils-43] Exported 'D:/GitHub/Computer-Organization-Project/pipelineCPU/pipelineCPU.sim/sim_1/behav/xsim/test9ROM.coe'
INFO: [SIM-utils-43] Exported 'D:/GitHub/Computer-Organization-Project/pipelineCPU/pipelineCPU.sim/sim_1/behav/xsim/BaseTest1ROM.coe'
INFO: [SIM-utils-43] Exported 'D:/GitHub/Computer-Organization-Project/pipelineCPU/pipelineCPU.sim/sim_1/behav/xsim/test_jbc_1.coe'
INFO: [USF-XSim-97] Finding global include files...
INFO: [USF-XSim-98] Fetching design files from 'sim_1'...
INFO: [USF-XSim-2] XSim::Compile design
INFO: [USF-XSim-61] Executing 'COMPILE and ANALYZE' step in 'D:/GitHub/Computer-Organization-Project/pipelineCPU/pipelineCPU.sim/sim_1/behav/xsim'
"xvlog --incr --relax -L xil_defaultlib -prj tb_pipeline_vlog.prj"
INFO: [VRFC 10-2263] Analyzing SystemVerilog file "D:/GitHub/Computer-Organization-Project/pipelineCPU/pipelineCPU.srcs/sources_1/new/ID.v" into library xil_defaultlib
INFO: [VRFC 10-311] analyzing module ID
INFO: [VRFC 10-2263] Analyzing SystemVerilog file "D:/GitHub/Computer-Organization-Project/pipelineCPU/pipelineCPU.srcs/sources_1/new/WB.v" into library xil_defaultlib
INFO: [VRFC 10-311] analyzing module WB
INFO: [VRFC 10-2263] Analyzing SystemVerilog file "D:/GitHub/Computer-Organization-Project/pipelineCPU/pipelineCPU.srcs/sources_1/new/top_module.v" into library xil_defaultlib
INFO: [VRFC 10-311] analyzing module top_module
INFO: [VRFC 10-2263] Analyzing Verilog file "D:/GitHub/Computer-Organization-Project/pipelineCPU/pipelineCPU.srcs/sim_1/new/tb_pipeline.v" into library xil_defaultlib
INFO: [VRFC 10-311] analyzing module tb_pipeline
INFO: [USF-XSim-69] 'compile' step finished in '1' seconds
INFO: [USF-XSim-3] XSim::Elaborate design
INFO: [USF-XSim-61] Executing 'ELABORATE' step in 'D:/GitHub/Computer-Organization-Project/pipelineCPU/pipelineCPU.sim/sim_1/behav/xsim'
Vivado Simulator 2017.4
Copyright 1986-1999, 2001-2016 Xilinx, Inc. All Rights Reserved.
Running: D:/Xilinx/Vivado/2017.4/bin/unwrapped/win64.o/xelab.exe -wto 374ad2d08ccb4635b2dbbca0a3224143 --incr --debug typical --relax --mt 2 -L blk_mem_gen_v8_4_1 -L xil_defaultlib -L unisims_ver -L unimacro_ver -L secureip -L xpm --snapshot tb_pipeline_behav xil_defaultlib.tb_pipeline xil_defaultlib.glbl -log elaborate.log 
Using 2 slave threads.
Starting static elaboration
WARNING: [VRFC 10-278] actual bit length 32 differs from formal bit length 4 for port wea [D:/GitHub/Computer-Organization-Project/pipelineCPU/pipelineCPU.srcs/sources_1/new/MEM.v:68]
WARNING: [VRFC 10-1783] select index 62 into current_contents is out of bounds [/wrk/2017.4/nightly/2017_12_15_2086221/packages/customer/vivado/data/ip/xilinx/blk_mem_gen_v8_4/simulation/blk_mem_gen_v8_4.v:2420]
Completed static elaboration
Starting simulation data flow analysis
WARNING: [XSIM 43-4100] "D:/GitHub/Computer-Organization-Project/pipelineCPU/pipelineCPU.srcs/sources_1/new/top_module.v" Line 3. Module top_module has a timescale but at least one module in design doesn't have timescale.
WARNING: [XSIM 43-4100] "D:/GitHub/Computer-Organization-Project/pipelineCPU/pipelineCPU.srcs/sources_1/new/ClockDivider.v" Line 1. Module ClockDivider has a timescale but at least one module in design doesn't have timescale.
WARNING: [XSIM 43-4100] "D:/GitHub/Computer-Organization-Project/pipelineCPU/pipelineCPU.srcs/sources_1/new/ClockDivider.v" Line 1. Module ClockDivider has a timescale but at least one module in design doesn't have timescale.
WARNING: [XSIM 43-4100] "D:/GitHub/Computer-Organization-Project/pipelineCPU/pipelineCPU.srcs/sources_1/new/HarzardDetection.v" Line 3. Module HarzardDetection has a timescale but at least one module in design doesn't have timescale.
WARNING: [XSIM 43-4100] "D:/GitHub/Computer-Organization-Project/pipelineCPU/pipelineCPU.srcs/sources_1/new/IF.v" Line 23. Module IF has a timescale but at least one module in design doesn't have timescale.
WARNING: [XSIM 43-4100] "D:/GitHub/Computer-Organization-Project/pipelineCPU/pipelineCPU.srcs/sources_1/ip/pgrom/sim/pgrom.v" Line 55. Module pgrom has a timescale but at least one module in design doesn't have timescale.
WARNING: [XSIM 43-4100] "/wrk/2017.4/nightly/2017_12_15_2086221/packages/customer/vivado/data/ip/xilinx/blk_mem_gen_v8_4/simulation/blk_mem_gen_v8_4.v" Line 3412. Module blk_mem_gen_v8_4_1(C_FAMILY="artix7",C_XDEVICEFAMILY="artix7",C_ELABORATION_DIR="./",C_AXI_TYPE=1,C_MEM_TYPE=3,C_PRIM_TYPE=1,C_LOAD_INIT_FILE=1,C_INIT_FILE_NAME="pgrom.mif",C_INIT_FILE="pgrom.mem",C_HAS_ENA=0,C_WRITE_DEPTH_A=16384,C_READ_DEPTH_A=16384,C_ADDRA_WIDTH=14,C_INITB_VAL="0",C_HAS_ENB=0,C_WRITE_DEPTH_B=16384,C_READ_DEPTH_B=16384,C_ADDRB_WIDTH=14,C_SIM_COLLISION_CHECK="ALL",C_COMMON_CLK=0,C_COUNT_36K_BRAM="14",C_COUNT_18K_BRAM="1",C_EST_POWER_SUMMARY="Estimated_Power_for_IP_____:_____12.7204_mW") has a timescale but at least one module in design doesn't have timescale.
WARNING: [XSIM 43-4100] "/wrk/2017.4/nightly/2017_12_15_2086221/packages/customer/vivado/data/ip/xilinx/blk_mem_gen_v8_4/simulation/blk_mem_gen_v8_4.v" Line 1951. Module blk_mem_gen_v8_4_1_mem_module(C_FAMILY="artix7",C_XDEVICEFAMILY="artix7",C_MEM_TYPE=3,C_PRIM_TYPE=1,C_LOAD_INIT_FILE=1,C_INIT_FILE_NAME="pgrom.mif",C_INIT_FILE="pgrom.mem",C_HAS_ENA=0,C_WRITE_DEPTH_A=16384,C_READ_DEPTH_A=16384,C_ADDRA_WIDTH=14,C_INITB_VAL="0",C_HAS_ENB=0,C_WRITE_DEPTH_B=16384,C_READ_DEPTH_B=16384,C_ADDRB_WIDTH=14,C_SIM_COLLISION_CHECK="ALL",C_COMMON_CLK=0) has a timescale but at least one module in design doesn't have timescale.
WARNING: [XSIM 43-4100] "/wrk/2017.4/nightly/2017_12_15_2086221/packages/customer/vivado/data/ip/xilinx/blk_mem_gen_v8_4/simulation/blk_mem_gen_v8_4.v" Line 1563. Module blk_mem_gen_v8_4_1_output_stage(C_FAMILY="artix7",C_XDEVICEFAMILY="artix7",C_ADDRB_WIDTH=14,NUM_STAGES=0) has a timescale but at least one module in design doesn't have timescale.
WARNING: [XSIM 43-4100] "/wrk/2017.4/nightly/2017_12_15_2086221/packages/customer/vivado/data/ip/xilinx/blk_mem_gen_v8_4/simulation/blk_mem_gen_v8_4.v" Line 1563. Module blk_mem_gen_v8_4_1_output_stage(C_FAMILY="artix7",C_XDEVICEFAMILY="artix7",C_ADDRB_WIDTH=14,NUM_STAGES=0) has a timescale but at least one module in design doesn't have timescale.
WARNING: [XSIM 43-4100] "/wrk/2017.4/nightly/2017_12_15_2086221/packages/customer/vivado/data/ip/xilinx/blk_mem_gen_v8_4/simulation/blk_mem_gen_v8_4.v" Line 1859. Module blk_mem_gen_v8_4_1_softecc_output_reg_stage(C_ADDRB_WIDTH=14) has a timescale but at least one module in design doesn't have timescale.
WARNING: [XSIM 43-4100] "D:/GitHub/Computer-Organization-Project/pipelineCPU/pipelineCPU.srcs/sources_1/new/ID.v" Line 23. Module ID has a timescale but at least one module in design doesn't have timescale.
WARNING: [XSIM 43-4100] "D:/GitHub/Computer-Organization-Project/pipelineCPU/pipelineCPU.srcs/sources_1/new/EXE.v" Line 23. Module EXE has a timescale but at least one module in design doesn't have timescale.
WARNING: [XSIM 43-4100] "D:/GitHub/Computer-Organization-Project/pipelineCPU/pipelineCPU.srcs/sources_1/new/MEM.v" Line 23. Module MEM has a timescale but at least one module in design doesn't have timescale.
WARNING: [XSIM 43-4100] "D:/GitHub/Computer-Organization-Project/pipelineCPU/pipelineCPU.srcs/sources_1/ip/pgram/sim/pgram.v" Line 55. Module pgram has a timescale but at least one module in design doesn't have timescale.
WARNING: [XSIM 43-4100] "/wrk/2017.4/nightly/2017_12_15_2086221/packages/customer/vivado/data/ip/xilinx/blk_mem_gen_v8_4/simulation/blk_mem_gen_v8_4.v" Line 3412. Module blk_mem_gen_v8_4_1(C_FAMILY="artix7",C_XDEVICEFAMILY="artix7",C_ELABORATION_DIR="./",C_AXI_TYPE=1,C_MEM_TYPE=0,C_BYTE_SIZE=8,C_PRIM_TYPE=1,C_INIT_FILE_NAME="no_coe_file_loaded",C_INIT_FILE="pgram.mem",C_HAS_ENA=0,C_USE_BYTE_WEA=1,C_WEA_WIDTH=4,C_WRITE_DEPTH_A=16384,C_READ_DEPTH_A=16384,C_ADDRA_WIDTH=14,C_INITB_VAL="0",C_HAS_ENB=0,C_USE_BYTE_WEB=1,C_WEB_WIDTH=4,C_WRITE_DEPTH_B=16384,C_READ_DEPTH_B=16384,C_ADDRB_WIDTH=14,C_SIM_COLLISION_CHECK="ALL",C_COMMON_CLK=0,C_COUNT_36K_BRAM="16",C_COUNT_18K_BRAM="0",C_EST_POWER_SUMMARY="Estimated_Power_for_IP_____:_____10.194_mW") has a timescale but at least one module in design doesn't have timescale.
WARNING: [XSIM 43-4100] "/wrk/2017.4/nightly/2017_12_15_2086221/packages/customer/vivado/data/ip/xilinx/blk_mem_gen_v8_4/simulation/blk_mem_gen_v8_4.v" Line 1951. Module blk_mem_gen_v8_4_1_mem_module(C_FAMILY="artix7",C_XDEVICEFAMILY="artix7",C_MEM_TYPE=0,C_BYTE_SIZE=8,C_PRIM_TYPE=1,C_INIT_FILE_NAME="no_coe_file_loaded",C_INIT_FILE="pgram.mem",C_HAS_ENA=0,C_USE_BYTE_WEA=1,C_WEA_WIDTH=4,C_WRITE_DEPTH_A=16384,C_READ_DEPTH_A=16384,C_ADDRA_WIDTH=14,C_INITB_VAL="0",C_HAS_ENB=0,C_USE_BYTE_WEB=1,C_WEB_WIDTH=4,C_WRITE_DEPTH_B=16384,C_READ_DEPTH_B=16384,C_ADDRB_WIDTH=14,C_SIM_COLLISION_CHECK="ALL",C_COMMON_CLK=0) has a timescale but at least one module in design doesn't have timescale.
WARNING: [XSIM 43-4100] "/wrk/2017.4/nightly/2017_12_15_2086221/packages/customer/vivado/data/ip/xilinx/blk_mem_gen_v8_4/simulation/blk_mem_gen_v8_4.v" Line 1563. Module blk_mem_gen_v8_4_1_output_stage(C_FAMILY="artix7",C_XDEVICEFAMILY="artix7",C_ADDRB_WIDTH=14,NUM_STAGES=0) has a timescale but at least one module in design doesn't have timescale.
WARNING: [XSIM 43-4100] "/wrk/2017.4/nightly/2017_12_15_2086221/packages/customer/vivado/data/ip/xilinx/blk_mem_gen_v8_4/simulation/blk_mem_gen_v8_4.v" Line 1563. Module blk_mem_gen_v8_4_1_output_stage(C_FAMILY="artix7",C_XDEVICEFAMILY="artix7",C_ADDRB_WIDTH=14,NUM_STAGES=0) has a timescale but at least one module in design doesn't have timescale.
WARNING: [XSIM 43-4100] "/wrk/2017.4/nightly/2017_12_15_2086221/packages/customer/vivado/data/ip/xilinx/blk_mem_gen_v8_4/simulation/blk_mem_gen_v8_4.v" Line 1859. Module blk_mem_gen_v8_4_1_softecc_output_reg_stage(C_ADDRB_WIDTH=14) has a timescale but at least one module in design doesn't have timescale.
WARNING: [XSIM 43-4100] "D:/GitHub/Computer-Organization-Project/pipelineCPU/pipelineCPU.srcs/sources_1/new/WB.v" Line 1. Module WB has a timescale but at least one module in design doesn't have timescale.
WARNING: [XSIM 43-4100] "D:/GitHub/Computer-Organization-Project/pipelineCPU/pipelineCPU.srcs/sources_1/new/InputModule.v" Line 3. Module InputModule has a timescale but at least one module in design doesn't have timescale.
WARNING: [XSIM 43-4100] "D:/GitHub/Computer-Organization-Project/pipelineCPU/pipelineCPU.srcs/sources_1/new/OutputModule.v" Line 1. Module OutputModule has a timescale but at least one module in design doesn't have timescale.
WARNING: [XSIM 43-4100] "D:/GitHub/Computer-Organization-Project/pipelineCPU/pipelineCPU.srcs/sources_1/new/SegGenerator.v" Line 1. Module SegGenerator has a timescale but at least one module in design doesn't have timescale.
WARNING: [XSIM 43-4100] "D:/GitHub/Computer-Organization-Project/pipelineCPU/pipelineCPU.srcs/sources_1/new/ClockDivider.v" Line 1. Module ClockDivider has a timescale but at least one module in design doesn't have timescale.
WARNING: [XSIM 43-4100] "D:/GitHub/Computer-Organization-Project/pipelineCPU/pipelineCPU.srcs/sources_1/new/SegDisplay.v" Line 1. Module SegDisplay has a timescale but at least one module in design doesn't have timescale.
WARNING: [XSIM 43-4100] "D:/GitHub/Computer-Organization-Project/pipelineCPU/pipelineCPU.sim/sim_1/behav/xsim/glbl.v" Line 6. Module glbl has a timescale but at least one module in design doesn't have timescale.
Completed simulation data flow analysis
Time Resolution for simulation is 1ps
Compiling module xil_defaultlib.ClockDivider
Compiling module xil_defaultlib.HarzardDetection
Compiling module blk_mem_gen_v8_4_1.blk_mem_gen_v8_4_1_output_stage(...
Compiling module blk_mem_gen_v8_4_1.blk_mem_gen_v8_4_1_softecc_outpu...
Compiling module blk_mem_gen_v8_4_1.blk_mem_gen_v8_4_1_mem_module(C_...
Compiling module blk_mem_gen_v8_4_1.blk_mem_gen_v8_4_1(C_FAMILY="art...
Compiling module xil_defaultlib.pgrom
Compiling module xil_defaultlib.IF
Compiling module xil_defaultlib.ID
Compiling module xil_defaultlib.EXE
Compiling module blk_mem_gen_v8_4_1.blk_mem_gen_v8_4_1_mem_module(C_...
Compiling module blk_mem_gen_v8_4_1.blk_mem_gen_v8_4_1(C_FAMILY="art...
Compiling module xil_defaultlib.pgram
Compiling module xil_defaultlib.MEM
Compiling module xil_defaultlib.WB
Compiling module xil_defaultlib.InputModule
Compiling module xil_defaultlib.SegGenerator
Compiling module xil_defaultlib.SegDisplay
Compiling module xil_defaultlib.OutputModule
Compiling module xil_defaultlib.top_module
Compiling module xil_defaultlib.tb_pipeline
Compiling module xil_defaultlib.glbl
Built simulation snapshot tb_pipeline_behav
INFO: [USF-XSim-69] 'elaborate' step finished in '4' seconds
INFO: [USF-XSim-4] XSim::Simulate design
INFO: [USF-XSim-61] Executing 'SIMULATE' step in 'D:/GitHub/Computer-Organization-Project/pipelineCPU/pipelineCPU.sim/sim_1/behav/xsim'
INFO: [USF-XSim-98] *** Running xsim
   with args "tb_pipeline_behav -key {Behavioral:sim_1:Functional:tb_pipeline} -tclbatch {tb_pipeline.tcl} -view {D:/GitHub/Computer-Organization-Project/pipelineCPU/tb_pipeline_behav.wcfg} -log {simulate.log}"
INFO: [USF-XSim-8] Loading simulator feature
Vivado Simulator 2017.4
Time resolution is 1 ps
open_wave_config D:/GitHub/Computer-Organization-Project/pipelineCPU/tb_pipeline_behav.wcfg
source tb_pipeline.tcl
# set curr_wave [current_wave_config]
# if { [string length $curr_wave] == 0 } {
#   if { [llength [get_objects]] > 0} {
#     add_wave /
#     set_property needs_save false [current_wave_config]
#   } else {
#      send_msg_id Add_Wave-1 WARNING "No top level signals found. Simulator will start without a wave window. If you want to open a wave window go to 'File->New Waveform Configuration' or type 'create_wave_config' in the TCL console."
#   }
# }
# run 1000ns
 Block Memory Generator module loading initial data...
 Block Memory Generator data initialization complete.
Block Memory Generator module tb_pipeline.uut_tm.if_uut.urom.inst.native_mem_module.blk_mem_gen_v8_4_1_inst is using a behavioral model for simulation which will not precisely model memory collision behavior.
Block Memory Generator module tb_pipeline.uut_tm.mem_uut.udram.inst.native_mem_module.blk_mem_gen_v8_4_1_inst is using a behavioral model for simulation which will not precisely model memory collision behavior.
INFO: [USF-XSim-96] XSim completed. Design snapshot 'tb_pipeline_behav' loaded.
INFO: [USF-XSim-97] XSim simulation ran for 1000ns
launch_simulation: Time (s): cpu = 00:00:01 ; elapsed = 00:00:07 . Memory (MB): peak = 2987.984 ; gain = 0.000
close_sim
INFO: [Simtcl 6-16] Simulation closed
launch_simulation
INFO: [Vivado 12-5698] Checking validity of IPs in the design for the 'XSim' simulator...
INFO: [Vivado 12-5682] Launching behavioral simulation in 'D:/GitHub/Computer-Organization-Project/pipelineCPU/pipelineCPU.sim/sim_1/behav/xsim'
INFO: [Vivado 12-4795] Using compiled simulation libraries for IPs
INFO: [SIM-utils-51] Simulation object is 'sim_1'
INFO: [USF-XSim-7] Finding pre-compiled libraries...
INFO: [USF-XSim-11] File 'D:/Xilinx/Vivado/2017.4/data/xsim/ip/xsim_ip.ini' copied to run dir:'D:/GitHub/Computer-Organization-Project/pipelineCPU/pipelineCPU.sim/sim_1/behav/xsim'
INFO: [SIM-utils-54] Inspecting design source files for 'tb_pipeline' in fileset 'sim_1'...
INFO: [SIM-utils-43] Exported 'D:/GitHub/Computer-Organization-Project/pipelineCPU/pipelineCPU.sim/sim_1/behav/xsim/pgrom.mif'
INFO: [SIM-utils-43] Exported 'D:/GitHub/Computer-Organization-Project/pipelineCPU/pipelineCPU.sim/sim_1/behav/xsim/test_jbc_2.coe'
INFO: [SIM-utils-43] Exported 'D:/GitHub/Computer-Organization-Project/pipelineCPU/pipelineCPU.sim/sim_1/behav/xsim/test1ROM.coe'
INFO: [SIM-utils-43] Exported 'D:/GitHub/Computer-Organization-Project/pipelineCPU/pipelineCPU.sim/sim_1/behav/xsim/test9ROM.coe'
INFO: [SIM-utils-43] Exported 'D:/GitHub/Computer-Organization-Project/pipelineCPU/pipelineCPU.sim/sim_1/behav/xsim/BaseTest1ROM.coe'
INFO: [SIM-utils-43] Exported 'D:/GitHub/Computer-Organization-Project/pipelineCPU/pipelineCPU.sim/sim_1/behav/xsim/test_jbc_1.coe'
INFO: [USF-XSim-97] Finding global include files...
INFO: [USF-XSim-98] Fetching design files from 'sim_1'...
INFO: [USF-XSim-2] XSim::Compile design
INFO: [USF-XSim-61] Executing 'COMPILE and ANALYZE' step in 'D:/GitHub/Computer-Organization-Project/pipelineCPU/pipelineCPU.sim/sim_1/behav/xsim'
"xvlog --incr --relax -L xil_defaultlib -prj tb_pipeline_vlog.prj"
INFO: [VRFC 10-2263] Analyzing Verilog file "D:/GitHub/Computer-Organization-Project/pipelineCPU/pipelineCPU.srcs/sim_1/new/tb_pipeline.v" into library xil_defaultlib
INFO: [VRFC 10-311] analyzing module tb_pipeline
INFO: [USF-XSim-69] 'compile' step finished in '1' seconds
INFO: [USF-XSim-3] XSim::Elaborate design
INFO: [USF-XSim-61] Executing 'ELABORATE' step in 'D:/GitHub/Computer-Organization-Project/pipelineCPU/pipelineCPU.sim/sim_1/behav/xsim'
Vivado Simulator 2017.4
Copyright 1986-1999, 2001-2016 Xilinx, Inc. All Rights Reserved.
Running: D:/Xilinx/Vivado/2017.4/bin/unwrapped/win64.o/xelab.exe -wto 374ad2d08ccb4635b2dbbca0a3224143 --incr --debug typical --relax --mt 2 -L blk_mem_gen_v8_4_1 -L xil_defaultlib -L unisims_ver -L unimacro_ver -L secureip -L xpm --snapshot tb_pipeline_behav xil_defaultlib.tb_pipeline xil_defaultlib.glbl -log elaborate.log 
Using 2 slave threads.
Starting static elaboration
WARNING: [VRFC 10-278] actual bit length 32 differs from formal bit length 4 for port wea [D:/GitHub/Computer-Organization-Project/pipelineCPU/pipelineCPU.srcs/sources_1/new/MEM.v:68]
WARNING: [VRFC 10-1783] select index 62 into current_contents is out of bounds [/wrk/2017.4/nightly/2017_12_15_2086221/packages/customer/vivado/data/ip/xilinx/blk_mem_gen_v8_4/simulation/blk_mem_gen_v8_4.v:2420]
Completed static elaboration
Starting simulation data flow analysis
WARNING: [XSIM 43-4100] "D:/GitHub/Computer-Organization-Project/pipelineCPU/pipelineCPU.srcs/sources_1/new/top_module.v" Line 3. Module top_module has a timescale but at least one module in design doesn't have timescale.
WARNING: [XSIM 43-4100] "D:/GitHub/Computer-Organization-Project/pipelineCPU/pipelineCPU.srcs/sources_1/new/ClockDivider.v" Line 1. Module ClockDivider has a timescale but at least one module in design doesn't have timescale.
WARNING: [XSIM 43-4100] "D:/GitHub/Computer-Organization-Project/pipelineCPU/pipelineCPU.srcs/sources_1/new/ClockDivider.v" Line 1. Module ClockDivider has a timescale but at least one module in design doesn't have timescale.
WARNING: [XSIM 43-4100] "D:/GitHub/Computer-Organization-Project/pipelineCPU/pipelineCPU.srcs/sources_1/new/HarzardDetection.v" Line 3. Module HarzardDetection has a timescale but at least one module in design doesn't have timescale.
WARNING: [XSIM 43-4100] "D:/GitHub/Computer-Organization-Project/pipelineCPU/pipelineCPU.srcs/sources_1/new/IF.v" Line 23. Module IF has a timescale but at least one module in design doesn't have timescale.
WARNING: [XSIM 43-4100] "D:/GitHub/Computer-Organization-Project/pipelineCPU/pipelineCPU.srcs/sources_1/ip/pgrom/sim/pgrom.v" Line 55. Module pgrom has a timescale but at least one module in design doesn't have timescale.
WARNING: [XSIM 43-4100] "/wrk/2017.4/nightly/2017_12_15_2086221/packages/customer/vivado/data/ip/xilinx/blk_mem_gen_v8_4/simulation/blk_mem_gen_v8_4.v" Line 3412. Module blk_mem_gen_v8_4_1(C_FAMILY="artix7",C_XDEVICEFAMILY="artix7",C_ELABORATION_DIR="./",C_AXI_TYPE=1,C_MEM_TYPE=3,C_PRIM_TYPE=1,C_LOAD_INIT_FILE=1,C_INIT_FILE_NAME="pgrom.mif",C_INIT_FILE="pgrom.mem",C_HAS_ENA=0,C_WRITE_DEPTH_A=16384,C_READ_DEPTH_A=16384,C_ADDRA_WIDTH=14,C_INITB_VAL="0",C_HAS_ENB=0,C_WRITE_DEPTH_B=16384,C_READ_DEPTH_B=16384,C_ADDRB_WIDTH=14,C_SIM_COLLISION_CHECK="ALL",C_COMMON_CLK=0,C_COUNT_36K_BRAM="14",C_COUNT_18K_BRAM="1",C_EST_POWER_SUMMARY="Estimated_Power_for_IP_____:_____12.7204_mW") has a timescale but at least one module in design doesn't have timescale.
WARNING: [XSIM 43-4100] "/wrk/2017.4/nightly/2017_12_15_2086221/packages/customer/vivado/data/ip/xilinx/blk_mem_gen_v8_4/simulation/blk_mem_gen_v8_4.v" Line 1951. Module blk_mem_gen_v8_4_1_mem_module(C_FAMILY="artix7",C_XDEVICEFAMILY="artix7",C_MEM_TYPE=3,C_PRIM_TYPE=1,C_LOAD_INIT_FILE=1,C_INIT_FILE_NAME="pgrom.mif",C_INIT_FILE="pgrom.mem",C_HAS_ENA=0,C_WRITE_DEPTH_A=16384,C_READ_DEPTH_A=16384,C_ADDRA_WIDTH=14,C_INITB_VAL="0",C_HAS_ENB=0,C_WRITE_DEPTH_B=16384,C_READ_DEPTH_B=16384,C_ADDRB_WIDTH=14,C_SIM_COLLISION_CHECK="ALL",C_COMMON_CLK=0) has a timescale but at least one module in design doesn't have timescale.
WARNING: [XSIM 43-4100] "/wrk/2017.4/nightly/2017_12_15_2086221/packages/customer/vivado/data/ip/xilinx/blk_mem_gen_v8_4/simulation/blk_mem_gen_v8_4.v" Line 1563. Module blk_mem_gen_v8_4_1_output_stage(C_FAMILY="artix7",C_XDEVICEFAMILY="artix7",C_ADDRB_WIDTH=14,NUM_STAGES=0) has a timescale but at least one module in design doesn't have timescale.
WARNING: [XSIM 43-4100] "/wrk/2017.4/nightly/2017_12_15_2086221/packages/customer/vivado/data/ip/xilinx/blk_mem_gen_v8_4/simulation/blk_mem_gen_v8_4.v" Line 1563. Module blk_mem_gen_v8_4_1_output_stage(C_FAMILY="artix7",C_XDEVICEFAMILY="artix7",C_ADDRB_WIDTH=14,NUM_STAGES=0) has a timescale but at least one module in design doesn't have timescale.
WARNING: [XSIM 43-4100] "/wrk/2017.4/nightly/2017_12_15_2086221/packages/customer/vivado/data/ip/xilinx/blk_mem_gen_v8_4/simulation/blk_mem_gen_v8_4.v" Line 1859. Module blk_mem_gen_v8_4_1_softecc_output_reg_stage(C_ADDRB_WIDTH=14) has a timescale but at least one module in design doesn't have timescale.
WARNING: [XSIM 43-4100] "D:/GitHub/Computer-Organization-Project/pipelineCPU/pipelineCPU.srcs/sources_1/new/ID.v" Line 23. Module ID has a timescale but at least one module in design doesn't have timescale.
WARNING: [XSIM 43-4100] "D:/GitHub/Computer-Organization-Project/pipelineCPU/pipelineCPU.srcs/sources_1/new/EXE.v" Line 23. Module EXE has a timescale but at least one module in design doesn't have timescale.
WARNING: [XSIM 43-4100] "D:/GitHub/Computer-Organization-Project/pipelineCPU/pipelineCPU.srcs/sources_1/new/MEM.v" Line 23. Module MEM has a timescale but at least one module in design doesn't have timescale.
WARNING: [XSIM 43-4100] "D:/GitHub/Computer-Organization-Project/pipelineCPU/pipelineCPU.srcs/sources_1/ip/pgram/sim/pgram.v" Line 55. Module pgram has a timescale but at least one module in design doesn't have timescale.
WARNING: [XSIM 43-4100] "/wrk/2017.4/nightly/2017_12_15_2086221/packages/customer/vivado/data/ip/xilinx/blk_mem_gen_v8_4/simulation/blk_mem_gen_v8_4.v" Line 3412. Module blk_mem_gen_v8_4_1(C_FAMILY="artix7",C_XDEVICEFAMILY="artix7",C_ELABORATION_DIR="./",C_AXI_TYPE=1,C_MEM_TYPE=0,C_BYTE_SIZE=8,C_PRIM_TYPE=1,C_INIT_FILE_NAME="no_coe_file_loaded",C_INIT_FILE="pgram.mem",C_HAS_ENA=0,C_USE_BYTE_WEA=1,C_WEA_WIDTH=4,C_WRITE_DEPTH_A=16384,C_READ_DEPTH_A=16384,C_ADDRA_WIDTH=14,C_INITB_VAL="0",C_HAS_ENB=0,C_USE_BYTE_WEB=1,C_WEB_WIDTH=4,C_WRITE_DEPTH_B=16384,C_READ_DEPTH_B=16384,C_ADDRB_WIDTH=14,C_SIM_COLLISION_CHECK="ALL",C_COMMON_CLK=0,C_COUNT_36K_BRAM="16",C_COUNT_18K_BRAM="0",C_EST_POWER_SUMMARY="Estimated_Power_for_IP_____:_____10.194_mW") has a timescale but at least one module in design doesn't have timescale.
WARNING: [XSIM 43-4100] "/wrk/2017.4/nightly/2017_12_15_2086221/packages/customer/vivado/data/ip/xilinx/blk_mem_gen_v8_4/simulation/blk_mem_gen_v8_4.v" Line 1951. Module blk_mem_gen_v8_4_1_mem_module(C_FAMILY="artix7",C_XDEVICEFAMILY="artix7",C_MEM_TYPE=0,C_BYTE_SIZE=8,C_PRIM_TYPE=1,C_INIT_FILE_NAME="no_coe_file_loaded",C_INIT_FILE="pgram.mem",C_HAS_ENA=0,C_USE_BYTE_WEA=1,C_WEA_WIDTH=4,C_WRITE_DEPTH_A=16384,C_READ_DEPTH_A=16384,C_ADDRA_WIDTH=14,C_INITB_VAL="0",C_HAS_ENB=0,C_USE_BYTE_WEB=1,C_WEB_WIDTH=4,C_WRITE_DEPTH_B=16384,C_READ_DEPTH_B=16384,C_ADDRB_WIDTH=14,C_SIM_COLLISION_CHECK="ALL",C_COMMON_CLK=0) has a timescale but at least one module in design doesn't have timescale.
WARNING: [XSIM 43-4100] "/wrk/2017.4/nightly/2017_12_15_2086221/packages/customer/vivado/data/ip/xilinx/blk_mem_gen_v8_4/simulation/blk_mem_gen_v8_4.v" Line 1563. Module blk_mem_gen_v8_4_1_output_stage(C_FAMILY="artix7",C_XDEVICEFAMILY="artix7",C_ADDRB_WIDTH=14,NUM_STAGES=0) has a timescale but at least one module in design doesn't have timescale.
WARNING: [XSIM 43-4100] "/wrk/2017.4/nightly/2017_12_15_2086221/packages/customer/vivado/data/ip/xilinx/blk_mem_gen_v8_4/simulation/blk_mem_gen_v8_4.v" Line 1563. Module blk_mem_gen_v8_4_1_output_stage(C_FAMILY="artix7",C_XDEVICEFAMILY="artix7",C_ADDRB_WIDTH=14,NUM_STAGES=0) has a timescale but at least one module in design doesn't have timescale.
WARNING: [XSIM 43-4100] "/wrk/2017.4/nightly/2017_12_15_2086221/packages/customer/vivado/data/ip/xilinx/blk_mem_gen_v8_4/simulation/blk_mem_gen_v8_4.v" Line 1859. Module blk_mem_gen_v8_4_1_softecc_output_reg_stage(C_ADDRB_WIDTH=14) has a timescale but at least one module in design doesn't have timescale.
WARNING: [XSIM 43-4100] "D:/GitHub/Computer-Organization-Project/pipelineCPU/pipelineCPU.srcs/sources_1/new/WB.v" Line 1. Module WB has a timescale but at least one module in design doesn't have timescale.
WARNING: [XSIM 43-4100] "D:/GitHub/Computer-Organization-Project/pipelineCPU/pipelineCPU.srcs/sources_1/new/InputModule.v" Line 3. Module InputModule has a timescale but at least one module in design doesn't have timescale.
WARNING: [XSIM 43-4100] "D:/GitHub/Computer-Organization-Project/pipelineCPU/pipelineCPU.srcs/sources_1/new/OutputModule.v" Line 1. Module OutputModule has a timescale but at least one module in design doesn't have timescale.
WARNING: [XSIM 43-4100] "D:/GitHub/Computer-Organization-Project/pipelineCPU/pipelineCPU.srcs/sources_1/new/SegGenerator.v" Line 1. Module SegGenerator has a timescale but at least one module in design doesn't have timescale.
WARNING: [XSIM 43-4100] "D:/GitHub/Computer-Organization-Project/pipelineCPU/pipelineCPU.srcs/sources_1/new/ClockDivider.v" Line 1. Module ClockDivider has a timescale but at least one module in design doesn't have timescale.
WARNING: [XSIM 43-4100] "D:/GitHub/Computer-Organization-Project/pipelineCPU/pipelineCPU.srcs/sources_1/new/SegDisplay.v" Line 1. Module SegDisplay has a timescale but at least one module in design doesn't have timescale.
WARNING: [XSIM 43-4100] "D:/GitHub/Computer-Organization-Project/pipelineCPU/pipelineCPU.sim/sim_1/behav/xsim/glbl.v" Line 6. Module glbl has a timescale but at least one module in design doesn't have timescale.
Completed simulation data flow analysis
Time Resolution for simulation is 1ps
Compiling module xil_defaultlib.ClockDivider
Compiling module xil_defaultlib.HarzardDetection
Compiling module blk_mem_gen_v8_4_1.blk_mem_gen_v8_4_1_output_stage(...
Compiling module blk_mem_gen_v8_4_1.blk_mem_gen_v8_4_1_softecc_outpu...
Compiling module blk_mem_gen_v8_4_1.blk_mem_gen_v8_4_1_mem_module(C_...
Compiling module blk_mem_gen_v8_4_1.blk_mem_gen_v8_4_1(C_FAMILY="art...
Compiling module xil_defaultlib.pgrom
Compiling module xil_defaultlib.IF
Compiling module xil_defaultlib.ID
Compiling module xil_defaultlib.EXE
Compiling module blk_mem_gen_v8_4_1.blk_mem_gen_v8_4_1_mem_module(C_...
Compiling module blk_mem_gen_v8_4_1.blk_mem_gen_v8_4_1(C_FAMILY="art...
Compiling module xil_defaultlib.pgram
Compiling module xil_defaultlib.MEM
Compiling module xil_defaultlib.WB
Compiling module xil_defaultlib.InputModule
Compiling module xil_defaultlib.SegGenerator
Compiling module xil_defaultlib.SegDisplay
Compiling module xil_defaultlib.OutputModule
Compiling module xil_defaultlib.top_module
Compiling module xil_defaultlib.tb_pipeline
Compiling module xil_defaultlib.glbl
Built simulation snapshot tb_pipeline_behav
INFO: [USF-XSim-69] 'elaborate' step finished in '4' seconds
INFO: [USF-XSim-4] XSim::Simulate design
INFO: [USF-XSim-61] Executing 'SIMULATE' step in 'D:/GitHub/Computer-Organization-Project/pipelineCPU/pipelineCPU.sim/sim_1/behav/xsim'
INFO: [USF-XSim-98] *** Running xsim
   with args "tb_pipeline_behav -key {Behavioral:sim_1:Functional:tb_pipeline} -tclbatch {tb_pipeline.tcl} -view {D:/GitHub/Computer-Organization-Project/pipelineCPU/tb_pipeline_behav.wcfg} -log {simulate.log}"
INFO: [USF-XSim-8] Loading simulator feature
Vivado Simulator 2017.4
Time resolution is 1 ps
open_wave_config D:/GitHub/Computer-Organization-Project/pipelineCPU/tb_pipeline_behav.wcfg
source tb_pipeline.tcl
# set curr_wave [current_wave_config]
# if { [string length $curr_wave] == 0 } {
#   if { [llength [get_objects]] > 0} {
#     add_wave /
#     set_property needs_save false [current_wave_config]
#   } else {
#      send_msg_id Add_Wave-1 WARNING "No top level signals found. Simulator will start without a wave window. If you want to open a wave window go to 'File->New Waveform Configuration' or type 'create_wave_config' in the TCL console."
#   }
# }
# run 1000ns
 Block Memory Generator module loading initial data...
 Block Memory Generator data initialization complete.
Block Memory Generator module tb_pipeline.uut_tm.if_uut.urom.inst.native_mem_module.blk_mem_gen_v8_4_1_inst is using a behavioral model for simulation which will not precisely model memory collision behavior.
Block Memory Generator module tb_pipeline.uut_tm.mem_uut.udram.inst.native_mem_module.blk_mem_gen_v8_4_1_inst is using a behavioral model for simulation which will not precisely model memory collision behavior.
INFO: [USF-XSim-96] XSim completed. Design snapshot 'tb_pipeline_behav' loaded.
INFO: [USF-XSim-97] XSim simulation ran for 1000ns
launch_simulation: Time (s): cpu = 00:00:05 ; elapsed = 00:00:07 . Memory (MB): peak = 2987.984 ; gain = 0.000
close_sim
INFO: [Simtcl 6-16] Simulation closed
launch_simulation
INFO: [Vivado 12-5698] Checking validity of IPs in the design for the 'XSim' simulator...
INFO: [Vivado 12-5682] Launching behavioral simulation in 'D:/GitHub/Computer-Organization-Project/pipelineCPU/pipelineCPU.sim/sim_1/behav/xsim'
INFO: [Vivado 12-4795] Using compiled simulation libraries for IPs
INFO: [SIM-utils-51] Simulation object is 'sim_1'
INFO: [USF-XSim-7] Finding pre-compiled libraries...
INFO: [USF-XSim-11] File 'D:/Xilinx/Vivado/2017.4/data/xsim/ip/xsim_ip.ini' copied to run dir:'D:/GitHub/Computer-Organization-Project/pipelineCPU/pipelineCPU.sim/sim_1/behav/xsim'
INFO: [SIM-utils-54] Inspecting design source files for 'tb_pipeline' in fileset 'sim_1'...
INFO: [SIM-utils-43] Exported 'D:/GitHub/Computer-Organization-Project/pipelineCPU/pipelineCPU.sim/sim_1/behav/xsim/pgrom.mif'
INFO: [SIM-utils-43] Exported 'D:/GitHub/Computer-Organization-Project/pipelineCPU/pipelineCPU.sim/sim_1/behav/xsim/test_jbc_2.coe'
INFO: [SIM-utils-43] Exported 'D:/GitHub/Computer-Organization-Project/pipelineCPU/pipelineCPU.sim/sim_1/behav/xsim/test1ROM.coe'
INFO: [SIM-utils-43] Exported 'D:/GitHub/Computer-Organization-Project/pipelineCPU/pipelineCPU.sim/sim_1/behav/xsim/test9ROM.coe'
INFO: [SIM-utils-43] Exported 'D:/GitHub/Computer-Organization-Project/pipelineCPU/pipelineCPU.sim/sim_1/behav/xsim/BaseTest1ROM.coe'
INFO: [SIM-utils-43] Exported 'D:/GitHub/Computer-Organization-Project/pipelineCPU/pipelineCPU.sim/sim_1/behav/xsim/test_jbc_1.coe'
INFO: [USF-XSim-97] Finding global include files...
INFO: [USF-XSim-98] Fetching design files from 'sim_1'...
INFO: [USF-XSim-2] XSim::Compile design
INFO: [USF-XSim-61] Executing 'COMPILE and ANALYZE' step in 'D:/GitHub/Computer-Organization-Project/pipelineCPU/pipelineCPU.sim/sim_1/behav/xsim'
"xvlog --incr --relax -L xil_defaultlib -prj tb_pipeline_vlog.prj"
INFO: [VRFC 10-2263] Analyzing SystemVerilog file "D:/GitHub/Computer-Organization-Project/pipelineCPU/pipelineCPU.srcs/sources_1/new/ID.v" into library xil_defaultlib
INFO: [VRFC 10-311] analyzing module ID
INFO: [VRFC 10-2263] Analyzing SystemVerilog file "D:/GitHub/Computer-Organization-Project/pipelineCPU/pipelineCPU.srcs/sources_1/new/WB.v" into library xil_defaultlib
INFO: [VRFC 10-311] analyzing module WB
INFO: [VRFC 10-2263] Analyzing SystemVerilog file "D:/GitHub/Computer-Organization-Project/pipelineCPU/pipelineCPU.srcs/sources_1/new/top_module.v" into library xil_defaultlib
INFO: [VRFC 10-311] analyzing module top_module
INFO: [USF-XSim-69] 'compile' step finished in '1' seconds
INFO: [USF-XSim-3] XSim::Elaborate design
INFO: [USF-XSim-61] Executing 'ELABORATE' step in 'D:/GitHub/Computer-Organization-Project/pipelineCPU/pipelineCPU.sim/sim_1/behav/xsim'
Vivado Simulator 2017.4
Copyright 1986-1999, 2001-2016 Xilinx, Inc. All Rights Reserved.
Running: D:/Xilinx/Vivado/2017.4/bin/unwrapped/win64.o/xelab.exe -wto 374ad2d08ccb4635b2dbbca0a3224143 --incr --debug typical --relax --mt 2 -L blk_mem_gen_v8_4_1 -L xil_defaultlib -L unisims_ver -L unimacro_ver -L secureip -L xpm --snapshot tb_pipeline_behav xil_defaultlib.tb_pipeline xil_defaultlib.glbl -log elaborate.log 
Using 2 slave threads.
Starting static elaboration
WARNING: [VRFC 10-278] actual bit length 32 differs from formal bit length 4 for port wea [D:/GitHub/Computer-Organization-Project/pipelineCPU/pipelineCPU.srcs/sources_1/new/MEM.v:68]
WARNING: [VRFC 10-1783] select index 62 into current_contents is out of bounds [/wrk/2017.4/nightly/2017_12_15_2086221/packages/customer/vivado/data/ip/xilinx/blk_mem_gen_v8_4/simulation/blk_mem_gen_v8_4.v:2420]
Completed static elaboration
Starting simulation data flow analysis
WARNING: [XSIM 43-4100] "D:/GitHub/Computer-Organization-Project/pipelineCPU/pipelineCPU.srcs/sources_1/new/top_module.v" Line 3. Module top_module has a timescale but at least one module in design doesn't have timescale.
WARNING: [XSIM 43-4100] "D:/GitHub/Computer-Organization-Project/pipelineCPU/pipelineCPU.srcs/sources_1/new/ClockDivider.v" Line 1. Module ClockDivider has a timescale but at least one module in design doesn't have timescale.
WARNING: [XSIM 43-4100] "D:/GitHub/Computer-Organization-Project/pipelineCPU/pipelineCPU.srcs/sources_1/new/ClockDivider.v" Line 1. Module ClockDivider has a timescale but at least one module in design doesn't have timescale.
WARNING: [XSIM 43-4100] "D:/GitHub/Computer-Organization-Project/pipelineCPU/pipelineCPU.srcs/sources_1/new/HarzardDetection.v" Line 3. Module HarzardDetection has a timescale but at least one module in design doesn't have timescale.
WARNING: [XSIM 43-4100] "D:/GitHub/Computer-Organization-Project/pipelineCPU/pipelineCPU.srcs/sources_1/new/IF.v" Line 23. Module IF has a timescale but at least one module in design doesn't have timescale.
WARNING: [XSIM 43-4100] "D:/GitHub/Computer-Organization-Project/pipelineCPU/pipelineCPU.srcs/sources_1/ip/pgrom/sim/pgrom.v" Line 55. Module pgrom has a timescale but at least one module in design doesn't have timescale.
WARNING: [XSIM 43-4100] "/wrk/2017.4/nightly/2017_12_15_2086221/packages/customer/vivado/data/ip/xilinx/blk_mem_gen_v8_4/simulation/blk_mem_gen_v8_4.v" Line 3412. Module blk_mem_gen_v8_4_1(C_FAMILY="artix7",C_XDEVICEFAMILY="artix7",C_ELABORATION_DIR="./",C_AXI_TYPE=1,C_MEM_TYPE=3,C_PRIM_TYPE=1,C_LOAD_INIT_FILE=1,C_INIT_FILE_NAME="pgrom.mif",C_INIT_FILE="pgrom.mem",C_HAS_ENA=0,C_WRITE_DEPTH_A=16384,C_READ_DEPTH_A=16384,C_ADDRA_WIDTH=14,C_INITB_VAL="0",C_HAS_ENB=0,C_WRITE_DEPTH_B=16384,C_READ_DEPTH_B=16384,C_ADDRB_WIDTH=14,C_SIM_COLLISION_CHECK="ALL",C_COMMON_CLK=0,C_COUNT_36K_BRAM="14",C_COUNT_18K_BRAM="1",C_EST_POWER_SUMMARY="Estimated_Power_for_IP_____:_____12.7204_mW") has a timescale but at least one module in design doesn't have timescale.
WARNING: [XSIM 43-4100] "/wrk/2017.4/nightly/2017_12_15_2086221/packages/customer/vivado/data/ip/xilinx/blk_mem_gen_v8_4/simulation/blk_mem_gen_v8_4.v" Line 1951. Module blk_mem_gen_v8_4_1_mem_module(C_FAMILY="artix7",C_XDEVICEFAMILY="artix7",C_MEM_TYPE=3,C_PRIM_TYPE=1,C_LOAD_INIT_FILE=1,C_INIT_FILE_NAME="pgrom.mif",C_INIT_FILE="pgrom.mem",C_HAS_ENA=0,C_WRITE_DEPTH_A=16384,C_READ_DEPTH_A=16384,C_ADDRA_WIDTH=14,C_INITB_VAL="0",C_HAS_ENB=0,C_WRITE_DEPTH_B=16384,C_READ_DEPTH_B=16384,C_ADDRB_WIDTH=14,C_SIM_COLLISION_CHECK="ALL",C_COMMON_CLK=0) has a timescale but at least one module in design doesn't have timescale.
WARNING: [XSIM 43-4100] "/wrk/2017.4/nightly/2017_12_15_2086221/packages/customer/vivado/data/ip/xilinx/blk_mem_gen_v8_4/simulation/blk_mem_gen_v8_4.v" Line 1563. Module blk_mem_gen_v8_4_1_output_stage(C_FAMILY="artix7",C_XDEVICEFAMILY="artix7",C_ADDRB_WIDTH=14,NUM_STAGES=0) has a timescale but at least one module in design doesn't have timescale.
WARNING: [XSIM 43-4100] "/wrk/2017.4/nightly/2017_12_15_2086221/packages/customer/vivado/data/ip/xilinx/blk_mem_gen_v8_4/simulation/blk_mem_gen_v8_4.v" Line 1563. Module blk_mem_gen_v8_4_1_output_stage(C_FAMILY="artix7",C_XDEVICEFAMILY="artix7",C_ADDRB_WIDTH=14,NUM_STAGES=0) has a timescale but at least one module in design doesn't have timescale.
WARNING: [XSIM 43-4100] "/wrk/2017.4/nightly/2017_12_15_2086221/packages/customer/vivado/data/ip/xilinx/blk_mem_gen_v8_4/simulation/blk_mem_gen_v8_4.v" Line 1859. Module blk_mem_gen_v8_4_1_softecc_output_reg_stage(C_ADDRB_WIDTH=14) has a timescale but at least one module in design doesn't have timescale.
WARNING: [XSIM 43-4100] "D:/GitHub/Computer-Organization-Project/pipelineCPU/pipelineCPU.srcs/sources_1/new/ID.v" Line 23. Module ID has a timescale but at least one module in design doesn't have timescale.
WARNING: [XSIM 43-4100] "D:/GitHub/Computer-Organization-Project/pipelineCPU/pipelineCPU.srcs/sources_1/new/EXE.v" Line 23. Module EXE has a timescale but at least one module in design doesn't have timescale.
WARNING: [XSIM 43-4100] "D:/GitHub/Computer-Organization-Project/pipelineCPU/pipelineCPU.srcs/sources_1/new/MEM.v" Line 23. Module MEM has a timescale but at least one module in design doesn't have timescale.
WARNING: [XSIM 43-4100] "D:/GitHub/Computer-Organization-Project/pipelineCPU/pipelineCPU.srcs/sources_1/ip/pgram/sim/pgram.v" Line 55. Module pgram has a timescale but at least one module in design doesn't have timescale.
WARNING: [XSIM 43-4100] "/wrk/2017.4/nightly/2017_12_15_2086221/packages/customer/vivado/data/ip/xilinx/blk_mem_gen_v8_4/simulation/blk_mem_gen_v8_4.v" Line 3412. Module blk_mem_gen_v8_4_1(C_FAMILY="artix7",C_XDEVICEFAMILY="artix7",C_ELABORATION_DIR="./",C_AXI_TYPE=1,C_MEM_TYPE=0,C_BYTE_SIZE=8,C_PRIM_TYPE=1,C_INIT_FILE_NAME="no_coe_file_loaded",C_INIT_FILE="pgram.mem",C_HAS_ENA=0,C_USE_BYTE_WEA=1,C_WEA_WIDTH=4,C_WRITE_DEPTH_A=16384,C_READ_DEPTH_A=16384,C_ADDRA_WIDTH=14,C_INITB_VAL="0",C_HAS_ENB=0,C_USE_BYTE_WEB=1,C_WEB_WIDTH=4,C_WRITE_DEPTH_B=16384,C_READ_DEPTH_B=16384,C_ADDRB_WIDTH=14,C_SIM_COLLISION_CHECK="ALL",C_COMMON_CLK=0,C_COUNT_36K_BRAM="16",C_COUNT_18K_BRAM="0",C_EST_POWER_SUMMARY="Estimated_Power_for_IP_____:_____10.194_mW") has a timescale but at least one module in design doesn't have timescale.
WARNING: [XSIM 43-4100] "/wrk/2017.4/nightly/2017_12_15_2086221/packages/customer/vivado/data/ip/xilinx/blk_mem_gen_v8_4/simulation/blk_mem_gen_v8_4.v" Line 1951. Module blk_mem_gen_v8_4_1_mem_module(C_FAMILY="artix7",C_XDEVICEFAMILY="artix7",C_MEM_TYPE=0,C_BYTE_SIZE=8,C_PRIM_TYPE=1,C_INIT_FILE_NAME="no_coe_file_loaded",C_INIT_FILE="pgram.mem",C_HAS_ENA=0,C_USE_BYTE_WEA=1,C_WEA_WIDTH=4,C_WRITE_DEPTH_A=16384,C_READ_DEPTH_A=16384,C_ADDRA_WIDTH=14,C_INITB_VAL="0",C_HAS_ENB=0,C_USE_BYTE_WEB=1,C_WEB_WIDTH=4,C_WRITE_DEPTH_B=16384,C_READ_DEPTH_B=16384,C_ADDRB_WIDTH=14,C_SIM_COLLISION_CHECK="ALL",C_COMMON_CLK=0) has a timescale but at least one module in design doesn't have timescale.
WARNING: [XSIM 43-4100] "/wrk/2017.4/nightly/2017_12_15_2086221/packages/customer/vivado/data/ip/xilinx/blk_mem_gen_v8_4/simulation/blk_mem_gen_v8_4.v" Line 1563. Module blk_mem_gen_v8_4_1_output_stage(C_FAMILY="artix7",C_XDEVICEFAMILY="artix7",C_ADDRB_WIDTH=14,NUM_STAGES=0) has a timescale but at least one module in design doesn't have timescale.
WARNING: [XSIM 43-4100] "/wrk/2017.4/nightly/2017_12_15_2086221/packages/customer/vivado/data/ip/xilinx/blk_mem_gen_v8_4/simulation/blk_mem_gen_v8_4.v" Line 1563. Module blk_mem_gen_v8_4_1_output_stage(C_FAMILY="artix7",C_XDEVICEFAMILY="artix7",C_ADDRB_WIDTH=14,NUM_STAGES=0) has a timescale but at least one module in design doesn't have timescale.
WARNING: [XSIM 43-4100] "/wrk/2017.4/nightly/2017_12_15_2086221/packages/customer/vivado/data/ip/xilinx/blk_mem_gen_v8_4/simulation/blk_mem_gen_v8_4.v" Line 1859. Module blk_mem_gen_v8_4_1_softecc_output_reg_stage(C_ADDRB_WIDTH=14) has a timescale but at least one module in design doesn't have timescale.
WARNING: [XSIM 43-4100] "D:/GitHub/Computer-Organization-Project/pipelineCPU/pipelineCPU.srcs/sources_1/new/WB.v" Line 1. Module WB has a timescale but at least one module in design doesn't have timescale.
WARNING: [XSIM 43-4100] "D:/GitHub/Computer-Organization-Project/pipelineCPU/pipelineCPU.srcs/sources_1/new/InputModule.v" Line 3. Module InputModule has a timescale but at least one module in design doesn't have timescale.
WARNING: [XSIM 43-4100] "D:/GitHub/Computer-Organization-Project/pipelineCPU/pipelineCPU.srcs/sources_1/new/OutputModule.v" Line 1. Module OutputModule has a timescale but at least one module in design doesn't have timescale.
WARNING: [XSIM 43-4100] "D:/GitHub/Computer-Organization-Project/pipelineCPU/pipelineCPU.srcs/sources_1/new/SegGenerator.v" Line 1. Module SegGenerator has a timescale but at least one module in design doesn't have timescale.
WARNING: [XSIM 43-4100] "D:/GitHub/Computer-Organization-Project/pipelineCPU/pipelineCPU.srcs/sources_1/new/ClockDivider.v" Line 1. Module ClockDivider has a timescale but at least one module in design doesn't have timescale.
WARNING: [XSIM 43-4100] "D:/GitHub/Computer-Organization-Project/pipelineCPU/pipelineCPU.srcs/sources_1/new/SegDisplay.v" Line 1. Module SegDisplay has a timescale but at least one module in design doesn't have timescale.
WARNING: [XSIM 43-4100] "D:/GitHub/Computer-Organization-Project/pipelineCPU/pipelineCPU.sim/sim_1/behav/xsim/glbl.v" Line 6. Module glbl has a timescale but at least one module in design doesn't have timescale.
Completed simulation data flow analysis
Time Resolution for simulation is 1ps
Compiling module xil_defaultlib.ClockDivider
Compiling module xil_defaultlib.HarzardDetection
Compiling module blk_mem_gen_v8_4_1.blk_mem_gen_v8_4_1_output_stage(...
Compiling module blk_mem_gen_v8_4_1.blk_mem_gen_v8_4_1_softecc_outpu...
Compiling module blk_mem_gen_v8_4_1.blk_mem_gen_v8_4_1_mem_module(C_...
Compiling module blk_mem_gen_v8_4_1.blk_mem_gen_v8_4_1(C_FAMILY="art...
Compiling module xil_defaultlib.pgrom
Compiling module xil_defaultlib.IF
Compiling module xil_defaultlib.ID
Compiling module xil_defaultlib.EXE
Compiling module blk_mem_gen_v8_4_1.blk_mem_gen_v8_4_1_mem_module(C_...
Compiling module blk_mem_gen_v8_4_1.blk_mem_gen_v8_4_1(C_FAMILY="art...
Compiling module xil_defaultlib.pgram
Compiling module xil_defaultlib.MEM
Compiling module xil_defaultlib.WB
Compiling module xil_defaultlib.InputModule
Compiling module xil_defaultlib.SegGenerator
Compiling module xil_defaultlib.SegDisplay
Compiling module xil_defaultlib.OutputModule
Compiling module xil_defaultlib.top_module
Compiling module xil_defaultlib.tb_pipeline
Compiling module xil_defaultlib.glbl
Built simulation snapshot tb_pipeline_behav
INFO: [USF-XSim-69] 'elaborate' step finished in '4' seconds
INFO: [USF-XSim-4] XSim::Simulate design
INFO: [USF-XSim-61] Executing 'SIMULATE' step in 'D:/GitHub/Computer-Organization-Project/pipelineCPU/pipelineCPU.sim/sim_1/behav/xsim'
INFO: [USF-XSim-98] *** Running xsim
   with args "tb_pipeline_behav -key {Behavioral:sim_1:Functional:tb_pipeline} -tclbatch {tb_pipeline.tcl} -view {D:/GitHub/Computer-Organization-Project/pipelineCPU/tb_pipeline_behav.wcfg} -log {simulate.log}"
INFO: [USF-XSim-8] Loading simulator feature
Vivado Simulator 2017.4
Time resolution is 1 ps
open_wave_config D:/GitHub/Computer-Organization-Project/pipelineCPU/tb_pipeline_behav.wcfg
source tb_pipeline.tcl
# set curr_wave [current_wave_config]
# if { [string length $curr_wave] == 0 } {
#   if { [llength [get_objects]] > 0} {
#     add_wave /
#     set_property needs_save false [current_wave_config]
#   } else {
#      send_msg_id Add_Wave-1 WARNING "No top level signals found. Simulator will start without a wave window. If you want to open a wave window go to 'File->New Waveform Configuration' or type 'create_wave_config' in the TCL console."
#   }
# }
# run 1000ns
 Block Memory Generator module loading initial data...
 Block Memory Generator data initialization complete.
Block Memory Generator module tb_pipeline.uut_tm.if_uut.urom.inst.native_mem_module.blk_mem_gen_v8_4_1_inst is using a behavioral model for simulation which will not precisely model memory collision behavior.
Block Memory Generator module tb_pipeline.uut_tm.mem_uut.udram.inst.native_mem_module.blk_mem_gen_v8_4_1_inst is using a behavioral model for simulation which will not precisely model memory collision behavior.
INFO: [USF-XSim-96] XSim completed. Design snapshot 'tb_pipeline_behav' loaded.
INFO: [USF-XSim-97] XSim simulation ran for 1000ns
launch_simulation: Time (s): cpu = 00:00:03 ; elapsed = 00:00:07 . Memory (MB): peak = 2988.266 ; gain = 0.000
close_sim
INFO: [Simtcl 6-16] Simulation closed
launch_simulation
INFO: [Vivado 12-5698] Checking validity of IPs in the design for the 'XSim' simulator...
INFO: [Vivado 12-5682] Launching behavioral simulation in 'D:/GitHub/Computer-Organization-Project/pipelineCPU/pipelineCPU.sim/sim_1/behav/xsim'
INFO: [Vivado 12-4795] Using compiled simulation libraries for IPs
INFO: [SIM-utils-51] Simulation object is 'sim_1'
INFO: [USF-XSim-7] Finding pre-compiled libraries...
INFO: [USF-XSim-11] File 'D:/Xilinx/Vivado/2017.4/data/xsim/ip/xsim_ip.ini' copied to run dir:'D:/GitHub/Computer-Organization-Project/pipelineCPU/pipelineCPU.sim/sim_1/behav/xsim'
INFO: [SIM-utils-54] Inspecting design source files for 'tb_pipeline' in fileset 'sim_1'...
INFO: [SIM-utils-43] Exported 'D:/GitHub/Computer-Organization-Project/pipelineCPU/pipelineCPU.sim/sim_1/behav/xsim/pgrom.mif'
INFO: [SIM-utils-43] Exported 'D:/GitHub/Computer-Organization-Project/pipelineCPU/pipelineCPU.sim/sim_1/behav/xsim/test_jbc_2.coe'
INFO: [SIM-utils-43] Exported 'D:/GitHub/Computer-Organization-Project/pipelineCPU/pipelineCPU.sim/sim_1/behav/xsim/test1ROM.coe'
INFO: [SIM-utils-43] Exported 'D:/GitHub/Computer-Organization-Project/pipelineCPU/pipelineCPU.sim/sim_1/behav/xsim/test9ROM.coe'
INFO: [SIM-utils-43] Exported 'D:/GitHub/Computer-Organization-Project/pipelineCPU/pipelineCPU.sim/sim_1/behav/xsim/BaseTest1ROM.coe'
INFO: [SIM-utils-43] Exported 'D:/GitHub/Computer-Organization-Project/pipelineCPU/pipelineCPU.sim/sim_1/behav/xsim/test_jbc_1.coe'
INFO: [USF-XSim-97] Finding global include files...
INFO: [USF-XSim-98] Fetching design files from 'sim_1'...
INFO: [USF-XSim-2] XSim::Compile design
INFO: [USF-XSim-61] Executing 'COMPILE and ANALYZE' step in 'D:/GitHub/Computer-Organization-Project/pipelineCPU/pipelineCPU.sim/sim_1/behav/xsim'
"xvlog --incr --relax -L xil_defaultlib -prj tb_pipeline_vlog.prj"
INFO: [VRFC 10-2263] Analyzing Verilog file "D:/GitHub/Computer-Organization-Project/pipelineCPU/pipelineCPU.srcs/sim_1/new/tb_pipeline.v" into library xil_defaultlib
INFO: [VRFC 10-311] analyzing module tb_pipeline
INFO: [USF-XSim-69] 'compile' step finished in '1' seconds
INFO: [USF-XSim-3] XSim::Elaborate design
INFO: [USF-XSim-61] Executing 'ELABORATE' step in 'D:/GitHub/Computer-Organization-Project/pipelineCPU/pipelineCPU.sim/sim_1/behav/xsim'
Vivado Simulator 2017.4
Copyright 1986-1999, 2001-2016 Xilinx, Inc. All Rights Reserved.
Running: D:/Xilinx/Vivado/2017.4/bin/unwrapped/win64.o/xelab.exe -wto 374ad2d08ccb4635b2dbbca0a3224143 --incr --debug typical --relax --mt 2 -L blk_mem_gen_v8_4_1 -L xil_defaultlib -L unisims_ver -L unimacro_ver -L secureip -L xpm --snapshot tb_pipeline_behav xil_defaultlib.tb_pipeline xil_defaultlib.glbl -log elaborate.log 
Using 2 slave threads.
Starting static elaboration
WARNING: [VRFC 10-278] actual bit length 32 differs from formal bit length 4 for port wea [D:/GitHub/Computer-Organization-Project/pipelineCPU/pipelineCPU.srcs/sources_1/new/MEM.v:68]
WARNING: [VRFC 10-1783] select index 62 into current_contents is out of bounds [/wrk/2017.4/nightly/2017_12_15_2086221/packages/customer/vivado/data/ip/xilinx/blk_mem_gen_v8_4/simulation/blk_mem_gen_v8_4.v:2420]
Completed static elaboration
Starting simulation data flow analysis
WARNING: [XSIM 43-4100] "D:/GitHub/Computer-Organization-Project/pipelineCPU/pipelineCPU.srcs/sources_1/new/top_module.v" Line 3. Module top_module has a timescale but at least one module in design doesn't have timescale.
WARNING: [XSIM 43-4100] "D:/GitHub/Computer-Organization-Project/pipelineCPU/pipelineCPU.srcs/sources_1/new/ClockDivider.v" Line 1. Module ClockDivider has a timescale but at least one module in design doesn't have timescale.
WARNING: [XSIM 43-4100] "D:/GitHub/Computer-Organization-Project/pipelineCPU/pipelineCPU.srcs/sources_1/new/ClockDivider.v" Line 1. Module ClockDivider has a timescale but at least one module in design doesn't have timescale.
WARNING: [XSIM 43-4100] "D:/GitHub/Computer-Organization-Project/pipelineCPU/pipelineCPU.srcs/sources_1/new/HarzardDetection.v" Line 3. Module HarzardDetection has a timescale but at least one module in design doesn't have timescale.
WARNING: [XSIM 43-4100] "D:/GitHub/Computer-Organization-Project/pipelineCPU/pipelineCPU.srcs/sources_1/new/IF.v" Line 23. Module IF has a timescale but at least one module in design doesn't have timescale.
WARNING: [XSIM 43-4100] "D:/GitHub/Computer-Organization-Project/pipelineCPU/pipelineCPU.srcs/sources_1/ip/pgrom/sim/pgrom.v" Line 55. Module pgrom has a timescale but at least one module in design doesn't have timescale.
WARNING: [XSIM 43-4100] "/wrk/2017.4/nightly/2017_12_15_2086221/packages/customer/vivado/data/ip/xilinx/blk_mem_gen_v8_4/simulation/blk_mem_gen_v8_4.v" Line 3412. Module blk_mem_gen_v8_4_1(C_FAMILY="artix7",C_XDEVICEFAMILY="artix7",C_ELABORATION_DIR="./",C_AXI_TYPE=1,C_MEM_TYPE=3,C_PRIM_TYPE=1,C_LOAD_INIT_FILE=1,C_INIT_FILE_NAME="pgrom.mif",C_INIT_FILE="pgrom.mem",C_HAS_ENA=0,C_WRITE_DEPTH_A=16384,C_READ_DEPTH_A=16384,C_ADDRA_WIDTH=14,C_INITB_VAL="0",C_HAS_ENB=0,C_WRITE_DEPTH_B=16384,C_READ_DEPTH_B=16384,C_ADDRB_WIDTH=14,C_SIM_COLLISION_CHECK="ALL",C_COMMON_CLK=0,C_COUNT_36K_BRAM="14",C_COUNT_18K_BRAM="1",C_EST_POWER_SUMMARY="Estimated_Power_for_IP_____:_____12.7204_mW") has a timescale but at least one module in design doesn't have timescale.
WARNING: [XSIM 43-4100] "/wrk/2017.4/nightly/2017_12_15_2086221/packages/customer/vivado/data/ip/xilinx/blk_mem_gen_v8_4/simulation/blk_mem_gen_v8_4.v" Line 1951. Module blk_mem_gen_v8_4_1_mem_module(C_FAMILY="artix7",C_XDEVICEFAMILY="artix7",C_MEM_TYPE=3,C_PRIM_TYPE=1,C_LOAD_INIT_FILE=1,C_INIT_FILE_NAME="pgrom.mif",C_INIT_FILE="pgrom.mem",C_HAS_ENA=0,C_WRITE_DEPTH_A=16384,C_READ_DEPTH_A=16384,C_ADDRA_WIDTH=14,C_INITB_VAL="0",C_HAS_ENB=0,C_WRITE_DEPTH_B=16384,C_READ_DEPTH_B=16384,C_ADDRB_WIDTH=14,C_SIM_COLLISION_CHECK="ALL",C_COMMON_CLK=0) has a timescale but at least one module in design doesn't have timescale.
WARNING: [XSIM 43-4100] "/wrk/2017.4/nightly/2017_12_15_2086221/packages/customer/vivado/data/ip/xilinx/blk_mem_gen_v8_4/simulation/blk_mem_gen_v8_4.v" Line 1563. Module blk_mem_gen_v8_4_1_output_stage(C_FAMILY="artix7",C_XDEVICEFAMILY="artix7",C_ADDRB_WIDTH=14,NUM_STAGES=0) has a timescale but at least one module in design doesn't have timescale.
WARNING: [XSIM 43-4100] "/wrk/2017.4/nightly/2017_12_15_2086221/packages/customer/vivado/data/ip/xilinx/blk_mem_gen_v8_4/simulation/blk_mem_gen_v8_4.v" Line 1563. Module blk_mem_gen_v8_4_1_output_stage(C_FAMILY="artix7",C_XDEVICEFAMILY="artix7",C_ADDRB_WIDTH=14,NUM_STAGES=0) has a timescale but at least one module in design doesn't have timescale.
WARNING: [XSIM 43-4100] "/wrk/2017.4/nightly/2017_12_15_2086221/packages/customer/vivado/data/ip/xilinx/blk_mem_gen_v8_4/simulation/blk_mem_gen_v8_4.v" Line 1859. Module blk_mem_gen_v8_4_1_softecc_output_reg_stage(C_ADDRB_WIDTH=14) has a timescale but at least one module in design doesn't have timescale.
WARNING: [XSIM 43-4100] "D:/GitHub/Computer-Organization-Project/pipelineCPU/pipelineCPU.srcs/sources_1/new/ID.v" Line 23. Module ID has a timescale but at least one module in design doesn't have timescale.
WARNING: [XSIM 43-4100] "D:/GitHub/Computer-Organization-Project/pipelineCPU/pipelineCPU.srcs/sources_1/new/EXE.v" Line 23. Module EXE has a timescale but at least one module in design doesn't have timescale.
WARNING: [XSIM 43-4100] "D:/GitHub/Computer-Organization-Project/pipelineCPU/pipelineCPU.srcs/sources_1/new/MEM.v" Line 23. Module MEM has a timescale but at least one module in design doesn't have timescale.
WARNING: [XSIM 43-4100] "D:/GitHub/Computer-Organization-Project/pipelineCPU/pipelineCPU.srcs/sources_1/ip/pgram/sim/pgram.v" Line 55. Module pgram has a timescale but at least one module in design doesn't have timescale.
WARNING: [XSIM 43-4100] "/wrk/2017.4/nightly/2017_12_15_2086221/packages/customer/vivado/data/ip/xilinx/blk_mem_gen_v8_4/simulation/blk_mem_gen_v8_4.v" Line 3412. Module blk_mem_gen_v8_4_1(C_FAMILY="artix7",C_XDEVICEFAMILY="artix7",C_ELABORATION_DIR="./",C_AXI_TYPE=1,C_MEM_TYPE=0,C_BYTE_SIZE=8,C_PRIM_TYPE=1,C_INIT_FILE_NAME="no_coe_file_loaded",C_INIT_FILE="pgram.mem",C_HAS_ENA=0,C_USE_BYTE_WEA=1,C_WEA_WIDTH=4,C_WRITE_DEPTH_A=16384,C_READ_DEPTH_A=16384,C_ADDRA_WIDTH=14,C_INITB_VAL="0",C_HAS_ENB=0,C_USE_BYTE_WEB=1,C_WEB_WIDTH=4,C_WRITE_DEPTH_B=16384,C_READ_DEPTH_B=16384,C_ADDRB_WIDTH=14,C_SIM_COLLISION_CHECK="ALL",C_COMMON_CLK=0,C_COUNT_36K_BRAM="16",C_COUNT_18K_BRAM="0",C_EST_POWER_SUMMARY="Estimated_Power_for_IP_____:_____10.194_mW") has a timescale but at least one module in design doesn't have timescale.
WARNING: [XSIM 43-4100] "/wrk/2017.4/nightly/2017_12_15_2086221/packages/customer/vivado/data/ip/xilinx/blk_mem_gen_v8_4/simulation/blk_mem_gen_v8_4.v" Line 1951. Module blk_mem_gen_v8_4_1_mem_module(C_FAMILY="artix7",C_XDEVICEFAMILY="artix7",C_MEM_TYPE=0,C_BYTE_SIZE=8,C_PRIM_TYPE=1,C_INIT_FILE_NAME="no_coe_file_loaded",C_INIT_FILE="pgram.mem",C_HAS_ENA=0,C_USE_BYTE_WEA=1,C_WEA_WIDTH=4,C_WRITE_DEPTH_A=16384,C_READ_DEPTH_A=16384,C_ADDRA_WIDTH=14,C_INITB_VAL="0",C_HAS_ENB=0,C_USE_BYTE_WEB=1,C_WEB_WIDTH=4,C_WRITE_DEPTH_B=16384,C_READ_DEPTH_B=16384,C_ADDRB_WIDTH=14,C_SIM_COLLISION_CHECK="ALL",C_COMMON_CLK=0) has a timescale but at least one module in design doesn't have timescale.
WARNING: [XSIM 43-4100] "/wrk/2017.4/nightly/2017_12_15_2086221/packages/customer/vivado/data/ip/xilinx/blk_mem_gen_v8_4/simulation/blk_mem_gen_v8_4.v" Line 1563. Module blk_mem_gen_v8_4_1_output_stage(C_FAMILY="artix7",C_XDEVICEFAMILY="artix7",C_ADDRB_WIDTH=14,NUM_STAGES=0) has a timescale but at least one module in design doesn't have timescale.
WARNING: [XSIM 43-4100] "/wrk/2017.4/nightly/2017_12_15_2086221/packages/customer/vivado/data/ip/xilinx/blk_mem_gen_v8_4/simulation/blk_mem_gen_v8_4.v" Line 1563. Module blk_mem_gen_v8_4_1_output_stage(C_FAMILY="artix7",C_XDEVICEFAMILY="artix7",C_ADDRB_WIDTH=14,NUM_STAGES=0) has a timescale but at least one module in design doesn't have timescale.
WARNING: [XSIM 43-4100] "/wrk/2017.4/nightly/2017_12_15_2086221/packages/customer/vivado/data/ip/xilinx/blk_mem_gen_v8_4/simulation/blk_mem_gen_v8_4.v" Line 1859. Module blk_mem_gen_v8_4_1_softecc_output_reg_stage(C_ADDRB_WIDTH=14) has a timescale but at least one module in design doesn't have timescale.
WARNING: [XSIM 43-4100] "D:/GitHub/Computer-Organization-Project/pipelineCPU/pipelineCPU.srcs/sources_1/new/WB.v" Line 1. Module WB has a timescale but at least one module in design doesn't have timescale.
WARNING: [XSIM 43-4100] "D:/GitHub/Computer-Organization-Project/pipelineCPU/pipelineCPU.srcs/sources_1/new/InputModule.v" Line 3. Module InputModule has a timescale but at least one module in design doesn't have timescale.
WARNING: [XSIM 43-4100] "D:/GitHub/Computer-Organization-Project/pipelineCPU/pipelineCPU.srcs/sources_1/new/OutputModule.v" Line 1. Module OutputModule has a timescale but at least one module in design doesn't have timescale.
WARNING: [XSIM 43-4100] "D:/GitHub/Computer-Organization-Project/pipelineCPU/pipelineCPU.srcs/sources_1/new/SegGenerator.v" Line 1. Module SegGenerator has a timescale but at least one module in design doesn't have timescale.
WARNING: [XSIM 43-4100] "D:/GitHub/Computer-Organization-Project/pipelineCPU/pipelineCPU.srcs/sources_1/new/ClockDivider.v" Line 1. Module ClockDivider has a timescale but at least one module in design doesn't have timescale.
WARNING: [XSIM 43-4100] "D:/GitHub/Computer-Organization-Project/pipelineCPU/pipelineCPU.srcs/sources_1/new/SegDisplay.v" Line 1. Module SegDisplay has a timescale but at least one module in design doesn't have timescale.
WARNING: [XSIM 43-4100] "D:/GitHub/Computer-Organization-Project/pipelineCPU/pipelineCPU.sim/sim_1/behav/xsim/glbl.v" Line 6. Module glbl has a timescale but at least one module in design doesn't have timescale.
Completed simulation data flow analysis
Time Resolution for simulation is 1ps
Compiling module xil_defaultlib.ClockDivider
Compiling module xil_defaultlib.HarzardDetection
Compiling module blk_mem_gen_v8_4_1.blk_mem_gen_v8_4_1_output_stage(...
Compiling module blk_mem_gen_v8_4_1.blk_mem_gen_v8_4_1_softecc_outpu...
Compiling module blk_mem_gen_v8_4_1.blk_mem_gen_v8_4_1_mem_module(C_...
Compiling module blk_mem_gen_v8_4_1.blk_mem_gen_v8_4_1(C_FAMILY="art...
Compiling module xil_defaultlib.pgrom
Compiling module xil_defaultlib.IF
Compiling module xil_defaultlib.ID
Compiling module xil_defaultlib.EXE
Compiling module blk_mem_gen_v8_4_1.blk_mem_gen_v8_4_1_mem_module(C_...
Compiling module blk_mem_gen_v8_4_1.blk_mem_gen_v8_4_1(C_FAMILY="art...
Compiling module xil_defaultlib.pgram
Compiling module xil_defaultlib.MEM
Compiling module xil_defaultlib.WB
Compiling module xil_defaultlib.InputModule
Compiling module xil_defaultlib.SegGenerator
Compiling module xil_defaultlib.SegDisplay
Compiling module xil_defaultlib.OutputModule
Compiling module xil_defaultlib.top_module
Compiling module xil_defaultlib.tb_pipeline
Compiling module xil_defaultlib.glbl
Built simulation snapshot tb_pipeline_behav
INFO: [USF-XSim-69] 'elaborate' step finished in '3' seconds
INFO: [USF-XSim-4] XSim::Simulate design
INFO: [USF-XSim-61] Executing 'SIMULATE' step in 'D:/GitHub/Computer-Organization-Project/pipelineCPU/pipelineCPU.sim/sim_1/behav/xsim'
INFO: [USF-XSim-98] *** Running xsim
   with args "tb_pipeline_behav -key {Behavioral:sim_1:Functional:tb_pipeline} -tclbatch {tb_pipeline.tcl} -view {D:/GitHub/Computer-Organization-Project/pipelineCPU/tb_pipeline_behav.wcfg} -log {simulate.log}"
INFO: [USF-XSim-8] Loading simulator feature
Vivado Simulator 2017.4
Time resolution is 1 ps
open_wave_config D:/GitHub/Computer-Organization-Project/pipelineCPU/tb_pipeline_behav.wcfg
source tb_pipeline.tcl
# set curr_wave [current_wave_config]
# if { [string length $curr_wave] == 0 } {
#   if { [llength [get_objects]] > 0} {
#     add_wave /
#     set_property needs_save false [current_wave_config]
#   } else {
#      send_msg_id Add_Wave-1 WARNING "No top level signals found. Simulator will start without a wave window. If you want to open a wave window go to 'File->New Waveform Configuration' or type 'create_wave_config' in the TCL console."
#   }
# }
# run 1000ns
 Block Memory Generator module loading initial data...
 Block Memory Generator data initialization complete.
Block Memory Generator module tb_pipeline.uut_tm.if_uut.urom.inst.native_mem_module.blk_mem_gen_v8_4_1_inst is using a behavioral model for simulation which will not precisely model memory collision behavior.
Block Memory Generator module tb_pipeline.uut_tm.mem_uut.udram.inst.native_mem_module.blk_mem_gen_v8_4_1_inst is using a behavioral model for simulation which will not precisely model memory collision behavior.
INFO: [USF-XSim-96] XSim completed. Design snapshot 'tb_pipeline_behav' loaded.
INFO: [USF-XSim-97] XSim simulation ran for 1000ns
launch_simulation: Time (s): cpu = 00:00:04 ; elapsed = 00:00:07 . Memory (MB): peak = 2988.426 ; gain = 0.160
add_wave {{/tb_pipeline/uut_tm}} 
reset_run synth_1
WARNING: [Vivado 12-1017] Problems encountered:
1. Failed to delete one or more files in run directory D:/GitHub/Computer-Organization-Project/pipelineCPU/pipelineCPU.runs/synth_1

save_wave_config {D:/GitHub/Computer-Organization-Project/pipelineCPU/tb_pipeline_behav.wcfg}
close_sim
INFO: [Simtcl 6-16] Simulation closed
launch_simulation
INFO: [Vivado 12-5698] Checking validity of IPs in the design for the 'XSim' simulator...
INFO: [Vivado 12-5682] Launching behavioral simulation in 'D:/GitHub/Computer-Organization-Project/pipelineCPU/pipelineCPU.sim/sim_1/behav/xsim'
INFO: [Vivado 12-4795] Using compiled simulation libraries for IPs
INFO: [SIM-utils-51] Simulation object is 'sim_1'
INFO: [USF-XSim-7] Finding pre-compiled libraries...
INFO: [USF-XSim-11] File 'D:/Xilinx/Vivado/2017.4/data/xsim/ip/xsim_ip.ini' copied to run dir:'D:/GitHub/Computer-Organization-Project/pipelineCPU/pipelineCPU.sim/sim_1/behav/xsim'
INFO: [SIM-utils-54] Inspecting design source files for 'tb_pipeline' in fileset 'sim_1'...
INFO: [SIM-utils-43] Exported 'D:/GitHub/Computer-Organization-Project/pipelineCPU/pipelineCPU.sim/sim_1/behav/xsim/pgrom.mif'
INFO: [SIM-utils-43] Exported 'D:/GitHub/Computer-Organization-Project/pipelineCPU/pipelineCPU.sim/sim_1/behav/xsim/test_jbc_2.coe'
INFO: [SIM-utils-43] Exported 'D:/GitHub/Computer-Organization-Project/pipelineCPU/pipelineCPU.sim/sim_1/behav/xsim/test1ROM.coe'
INFO: [SIM-utils-43] Exported 'D:/GitHub/Computer-Organization-Project/pipelineCPU/pipelineCPU.sim/sim_1/behav/xsim/test9ROM.coe'
INFO: [SIM-utils-43] Exported 'D:/GitHub/Computer-Organization-Project/pipelineCPU/pipelineCPU.sim/sim_1/behav/xsim/BaseTest1ROM.coe'
INFO: [SIM-utils-43] Exported 'D:/GitHub/Computer-Organization-Project/pipelineCPU/pipelineCPU.sim/sim_1/behav/xsim/test_jbc_1.coe'
INFO: [USF-XSim-97] Finding global include files...
INFO: [USF-XSim-98] Fetching design files from 'sim_1'...
INFO: [USF-XSim-2] XSim::Compile design
INFO: [USF-XSim-61] Executing 'COMPILE and ANALYZE' step in 'D:/GitHub/Computer-Organization-Project/pipelineCPU/pipelineCPU.sim/sim_1/behav/xsim'
"xvlog --incr --relax -L xil_defaultlib -prj tb_pipeline_vlog.prj"
INFO: [USF-XSim-69] 'compile' step finished in '1' seconds
INFO: [USF-XSim-3] XSim::Elaborate design
INFO: [USF-XSim-61] Executing 'ELABORATE' step in 'D:/GitHub/Computer-Organization-Project/pipelineCPU/pipelineCPU.sim/sim_1/behav/xsim'
Vivado Simulator 2017.4
Copyright 1986-1999, 2001-2016 Xilinx, Inc. All Rights Reserved.
Running: D:/Xilinx/Vivado/2017.4/bin/unwrapped/win64.o/xelab.exe -wto 374ad2d08ccb4635b2dbbca0a3224143 --incr --debug typical --relax --mt 2 -L blk_mem_gen_v8_4_1 -L xil_defaultlib -L unisims_ver -L unimacro_ver -L secureip -L xpm --snapshot tb_pipeline_behav xil_defaultlib.tb_pipeline xil_defaultlib.glbl -log elaborate.log 
Using 2 slave threads.
Starting static elaboration
WARNING: [VRFC 10-278] actual bit length 32 differs from formal bit length 4 for port wea [D:/GitHub/Computer-Organization-Project/pipelineCPU/pipelineCPU.srcs/sources_1/new/MEM.v:68]
WARNING: [VRFC 10-1783] select index 62 into current_contents is out of bounds [/wrk/2017.4/nightly/2017_12_15_2086221/packages/customer/vivado/data/ip/xilinx/blk_mem_gen_v8_4/simulation/blk_mem_gen_v8_4.v:2420]
Completed static elaboration
INFO: [XSIM 43-4323] No Change in HDL. Linking previously generated obj files to create kernel
INFO: [USF-XSim-69] 'elaborate' step finished in '1' seconds
INFO: [USF-XSim-4] XSim::Simulate design
INFO: [USF-XSim-61] Executing 'SIMULATE' step in 'D:/GitHub/Computer-Organization-Project/pipelineCPU/pipelineCPU.sim/sim_1/behav/xsim'
INFO: [USF-XSim-98] *** Running xsim
   with args "tb_pipeline_behav -key {Behavioral:sim_1:Functional:tb_pipeline} -tclbatch {tb_pipeline.tcl} -view {D:/GitHub/Computer-Organization-Project/pipelineCPU/tb_pipeline_behav.wcfg} -log {simulate.log}"
INFO: [USF-XSim-8] Loading simulator feature
Vivado Simulator 2017.4
Time resolution is 1 ps
open_wave_config D:/GitHub/Computer-Organization-Project/pipelineCPU/tb_pipeline_behav.wcfg
source tb_pipeline.tcl
# set curr_wave [current_wave_config]
# if { [string length $curr_wave] == 0 } {
#   if { [llength [get_objects]] > 0} {
#     add_wave /
#     set_property needs_save false [current_wave_config]
#   } else {
#      send_msg_id Add_Wave-1 WARNING "No top level signals found. Simulator will start without a wave window. If you want to open a wave window go to 'File->New Waveform Configuration' or type 'create_wave_config' in the TCL console."
#   }
# }
# run 1000ns
 Block Memory Generator module loading initial data...
 Block Memory Generator data initialization complete.
Block Memory Generator module tb_pipeline.uut_tm.if_uut.urom.inst.native_mem_module.blk_mem_gen_v8_4_1_inst is using a behavioral model for simulation which will not precisely model memory collision behavior.
Block Memory Generator module tb_pipeline.uut_tm.mem_uut.udram.inst.native_mem_module.blk_mem_gen_v8_4_1_inst is using a behavioral model for simulation which will not precisely model memory collision behavior.
INFO: [USF-XSim-96] XSim completed. Design snapshot 'tb_pipeline_behav' loaded.
INFO: [USF-XSim-97] XSim simulation ran for 1000ns
launch_runs impl_1 -to_step write_bitstream -jobs 4
WARNING: [Project 1-478] Design 'synth_1' is stale and will not be used when launching 'impl_1'
[Fri May 16 00:46:19 2025] Launched synth_1...
Run output will be captured here: D:/GitHub/Computer-Organization-Project/pipelineCPU/pipelineCPU.runs/synth_1/runme.log
[Fri May 16 00:46:19 2025] Launched impl_1...
Run output will be captured here: D:/GitHub/Computer-Organization-Project/pipelineCPU/pipelineCPU.runs/impl_1/runme.log
connect_hw_server
INFO: [Labtools 27-2285] Connecting to hw_server url TCP:localhost:3121
INFO: [Labtools 27-2222] Launching hw_server...
INFO: [Labtools 27-2221] Launch Output:

****** Xilinx hw_server v2017.4
  **** Build date : Dec 15 2017-21:08:27
    ** Copyright 1986-2017 Xilinx, Inc. All Rights Reserved.


disconnect_hw_server localhost:3121
connect_hw_server
INFO: [Labtools 27-2285] Connecting to hw_server url TCP:localhost:3121
disconnect_hw_server localhost:3121
connect_hw_server
INFO: [Labtools 27-2285] Connecting to hw_server url TCP:localhost:3121
INFO: [Labtoolstcl 44-466] Opening hw_target localhost:3121/xilinx_tcf/Xilinx/1234-tulA
INFO: [Labtools 27-1435] Device xc7a35t (JTAG device index = 0) is not programmed (DONE status = 0).
WARNING: [Labtoolstcl 44-129] No matching hw_ila_data was found.
set_property PROBES.FILE {} [get_hw_devices xc7a35t_0]
set_property FULL_PROBES.FILE {} [get_hw_devices xc7a35t_0]
set_property PROGRAM.FILE {D:/GitHub/Computer-Organization-Project/pipelineCPU/pipelineCPU.runs/impl_1/top_module.bit} [get_hw_devices xc7a35t_0]
program_hw_devices [get_hw_devices xc7a35t_0]
INFO: [Labtools 27-3164] End of startup status: HIGH
refresh_hw_device [lindex [get_hw_devices xc7a35t_0] 0]
INFO: [Labtools 27-1434] Device xc7a35t (JTAG device index = 0) is programmed with a design that has no supported debug core(s) in it.
WARNING: [Labtools 27-3361] The debug hub core was not detected.
Resolution: 
1. Make sure the clock connected to the debug hub (dbg_hub) core is a free running clock and is active.
2. Make sure the BSCAN_SWITCH_USER_MASK device property in Vivado Hardware Manager reflects the user scan chain setting in the design and refresh the device.  To determine the user scan chain setting in the design, open the implemented design and use 'get_property C_USER_SCAN_CHAIN [get_debug_cores dbg_hub]'.
For more details on setting the scan chain property, consult the Vivado Debug and Programming User Guide (UG908).
close_sim
INFO: [Simtcl 6-16] Simulation closed
current_sim simulation_30
close_sim
INFO: [Simtcl 6-16] Simulation closed
close_project
****** Webtalk v2017.4 (64-bit)
  **** SW Build 2086221 on Fri Dec 15 20:55:39 MST 2017
  **** IP Build 2085800 on Fri Dec 15 22:25:07 MST 2017
    ** Copyright 1986-2017 Xilinx, Inc. All Rights Reserved.

source D:/GitHub/Computer-Organization-Project/pipelineCPU/pipelineCPU.hw/webtalk/labtool_webtalk.tcl -notrace
INFO: [Common 17-206] Exiting Webtalk at Fri May 16 00:51:53 2025...
close_sim
INFO: [Simtcl 6-16] Simulation closed
exit
INFO: [Common 17-206] Exiting Vivado at Fri May 16 00:52:03 2025...
