#-----------------------------------------------------------
# Vivado v2017.4 (64-bit)
# SW Build 2086221 on Fri Dec 15 20:55:39 MST 2017
# IP Build 2085800 on Fri Dec 15 22:25:07 MST 2017
# Start of session at: Wed May 14 20:26:45 2025
# Process ID: 16524
# Current directory: D:/GitHub/Computer-Organization-Project/CPU
# Command line: vivado.exe -gui_launcher_event rodinguilauncherevent8524 D:\GitHub\Computer-Organization-Project\CPU\CPU.xpr
# Log file: D:/GitHub/Computer-Organization-Project/CPU/vivado.log
# Journal file: D:/GitHub/Computer-Organization-Project/CPU\vivado.jou
#-----------------------------------------------------------
start_gui
open_project D:/GitHub/Computer-Organization-Project/CPU/CPU.xpr
Scanning sources...
Finished scanning sources
INFO: [IP_Flow 19-234] Refreshing IP repositories
INFO: [IP_Flow 19-1704] No user IP repositories specified
INFO: [IP_Flow 19-2313] Loaded Vivado IP repository 'D:/Xilinx/Vivado/2017.4/data/ip'.
open_project: Time (s): cpu = 00:00:06 ; elapsed = 00:00:05 . Memory (MB): peak = 805.391 ; gain = 100.238
update_compile_order -fileset sources_1
open_project D:/GitHub/Computer-Organization-Project/pipelineCPU/pipelineCPU.xpr
Scanning sources...
Finished scanning sources
INFO: [IP_Flow 19-234] Refreshing IP repositories
INFO: [IP_Flow 19-1704] No user IP repositories specified
INFO: [IP_Flow 19-2313] Loaded Vivado IP repository 'D:/Xilinx/Vivado/2017.4/data/ip'.
update_compile_order -fileset sources_1
close_project
open_project D:/GitHub/Computer-Organization-Project/pipelineCPU/pipelineCPU.xpr
Scanning sources...
Finished scanning sources
INFO: [IP_Flow 19-234] Refreshing IP repositories
INFO: [IP_Flow 19-1704] No user IP repositories specified
INFO: [IP_Flow 19-2313] Loaded Vivado IP repository 'D:/Xilinx/Vivado/2017.4/data/ip'.
update_compile_order -fileset sources_1
INFO: [Device 21-403] Loading part xc7a35tcsg324-1
WARNING: [IP_Flow 19-4067] Ignoring invalid widget type specified checkbox.Providing a default widget
WARNING: [IP_Flow 19-4067] Ignoring invalid widget type specified checkbox.Providing a default widget
create_ip -name blk_mem_gen -vendor xilinx.com -library ip -version 8.4 -module_name pgram -dir d:/GitHub/Computer-Organization-Project/pipelineCPU/pipelineCPU.srcs/sources_1/ip
set_property -dict [list CONFIG.Component_Name {pgram} CONFIG.Use_Byte_Write_Enable {true} CONFIG.Byte_Size {8} CONFIG.Write_Width_A {32} CONFIG.Write_Depth_A {16384} CONFIG.Read_Width_A {32} CONFIG.Enable_A {Always_Enabled} CONFIG.Write_Width_B {32} CONFIG.Read_Width_B {32} CONFIG.Register_PortA_Output_of_Memory_Primitives {false}] [get_ips pgram]
WARNING: [Vivado 12-3523] Attempt to change 'Component_Name' from 'pgram' to 'pgram' is not allowed and is ignored.
generate_target {instantiation_template} [get_files d:/GitHub/Computer-Organization-Project/pipelineCPU/pipelineCPU.srcs/sources_1/ip/pgram/pgram.xci]
INFO: [IP_Flow 19-1686] Generating 'Instantiation Template' target for IP 'pgram'...
generate_target all [get_files  d:/GitHub/Computer-Organization-Project/pipelineCPU/pipelineCPU.srcs/sources_1/ip/pgram/pgram.xci]
INFO: [IP_Flow 19-1686] Generating 'Synthesis' target for IP 'pgram'...
INFO: [IP_Flow 19-1686] Generating 'Simulation' target for IP 'pgram'...
INFO: [IP_Flow 19-1686] Generating 'Miscellaneous' target for IP 'pgram'...
INFO: [IP_Flow 19-1686] Generating 'Change Log' target for IP 'pgram'...
catch { config_ip_cache -export [get_ips -all pgram] }
export_ip_user_files -of_objects [get_files d:/GitHub/Computer-Organization-Project/pipelineCPU/pipelineCPU.srcs/sources_1/ip/pgram/pgram.xci] -no_script -sync -force -quiet
create_ip_run [get_files -of_objects [get_fileset sources_1] d:/GitHub/Computer-Organization-Project/pipelineCPU/pipelineCPU.srcs/sources_1/ip/pgram/pgram.xci]
launch_runs -jobs 4 pgram_synth_1
[Wed May 14 23:28:09 2025] Launched pgram_synth_1...
Run output will be captured here: D:/GitHub/Computer-Organization-Project/pipelineCPU/pipelineCPU.runs/pgram_synth_1/runme.log
export_simulation -of_objects [get_files d:/GitHub/Computer-Organization-Project/pipelineCPU/pipelineCPU.srcs/sources_1/ip/pgram/pgram.xci] -directory D:/GitHub/Computer-Organization-Project/pipelineCPU/pipelineCPU.ip_user_files/sim_scripts -ip_user_files_dir D:/GitHub/Computer-Organization-Project/pipelineCPU/pipelineCPU.ip_user_files -ipstatic_source_dir D:/GitHub/Computer-Organization-Project/pipelineCPU/pipelineCPU.ip_user_files/ipstatic -lib_map_path [list {modelsim=D:/GitHub/Computer-Organization-Project/pipelineCPU/pipelineCPU.cache/compile_simlib/modelsim} {questa=D:/GitHub/Computer-Organization-Project/pipelineCPU/pipelineCPU.cache/compile_simlib/questa} {riviera=D:/GitHub/Computer-Organization-Project/pipelineCPU/pipelineCPU.cache/compile_simlib/riviera} {activehdl=D:/GitHub/Computer-Organization-Project/pipelineCPU/pipelineCPU.cache/compile_simlib/activehdl}] -use_ip_compiled_libs -force -quiet
add_files -norecurse D:/GitHub/Computer-Organization-Project/pipelineCPU/pipelineCPU.srcs/sources_1/new/WB.v
update_compile_order -fileset sources_1
current_project CPU
current_project pipelineCPU
close [ open D:/GitHub/Computer-Organization-Project/pipelineCPU/pipelineCPU.srcs/sources_1/new/InputModule.v w ]
add_files D:/GitHub/Computer-Organization-Project/pipelineCPU/pipelineCPU.srcs/sources_1/new/InputModule.v
update_compile_order -fileset sources_1
close [ open D:/GitHub/Computer-Organization-Project/pipelineCPU/pipelineCPU.srcs/sources_1/new/OutputModule.v w ]
add_files D:/GitHub/Computer-Organization-Project/pipelineCPU/pipelineCPU.srcs/sources_1/new/OutputModule.v
update_compile_order -fileset sources_1
current_project CPU
current_project pipelineCPU
close [ open D:/GitHub/Computer-Organization-Project/pipelineCPU/pipelineCPU.srcs/sources_1/new/ClockDivider.v w ]
add_files D:/GitHub/Computer-Organization-Project/pipelineCPU/pipelineCPU.srcs/sources_1/new/ClockDivider.v
update_compile_order -fileset sources_1
current_project CPU
current_project pipelineCPU
close [ open D:/GitHub/Computer-Organization-Project/pipelineCPU/pipelineCPU.srcs/sources_1/new/SegGenerator.v w ]
add_files D:/GitHub/Computer-Organization-Project/pipelineCPU/pipelineCPU.srcs/sources_1/new/SegGenerator.v
current_project CPU
current_project pipelineCPU
update_compile_order -fileset sources_1
close [ open D:/GitHub/Computer-Organization-Project/pipelineCPU/pipelineCPU.srcs/sources_1/new/SegDisplay.v w ]
add_files D:/GitHub/Computer-Organization-Project/pipelineCPU/pipelineCPU.srcs/sources_1/new/SegDisplay.v
update_compile_order -fileset sources_1
current_project CPU
current_project pipelineCPU
reset_run synth_1
launch_runs synth_1 -jobs 4
INFO: [Vivado 12-4149] The synthesis checkpoint for IP 'D:/GitHub/Computer-Organization-Project/pipelineCPU/pipelineCPU.srcs/sources_1/ip/pgrom/pgrom.xci' is already up-to-date
[Wed May 14 23:32:28 2025] Launched synth_1...
Run output will be captured here: D:/GitHub/Computer-Organization-Project/pipelineCPU/pipelineCPU.runs/synth_1/runme.log
set_property file_type SystemVerilog [get_files  D:/GitHub/Computer-Organization-Project/pipelineCPU/pipelineCPU.srcs/sources_1/new/top_module.v]
reset_run synth_1
launch_runs synth_1 -jobs 4
INFO: [Vivado 12-4149] The synthesis checkpoint for IP 'D:/GitHub/Computer-Organization-Project/pipelineCPU/pipelineCPU.srcs/sources_1/ip/pgrom/pgrom.xci' is already up-to-date
[Wed May 14 23:38:58 2025] Launched synth_1...
Run output will be captured here: D:/GitHub/Computer-Organization-Project/pipelineCPU/pipelineCPU.runs/synth_1/runme.log
set_property file_type SystemVerilog [get_files  D:/GitHub/Computer-Organization-Project/pipelineCPU/pipelineCPU.srcs/sources_1/new/ID.v]
update_compile_order -fileset sources_1
set_property file_type SystemVerilog [get_files  D:/GitHub/Computer-Organization-Project/pipelineCPU/pipelineCPU.srcs/sources_1/new/WB.v]
update_compile_order -fileset sources_1
reset_run synth_1
launch_runs synth_1 -jobs 4
INFO: [Vivado 12-4149] The synthesis checkpoint for IP 'D:/GitHub/Computer-Organization-Project/pipelineCPU/pipelineCPU.srcs/sources_1/ip/pgrom/pgrom.xci' is already up-to-date
[Wed May 14 23:39:54 2025] Launched synth_1...
Run output will be captured here: D:/GitHub/Computer-Organization-Project/pipelineCPU/pipelineCPU.runs/synth_1/runme.log
reset_run synth_1
launch_runs synth_1 -jobs 4
INFO: [Vivado 12-4149] The synthesis checkpoint for IP 'D:/GitHub/Computer-Organization-Project/pipelineCPU/pipelineCPU.srcs/sources_1/ip/pgrom/pgrom.xci' is already up-to-date
[Wed May 14 23:47:28 2025] Launched synth_1...
Run output will be captured here: D:/GitHub/Computer-Organization-Project/pipelineCPU/pipelineCPU.runs/synth_1/runme.log
file mkdir D:/GitHub/Computer-Organization-Project/pipelineCPU/pipelineCPU.srcs/sim_1/new
set_property SOURCE_SET sources_1 [get_filesets sim_1]
close [ open D:/GitHub/Computer-Organization-Project/pipelineCPU/pipelineCPU.srcs/sim_1/new/tb_pipeline.v w ]
add_files -fileset sim_1 D:/GitHub/Computer-Organization-Project/pipelineCPU/pipelineCPU.srcs/sim_1/new/tb_pipeline.v
update_compile_order -fileset sim_1
current_project CPU
current_project pipelineCPU
set_property top tb_pipeline [get_filesets sim_1]
set_property top_lib xil_defaultlib [get_filesets sim_1]
update_compile_order -fileset sim_1
WARNING: [IP_Flow 19-4067] Ignoring invalid widget type specified checkbox.Providing a default widget
WARNING: [IP_Flow 19-4067] Ignoring invalid widget type specified checkbox.Providing a default widget
set_property -dict [list CONFIG.Load_Init_File {true} CONFIG.Coe_File {D:/GitHub/Computer-Organization-Project/CPU/CPU.srcs/sources_1/ip/prgrom/test1ROM.coe}] [get_ips pgrom]
INFO: [IP_Flow 19-3484] Absolute path of file 'd:/GitHub/Computer-Organization-Project/CPU/CPU.srcs/sources_1/ip/prgrom/test1ROM.coe' provided. It will be converted relative to IP Instance files '../../../../../CPU/CPU.srcs/sources_1/ip/prgrom/test1ROM.coe'
generate_target all [get_files  D:/GitHub/Computer-Organization-Project/pipelineCPU/pipelineCPU.srcs/sources_1/ip/pgrom/pgrom.xci]
INFO: [IP_Flow 19-1686] Generating 'Instantiation Template' target for IP 'pgrom'...
INFO: [IP_Flow 19-1686] Generating 'Synthesis' target for IP 'pgrom'...
INFO: [IP_Flow 19-1686] Generating 'Simulation' target for IP 'pgrom'...
INFO: [IP_Flow 19-1686] Generating 'Miscellaneous' target for IP 'pgrom'...
INFO: [IP_Flow 19-1686] Generating 'Change Log' target for IP 'pgrom'...
catch { config_ip_cache -export [get_ips -all pgrom] }
export_ip_user_files -of_objects [get_files D:/GitHub/Computer-Organization-Project/pipelineCPU/pipelineCPU.srcs/sources_1/ip/pgrom/pgrom.xci] -no_script -sync -force -quiet
create_ip_run [get_files -of_objects [get_fileset sources_1] D:/GitHub/Computer-Organization-Project/pipelineCPU/pipelineCPU.srcs/sources_1/ip/pgrom/pgrom.xci]
launch_runs -jobs 4 pgrom_synth_1
[Wed May 14 23:56:55 2025] Launched pgrom_synth_1...
Run output will be captured here: D:/GitHub/Computer-Organization-Project/pipelineCPU/pipelineCPU.runs/pgrom_synth_1/runme.log
export_simulation -of_objects [get_files D:/GitHub/Computer-Organization-Project/pipelineCPU/pipelineCPU.srcs/sources_1/ip/pgrom/pgrom.xci] -directory D:/GitHub/Computer-Organization-Project/pipelineCPU/pipelineCPU.ip_user_files/sim_scripts -ip_user_files_dir D:/GitHub/Computer-Organization-Project/pipelineCPU/pipelineCPU.ip_user_files -ipstatic_source_dir D:/GitHub/Computer-Organization-Project/pipelineCPU/pipelineCPU.ip_user_files/ipstatic -lib_map_path [list {modelsim=D:/GitHub/Computer-Organization-Project/pipelineCPU/pipelineCPU.cache/compile_simlib/modelsim} {questa=D:/GitHub/Computer-Organization-Project/pipelineCPU/pipelineCPU.cache/compile_simlib/questa} {riviera=D:/GitHub/Computer-Organization-Project/pipelineCPU/pipelineCPU.cache/compile_simlib/riviera} {activehdl=D:/GitHub/Computer-Organization-Project/pipelineCPU/pipelineCPU.cache/compile_simlib/activehdl}] -use_ip_compiled_libs -force -quiet
launch_simulation
INFO: [Vivado 12-5698] Checking validity of IPs in the design for the 'XSim' simulator...
INFO: [Vivado 12-5682] Launching behavioral simulation in 'D:/GitHub/Computer-Organization-Project/pipelineCPU/pipelineCPU.sim/sim_1/behav/xsim'
INFO: [Vivado 12-4795] Using compiled simulation libraries for IPs
INFO: [SIM-utils-51] Simulation object is 'sim_1'
INFO: [USF-XSim-7] Finding pre-compiled libraries...
INFO: [USF-XSim-11] File 'D:/Xilinx/Vivado/2017.4/data/xsim/ip/xsim_ip.ini' copied to run dir:'D:/GitHub/Computer-Organization-Project/pipelineCPU/pipelineCPU.sim/sim_1/behav/xsim'
INFO: [SIM-utils-54] Inspecting design source files for 'tb_pipeline' in fileset 'sim_1'...
INFO: [SIM-utils-43] Exported 'D:/GitHub/Computer-Organization-Project/pipelineCPU/pipelineCPU.sim/sim_1/behav/xsim/test1ROM.coe'
INFO: [SIM-utils-43] Exported 'D:/GitHub/Computer-Organization-Project/pipelineCPU/pipelineCPU.sim/sim_1/behav/xsim/pgrom.mif'
INFO: [USF-XSim-97] Finding global include files...
INFO: [USF-XSim-98] Fetching design files from 'sim_1'...
INFO: [USF-XSim-2] XSim::Compile design
INFO: [USF-XSim-61] Executing 'COMPILE and ANALYZE' step in 'D:/GitHub/Computer-Organization-Project/pipelineCPU/pipelineCPU.sim/sim_1/behav/xsim'
"xvlog --incr --relax -L xil_defaultlib -prj tb_pipeline_vlog.prj"
INFO: [VRFC 10-2263] Analyzing Verilog file "D:/GitHub/Computer-Organization-Project/pipelineCPU/pipelineCPU.srcs/sources_1/ip/pgram/sim/pgram.v" into library xil_defaultlib
INFO: [VRFC 10-311] analyzing module pgram
INFO: [VRFC 10-2263] Analyzing Verilog file "D:/GitHub/Computer-Organization-Project/pipelineCPU/pipelineCPU.srcs/sources_1/ip/pgrom/sim/pgrom.v" into library xil_defaultlib
INFO: [VRFC 10-311] analyzing module pgrom
INFO: [VRFC 10-2263] Analyzing Verilog file "D:/GitHub/Computer-Organization-Project/pipelineCPU/pipelineCPU.srcs/sources_1/new/EXE.v" into library xil_defaultlib
INFO: [VRFC 10-311] analyzing module EXE
INFO: [VRFC 10-2263] Analyzing Verilog file "D:/GitHub/Computer-Organization-Project/pipelineCPU/pipelineCPU.srcs/sources_1/new/HarzardDetection.v" into library xil_defaultlib
INFO: [VRFC 10-311] analyzing module HarzardDetection
INFO: [VRFC 10-2263] Analyzing Verilog file "D:/GitHub/Computer-Organization-Project/pipelineCPU/pipelineCPU.srcs/sources_1/new/IF.v" into library xil_defaultlib
INFO: [VRFC 10-311] analyzing module IF
INFO: [VRFC 10-2263] Analyzing Verilog file "D:/GitHub/Computer-Organization-Project/pipelineCPU/pipelineCPU.srcs/sources_1/new/MEM.v" into library xil_defaultlib
INFO: [VRFC 10-311] analyzing module MEM
INFO: [VRFC 10-2263] Analyzing SystemVerilog file "D:/GitHub/Computer-Organization-Project/pipelineCPU/pipelineCPU.srcs/sources_1/new/ID.v" into library xil_defaultlib
INFO: [VRFC 10-311] analyzing module ID
INFO: [VRFC 10-2263] Analyzing SystemVerilog file "D:/GitHub/Computer-Organization-Project/pipelineCPU/pipelineCPU.srcs/sources_1/new/WB.v" into library xil_defaultlib
INFO: [VRFC 10-311] analyzing module WB
INFO: [VRFC 10-2263] Analyzing SystemVerilog file "D:/GitHub/Computer-Organization-Project/pipelineCPU/pipelineCPU.srcs/sources_1/new/top_module.v" into library xil_defaultlib
INFO: [VRFC 10-311] analyzing module top_module
INFO: [VRFC 10-2263] Analyzing Verilog file "D:/GitHub/Computer-Organization-Project/pipelineCPU/pipelineCPU.srcs/sim_1/new/tb_pipeline.v" into library xil_defaultlib
INFO: [VRFC 10-311] analyzing module tb_pipeline
INFO: [VRFC 10-2263] Analyzing Verilog file "D:/GitHub/Computer-Organization-Project/pipelineCPU/pipelineCPU.sim/sim_1/behav/xsim/glbl.v" into library xil_defaultlib
INFO: [VRFC 10-311] analyzing module glbl
INFO: [USF-XSim-69] 'compile' step finished in '1' seconds
INFO: [USF-XSim-3] XSim::Elaborate design
INFO: [USF-XSim-61] Executing 'ELABORATE' step in 'D:/GitHub/Computer-Organization-Project/pipelineCPU/pipelineCPU.sim/sim_1/behav/xsim'
Vivado Simulator 2017.4
Copyright 1986-1999, 2001-2016 Xilinx, Inc. All Rights Reserved.
Running: D:/Xilinx/Vivado/2017.4/bin/unwrapped/win64.o/xelab.exe -wto 374ad2d08ccb4635b2dbbca0a3224143 --incr --debug typical --relax --mt 2 -L blk_mem_gen_v8_4_1 -L xil_defaultlib -L unisims_ver -L unimacro_ver -L secureip -L xpm --snapshot tb_pipeline_behav xil_defaultlib.tb_pipeline xil_defaultlib.glbl -log elaborate.log 
Using 2 slave threads.
Starting static elaboration
WARNING: [VRFC 10-278] actual bit length 32 differs from formal bit length 4 for port wea [D:/GitHub/Computer-Organization-Project/pipelineCPU/pipelineCPU.srcs/sources_1/new/MEM.v:68]
WARNING: [VRFC 10-1783] select index 62 into current_contents is out of bounds [/wrk/2017.4/nightly/2017_12_15_2086221/packages/customer/vivado/data/ip/xilinx/blk_mem_gen_v8_4/simulation/blk_mem_gen_v8_4.v:2420]
Completed static elaboration
Starting simulation data flow analysis
WARNING: [XSIM 43-4100] "D:/GitHub/Computer-Organization-Project/pipelineCPU/pipelineCPU.srcs/sources_1/new/top_module.v" Line 3. Module top_module has a timescale but at least one module in design doesn't have timescale.
WARNING: [XSIM 43-4100] "D:/GitHub/Computer-Organization-Project/pipelineCPU/pipelineCPU.srcs/sources_1/new/HarzardDetection.v" Line 3. Module HarzardDetection has a timescale but at least one module in design doesn't have timescale.
WARNING: [XSIM 43-4100] "D:/GitHub/Computer-Organization-Project/pipelineCPU/pipelineCPU.srcs/sources_1/new/IF.v" Line 23. Module IF has a timescale but at least one module in design doesn't have timescale.
WARNING: [XSIM 43-4100] "D:/GitHub/Computer-Organization-Project/pipelineCPU/pipelineCPU.srcs/sources_1/ip/pgrom/sim/pgrom.v" Line 55. Module pgrom has a timescale but at least one module in design doesn't have timescale.
WARNING: [XSIM 43-4100] "/wrk/2017.4/nightly/2017_12_15_2086221/packages/customer/vivado/data/ip/xilinx/blk_mem_gen_v8_4/simulation/blk_mem_gen_v8_4.v" Line 3412. Module blk_mem_gen_v8_4_1(C_FAMILY="artix7",C_XDEVICEFAMILY="artix7",C_ELABORATION_DIR="./",C_AXI_TYPE=1,C_MEM_TYPE=3,C_PRIM_TYPE=1,C_LOAD_INIT_FILE=1,C_INIT_FILE_NAME="pgrom.mif",C_INIT_FILE="pgrom.mem",C_HAS_ENA=0,C_WRITE_DEPTH_A=16384,C_READ_DEPTH_A=16384,C_ADDRA_WIDTH=14,C_INITB_VAL="0",C_HAS_ENB=0,C_WRITE_DEPTH_B=16384,C_READ_DEPTH_B=16384,C_ADDRB_WIDTH=14,C_SIM_COLLISION_CHECK="ALL",C_COMMON_CLK=0,C_COUNT_36K_BRAM="14",C_COUNT_18K_BRAM="1",C_EST_POWER_SUMMARY="Estimated_Power_for_IP_____:_____12.7204_mW") has a timescale but at least one module in design doesn't have timescale.
WARNING: [XSIM 43-4100] "/wrk/2017.4/nightly/2017_12_15_2086221/packages/customer/vivado/data/ip/xilinx/blk_mem_gen_v8_4/simulation/blk_mem_gen_v8_4.v" Line 1951. Module blk_mem_gen_v8_4_1_mem_module(C_FAMILY="artix7",C_XDEVICEFAMILY="artix7",C_MEM_TYPE=3,C_PRIM_TYPE=1,C_LOAD_INIT_FILE=1,C_INIT_FILE_NAME="pgrom.mif",C_INIT_FILE="pgrom.mem",C_HAS_ENA=0,C_WRITE_DEPTH_A=16384,C_READ_DEPTH_A=16384,C_ADDRA_WIDTH=14,C_INITB_VAL="0",C_HAS_ENB=0,C_WRITE_DEPTH_B=16384,C_READ_DEPTH_B=16384,C_ADDRB_WIDTH=14,C_SIM_COLLISION_CHECK="ALL",C_COMMON_CLK=0) has a timescale but at least one module in design doesn't have timescale.
WARNING: [XSIM 43-4100] "/wrk/2017.4/nightly/2017_12_15_2086221/packages/customer/vivado/data/ip/xilinx/blk_mem_gen_v8_4/simulation/blk_mem_gen_v8_4.v" Line 1563. Module blk_mem_gen_v8_4_1_output_stage(C_FAMILY="artix7",C_XDEVICEFAMILY="artix7",C_ADDRB_WIDTH=14,NUM_STAGES=0) has a timescale but at least one module in design doesn't have timescale.
WARNING: [XSIM 43-4100] "/wrk/2017.4/nightly/2017_12_15_2086221/packages/customer/vivado/data/ip/xilinx/blk_mem_gen_v8_4/simulation/blk_mem_gen_v8_4.v" Line 1563. Module blk_mem_gen_v8_4_1_output_stage(C_FAMILY="artix7",C_XDEVICEFAMILY="artix7",C_ADDRB_WIDTH=14,NUM_STAGES=0) has a timescale but at least one module in design doesn't have timescale.
WARNING: [XSIM 43-4100] "/wrk/2017.4/nightly/2017_12_15_2086221/packages/customer/vivado/data/ip/xilinx/blk_mem_gen_v8_4/simulation/blk_mem_gen_v8_4.v" Line 1859. Module blk_mem_gen_v8_4_1_softecc_output_reg_stage(C_ADDRB_WIDTH=14) has a timescale but at least one module in design doesn't have timescale.
WARNING: [XSIM 43-4100] "D:/GitHub/Computer-Organization-Project/pipelineCPU/pipelineCPU.srcs/sources_1/new/ID.v" Line 23. Module ID has a timescale but at least one module in design doesn't have timescale.
WARNING: [XSIM 43-4100] "D:/GitHub/Computer-Organization-Project/pipelineCPU/pipelineCPU.srcs/sources_1/new/EXE.v" Line 23. Module EXE has a timescale but at least one module in design doesn't have timescale.
WARNING: [XSIM 43-4100] "D:/GitHub/Computer-Organization-Project/pipelineCPU/pipelineCPU.srcs/sources_1/new/MEM.v" Line 23. Module MEM has a timescale but at least one module in design doesn't have timescale.
WARNING: [XSIM 43-4100] "D:/GitHub/Computer-Organization-Project/pipelineCPU/pipelineCPU.srcs/sources_1/ip/pgram/sim/pgram.v" Line 55. Module pgram has a timescale but at least one module in design doesn't have timescale.
WARNING: [XSIM 43-4100] "/wrk/2017.4/nightly/2017_12_15_2086221/packages/customer/vivado/data/ip/xilinx/blk_mem_gen_v8_4/simulation/blk_mem_gen_v8_4.v" Line 3412. Module blk_mem_gen_v8_4_1(C_FAMILY="artix7",C_XDEVICEFAMILY="artix7",C_ELABORATION_DIR="./",C_AXI_TYPE=1,C_MEM_TYPE=0,C_BYTE_SIZE=8,C_PRIM_TYPE=1,C_INIT_FILE_NAME="no_coe_file_loaded",C_INIT_FILE="pgram.mem",C_HAS_ENA=0,C_USE_BYTE_WEA=1,C_WEA_WIDTH=4,C_WRITE_DEPTH_A=16384,C_READ_DEPTH_A=16384,C_ADDRA_WIDTH=14,C_INITB_VAL="0",C_HAS_ENB=0,C_USE_BYTE_WEB=1,C_WEB_WIDTH=4,C_WRITE_DEPTH_B=16384,C_READ_DEPTH_B=16384,C_ADDRB_WIDTH=14,C_SIM_COLLISION_CHECK="ALL",C_COMMON_CLK=0,C_COUNT_36K_BRAM="16",C_COUNT_18K_BRAM="0",C_EST_POWER_SUMMARY="Estimated_Power_for_IP_____:_____10.194_mW") has a timescale but at least one module in design doesn't have timescale.
WARNING: [XSIM 43-4100] "/wrk/2017.4/nightly/2017_12_15_2086221/packages/customer/vivado/data/ip/xilinx/blk_mem_gen_v8_4/simulation/blk_mem_gen_v8_4.v" Line 1951. Module blk_mem_gen_v8_4_1_mem_module(C_FAMILY="artix7",C_XDEVICEFAMILY="artix7",C_MEM_TYPE=0,C_BYTE_SIZE=8,C_PRIM_TYPE=1,C_INIT_FILE_NAME="no_coe_file_loaded",C_INIT_FILE="pgram.mem",C_HAS_ENA=0,C_USE_BYTE_WEA=1,C_WEA_WIDTH=4,C_WRITE_DEPTH_A=16384,C_READ_DEPTH_A=16384,C_ADDRA_WIDTH=14,C_INITB_VAL="0",C_HAS_ENB=0,C_USE_BYTE_WEB=1,C_WEB_WIDTH=4,C_WRITE_DEPTH_B=16384,C_READ_DEPTH_B=16384,C_ADDRB_WIDTH=14,C_SIM_COLLISION_CHECK="ALL",C_COMMON_CLK=0) has a timescale but at least one module in design doesn't have timescale.
WARNING: [XSIM 43-4100] "/wrk/2017.4/nightly/2017_12_15_2086221/packages/customer/vivado/data/ip/xilinx/blk_mem_gen_v8_4/simulation/blk_mem_gen_v8_4.v" Line 1563. Module blk_mem_gen_v8_4_1_output_stage(C_FAMILY="artix7",C_XDEVICEFAMILY="artix7",C_ADDRB_WIDTH=14,NUM_STAGES=0) has a timescale but at least one module in design doesn't have timescale.
WARNING: [XSIM 43-4100] "/wrk/2017.4/nightly/2017_12_15_2086221/packages/customer/vivado/data/ip/xilinx/blk_mem_gen_v8_4/simulation/blk_mem_gen_v8_4.v" Line 1563. Module blk_mem_gen_v8_4_1_output_stage(C_FAMILY="artix7",C_XDEVICEFAMILY="artix7",C_ADDRB_WIDTH=14,NUM_STAGES=0) has a timescale but at least one module in design doesn't have timescale.
WARNING: [XSIM 43-4100] "/wrk/2017.4/nightly/2017_12_15_2086221/packages/customer/vivado/data/ip/xilinx/blk_mem_gen_v8_4/simulation/blk_mem_gen_v8_4.v" Line 1859. Module blk_mem_gen_v8_4_1_softecc_output_reg_stage(C_ADDRB_WIDTH=14) has a timescale but at least one module in design doesn't have timescale.
WARNING: [XSIM 43-4100] "D:/GitHub/Computer-Organization-Project/pipelineCPU/pipelineCPU.srcs/sources_1/new/WB.v" Line 1. Module WB has a timescale but at least one module in design doesn't have timescale.
WARNING: [XSIM 43-4100] "D:/GitHub/Computer-Organization-Project/pipelineCPU/pipelineCPU.sim/sim_1/behav/xsim/glbl.v" Line 6. Module glbl has a timescale but at least one module in design doesn't have timescale.
Completed simulation data flow analysis
Time Resolution for simulation is 1ps
Compiling module xil_defaultlib.HarzardDetection
Compiling module blk_mem_gen_v8_4_1.blk_mem_gen_v8_4_1_output_stage(...
Compiling module blk_mem_gen_v8_4_1.blk_mem_gen_v8_4_1_softecc_outpu...
Compiling module blk_mem_gen_v8_4_1.blk_mem_gen_v8_4_1_mem_module(C_...
Compiling module blk_mem_gen_v8_4_1.blk_mem_gen_v8_4_1(C_FAMILY="art...
Compiling module xil_defaultlib.pgrom
Compiling module xil_defaultlib.IF
Compiling module xil_defaultlib.ID
Compiling module xil_defaultlib.EXE
Compiling module blk_mem_gen_v8_4_1.blk_mem_gen_v8_4_1_mem_module(C_...
Compiling module blk_mem_gen_v8_4_1.blk_mem_gen_v8_4_1(C_FAMILY="art...
Compiling module xil_defaultlib.pgram
Compiling module xil_defaultlib.MEM
Compiling module xil_defaultlib.WB
Compiling module xil_defaultlib.top_module
Compiling module xil_defaultlib.tb_pipeline
Compiling module xil_defaultlib.glbl
Built simulation snapshot tb_pipeline_behav

****** Webtalk v2017.4 (64-bit)
  **** SW Build 2086221 on Fri Dec 15 20:55:39 MST 2017
  **** IP Build 2085800 on Fri Dec 15 22:25:07 MST 2017
    ** Copyright 1986-2017 Xilinx, Inc. All Rights Reserved.

source D:/GitHub/Computer-Organization-Project/pipelineCPU/pipelineCPU.sim/sim_1/behav/xsim/xsim.dir/tb_pipeline_behav/webtalk/xsim_webtalk.tcl -notrace
INFO: [Common 17-206] Exiting Webtalk at Wed May 14 23:57:06 2025...
run_program: Time (s): cpu = 00:00:00 ; elapsed = 00:00:07 . Memory (MB): peak = 1301.293 ; gain = 0.000
INFO: [USF-XSim-69] 'elaborate' step finished in '6' seconds
INFO: [USF-XSim-4] XSim::Simulate design
INFO: [USF-XSim-61] Executing 'SIMULATE' step in 'D:/GitHub/Computer-Organization-Project/pipelineCPU/pipelineCPU.sim/sim_1/behav/xsim'
INFO: [USF-XSim-98] *** Running xsim
   with args "tb_pipeline_behav -key {Behavioral:sim_1:Functional:tb_pipeline} -tclbatch {tb_pipeline.tcl} -log {simulate.log}"
INFO: [USF-XSim-8] Loading simulator feature
Vivado Simulator 2017.4
Time resolution is 1 ps
source tb_pipeline.tcl
# set curr_wave [current_wave_config]
# if { [string length $curr_wave] == 0 } {
#   if { [llength [get_objects]] > 0} {
#     add_wave /
#     set_property needs_save false [current_wave_config]
#   } else {
#      send_msg_id Add_Wave-1 WARNING "No top level signals found. Simulator will start without a wave window. If you want to open a wave window go to 'File->New Waveform Configuration' or type 'create_wave_config' in the TCL console."
#   }
# }
# run 1000ns
 Block Memory Generator module loading initial data...
 Block Memory Generator data initialization complete.
Block Memory Generator module tb_pipeline.uut_tm.if_uut.urom.inst.native_mem_module.blk_mem_gen_v8_4_1_inst is using a behavioral model for simulation which will not precisely model memory collision behavior.
Block Memory Generator module tb_pipeline.uut_tm.mem_uut.udram.inst.native_mem_module.blk_mem_gen_v8_4_1_inst is using a behavioral model for simulation which will not precisely model memory collision behavior.
INFO: [USF-XSim-96] XSim completed. Design snapshot 'tb_pipeline_behav' loaded.
INFO: [USF-XSim-97] XSim simulation ran for 1000ns
launch_simulation: Time (s): cpu = 00:00:02 ; elapsed = 00:00:10 . Memory (MB): peak = 1303.262 ; gain = 1.969
add_wave {{/tb_pipeline/uut_tm/regs}} {{/tb_pipeline/uut_tm/en_pc}} {{/tb_pipeline/uut_tm/done_input}} {{/tb_pipeline/uut_tm/en_input}} {{/tb_pipeline/uut_tm/en_output}} {{/tb_pipeline/uut_tm/pc}} {{/tb_pipeline/uut_tm/is_nop}} {{/tb_pipeline/uut_tm/u1_inst}} {{/tb_pipeline/uut_tm/v1_inst}} {{/tb_pipeline/uut_tm/u1_pc}} {{/tb_pipeline/uut_tm/v1_pc}} {{/tb_pipeline/uut_tm/u2_rs1_data}} {{/tb_pipeline/uut_tm/u2_rs2_data}} {{/tb_pipeline/uut_tm/u2_imm32}} {{/tb_pipeline/uut_tm/v2_rs1_data}} {{/tb_pipeline/uut_tm/v2_rs2_data}} {{/tb_pipeline/uut_tm/v2_imm32}} {{/tb_pipeline/uut_tm/u2_pc}} {{/tb_pipeline/uut_tm/v2_pc}} {{/tb_pipeline/uut_tm/u2_funct3}} {{/tb_pipeline/uut_tm/u2_funct7}} {{/tb_pipeline/uut_tm/v2_funct3}} {{/tb_pipeline/uut_tm/v2_funct7}} {{/tb_pipeline/uut_tm/u2_rd}} {{/tb_pipeline/uut_tm/v2_rd}} {{/tb_pipeline/uut_tm/u2_branch}} {{/tb_pipeline/uut_tm/u2_zero}} {{/tb_pipeline/uut_tm/u2_alu_src}} {{/tb_pipeline/uut_tm/u2_mem_read}} {{/tb_pipeline/uut_tm/u2_mem_write}} {{/tb_pipeline/uut_tm/u2_mem_to_reg}} {{/tb_pipeline/uut_tm/u2_reg_write}} {{/tb_pipeline/uut_tm/u2_is_jal}} {{/tb_pipeline/uut_tm/u2_is_jalr}} {{/tb_pipeline/uut_tm/u2_is_lui}} {{/tb_pipeline/uut_tm/u2_is_auipc}} {{/tb_pipeline/uut_tm/u2_alu_op}} {{/tb_pipeline/uut_tm/v2_branch}} {{/tb_pipeline/uut_tm/v2_zero}} {{/tb_pipeline/uut_tm/v2_alu_src}} {{/tb_pipeline/uut_tm/v2_mem_read}} {{/tb_pipeline/uut_tm/v2_mem_write}} {{/tb_pipeline/uut_tm/v2_mem_to_reg}} {{/tb_pipeline/uut_tm/v2_reg_write}} {{/tb_pipeline/uut_tm/v2_is_jal}} {{/tb_pipeline/uut_tm/v2_is_jalr}} {{/tb_pipeline/uut_tm/v2_is_lui}} {{/tb_pipeline/uut_tm/v2_is_auipc}} {{/tb_pipeline/uut_tm/v2_alu_op}} {{/tb_pipeline/uut_tm/u3_alu_result}} {{/tb_pipeline/uut_tm/u3_zero}} {{/tb_pipeline/uut_tm/v3_alu_result}} {{/tb_pipeline/uut_tm/v3_zero}} {{/tb_pipeline/uut_tm/u3_pc}} {{/tb_pipeline/uut_tm/v3_pc}} {{/tb_pipeline/uut_tm/u3_rd}} {{/tb_pipeline/uut_tm/v3_rd}} {{/tb_pipeline/uut_tm/u3_mem_read}} {{/tb_pipeline/uut_tm/v3_mem_read}} {{/tb_pipeline/uut_tm/u3_mem_write}} {{/tb_pipeline/uut_tm/v3_mem_write}} {{/tb_pipeline/uut_tm/u3_rs2_data}} {{/tb_pipeline/uut_tm/v3_rs2_data}} {{/tb_pipeline/uut_tm/u3_mem_to_reg}} {{/tb_pipeline/uut_tm/u3_reg_write}} {{/tb_pipeline/uut_tm/u3_funct3}} {{/tb_pipeline/uut_tm/u3_is_jal}} {{/tb_pipeline/uut_tm/u3_is_jalr}} {{/tb_pipeline/uut_tm/v3_mem_to_reg}} {{/tb_pipeline/uut_tm/v3_reg_write}} {{/tb_pipeline/uut_tm/v3_funct3}} {{/tb_pipeline/uut_tm/v3_is_jal}} {{/tb_pipeline/uut_tm/v3_is_jalr}} {{/tb_pipeline/uut_tm/u4_mem_read_data}} {{/tb_pipeline/uut_tm/v4_mem_read_data}} {{/tb_pipeline/uut_tm/u4_pc}} {{/tb_pipeline/uut_tm/v4_pc}} {{/tb_pipeline/uut_tm/u4_rd}} {{/tb_pipeline/uut_tm/v4_rd}} {{/tb_pipeline/uut_tm/u4_mem_to_reg}} {{/tb_pipeline/uut_tm/u4_reg_write}} {{/tb_pipeline/uut_tm/u4_alu_result}} {{/tb_pipeline/uut_tm/u4_input_data}} {{/tb_pipeline/uut_tm/u4_funct3}} {{/tb_pipeline/uut_tm/u4_is_jal}} {{/tb_pipeline/uut_tm/u4_is_jalr}} {{/tb_pipeline/uut_tm/v4_mem_to_reg}} {{/tb_pipeline/uut_tm/v4_reg_write}} {{/tb_pipeline/uut_tm/v4_alu_result}} {{/tb_pipeline/uut_tm/v4_input_data}} {{/tb_pipeline/uut_tm/v4_funct3}} {{/tb_pipeline/uut_tm/v4_is_jal}} {{/tb_pipeline/uut_tm/v4_is_jalr}} {{/tb_pipeline/uut_tm/nop_inst}} 
close_sim
INFO: [Simtcl 6-16] Simulation closed
close_sim: Time (s): cpu = 00:00:00 ; elapsed = 00:00:06 . Memory (MB): peak = 1307.418 ; gain = 0.000
launch_simulation
INFO: [Vivado 12-5698] Checking validity of IPs in the design for the 'XSim' simulator...
INFO: [Vivado 12-5682] Launching behavioral simulation in 'D:/GitHub/Computer-Organization-Project/pipelineCPU/pipelineCPU.sim/sim_1/behav/xsim'
INFO: [Vivado 12-4795] Using compiled simulation libraries for IPs
INFO: [SIM-utils-51] Simulation object is 'sim_1'
INFO: [USF-XSim-7] Finding pre-compiled libraries...
INFO: [USF-XSim-11] File 'D:/Xilinx/Vivado/2017.4/data/xsim/ip/xsim_ip.ini' copied to run dir:'D:/GitHub/Computer-Organization-Project/pipelineCPU/pipelineCPU.sim/sim_1/behav/xsim'
INFO: [SIM-utils-54] Inspecting design source files for 'tb_pipeline' in fileset 'sim_1'...
INFO: [SIM-utils-43] Exported 'D:/GitHub/Computer-Organization-Project/pipelineCPU/pipelineCPU.sim/sim_1/behav/xsim/test1ROM.coe'
INFO: [SIM-utils-43] Exported 'D:/GitHub/Computer-Organization-Project/pipelineCPU/pipelineCPU.sim/sim_1/behav/xsim/pgrom.mif'
INFO: [USF-XSim-97] Finding global include files...
INFO: [USF-XSim-98] Fetching design files from 'sim_1'...
INFO: [USF-XSim-2] XSim::Compile design
INFO: [USF-XSim-61] Executing 'COMPILE and ANALYZE' step in 'D:/GitHub/Computer-Organization-Project/pipelineCPU/pipelineCPU.sim/sim_1/behav/xsim'
"xvlog --incr --relax -L xil_defaultlib -prj tb_pipeline_vlog.prj"
INFO: [USF-XSim-69] 'compile' step finished in '1' seconds
INFO: [USF-XSim-3] XSim::Elaborate design
INFO: [USF-XSim-61] Executing 'ELABORATE' step in 'D:/GitHub/Computer-Organization-Project/pipelineCPU/pipelineCPU.sim/sim_1/behav/xsim'
Vivado Simulator 2017.4
Copyright 1986-1999, 2001-2016 Xilinx, Inc. All Rights Reserved.
Running: D:/Xilinx/Vivado/2017.4/bin/unwrapped/win64.o/xelab.exe -wto 374ad2d08ccb4635b2dbbca0a3224143 --incr --debug typical --relax --mt 2 -L blk_mem_gen_v8_4_1 -L xil_defaultlib -L unisims_ver -L unimacro_ver -L secureip -L xpm --snapshot tb_pipeline_behav xil_defaultlib.tb_pipeline xil_defaultlib.glbl -log elaborate.log 
Using 2 slave threads.
Starting static elaboration
WARNING: [VRFC 10-278] actual bit length 32 differs from formal bit length 4 for port wea [D:/GitHub/Computer-Organization-Project/pipelineCPU/pipelineCPU.srcs/sources_1/new/MEM.v:68]
WARNING: [VRFC 10-1783] select index 62 into current_contents is out of bounds [/wrk/2017.4/nightly/2017_12_15_2086221/packages/customer/vivado/data/ip/xilinx/blk_mem_gen_v8_4/simulation/blk_mem_gen_v8_4.v:2420]
Completed static elaboration
INFO: [XSIM 43-4323] No Change in HDL. Linking previously generated obj files to create kernel
INFO: [USF-XSim-69] 'elaborate' step finished in '1' seconds
INFO: [USF-XSim-4] XSim::Simulate design
INFO: [USF-XSim-61] Executing 'SIMULATE' step in 'D:/GitHub/Computer-Organization-Project/pipelineCPU/pipelineCPU.sim/sim_1/behav/xsim'
INFO: [USF-XSim-98] *** Running xsim
   with args "tb_pipeline_behav -key {Behavioral:sim_1:Functional:tb_pipeline} -tclbatch {tb_pipeline.tcl} -log {simulate.log}"
INFO: [USF-XSim-8] Loading simulator feature
Vivado Simulator 2017.4
Time resolution is 1 ps
source tb_pipeline.tcl
# set curr_wave [current_wave_config]
# if { [string length $curr_wave] == 0 } {
#   if { [llength [get_objects]] > 0} {
#     add_wave /
#     set_property needs_save false [current_wave_config]
#   } else {
#      send_msg_id Add_Wave-1 WARNING "No top level signals found. Simulator will start without a wave window. If you want to open a wave window go to 'File->New Waveform Configuration' or type 'create_wave_config' in the TCL console."
#   }
# }
# run 1000ns
 Block Memory Generator module loading initial data...
 Block Memory Generator data initialization complete.
Block Memory Generator module tb_pipeline.uut_tm.if_uut.urom.inst.native_mem_module.blk_mem_gen_v8_4_1_inst is using a behavioral model for simulation which will not precisely model memory collision behavior.
Block Memory Generator module tb_pipeline.uut_tm.mem_uut.udram.inst.native_mem_module.blk_mem_gen_v8_4_1_inst is using a behavioral model for simulation which will not precisely model memory collision behavior.
INFO: [USF-XSim-96] XSim completed. Design snapshot 'tb_pipeline_behav' loaded.
INFO: [USF-XSim-97] XSim simulation ran for 1000ns
close_sim
INFO: [Simtcl 6-16] Simulation closed
launch_simulation
INFO: [Vivado 12-5698] Checking validity of IPs in the design for the 'XSim' simulator...
INFO: [Vivado 12-5682] Launching behavioral simulation in 'D:/GitHub/Computer-Organization-Project/pipelineCPU/pipelineCPU.sim/sim_1/behav/xsim'
INFO: [Vivado 12-4795] Using compiled simulation libraries for IPs
INFO: [SIM-utils-51] Simulation object is 'sim_1'
INFO: [USF-XSim-7] Finding pre-compiled libraries...
INFO: [USF-XSim-11] File 'D:/Xilinx/Vivado/2017.4/data/xsim/ip/xsim_ip.ini' copied to run dir:'D:/GitHub/Computer-Organization-Project/pipelineCPU/pipelineCPU.sim/sim_1/behav/xsim'
INFO: [SIM-utils-54] Inspecting design source files for 'tb_pipeline' in fileset 'sim_1'...
INFO: [SIM-utils-43] Exported 'D:/GitHub/Computer-Organization-Project/pipelineCPU/pipelineCPU.sim/sim_1/behav/xsim/test1ROM.coe'
INFO: [SIM-utils-43] Exported 'D:/GitHub/Computer-Organization-Project/pipelineCPU/pipelineCPU.sim/sim_1/behav/xsim/pgrom.mif'
INFO: [USF-XSim-97] Finding global include files...
INFO: [USF-XSim-98] Fetching design files from 'sim_1'...
INFO: [USF-XSim-2] XSim::Compile design
INFO: [USF-XSim-61] Executing 'COMPILE and ANALYZE' step in 'D:/GitHub/Computer-Organization-Project/pipelineCPU/pipelineCPU.sim/sim_1/behav/xsim'
"xvlog --incr --relax -L xil_defaultlib -prj tb_pipeline_vlog.prj"
INFO: [USF-XSim-69] 'compile' step finished in '1' seconds
INFO: [USF-XSim-3] XSim::Elaborate design
INFO: [USF-XSim-61] Executing 'ELABORATE' step in 'D:/GitHub/Computer-Organization-Project/pipelineCPU/pipelineCPU.sim/sim_1/behav/xsim'
Vivado Simulator 2017.4
Copyright 1986-1999, 2001-2016 Xilinx, Inc. All Rights Reserved.
Running: D:/Xilinx/Vivado/2017.4/bin/unwrapped/win64.o/xelab.exe -wto 374ad2d08ccb4635b2dbbca0a3224143 --incr --debug typical --relax --mt 2 -L blk_mem_gen_v8_4_1 -L xil_defaultlib -L unisims_ver -L unimacro_ver -L secureip -L xpm --snapshot tb_pipeline_behav xil_defaultlib.tb_pipeline xil_defaultlib.glbl -log elaborate.log 
Using 2 slave threads.
Starting static elaboration
WARNING: [VRFC 10-278] actual bit length 32 differs from formal bit length 4 for port wea [D:/GitHub/Computer-Organization-Project/pipelineCPU/pipelineCPU.srcs/sources_1/new/MEM.v:68]
WARNING: [VRFC 10-1783] select index 62 into current_contents is out of bounds [/wrk/2017.4/nightly/2017_12_15_2086221/packages/customer/vivado/data/ip/xilinx/blk_mem_gen_v8_4/simulation/blk_mem_gen_v8_4.v:2420]
Completed static elaboration
INFO: [XSIM 43-4323] No Change in HDL. Linking previously generated obj files to create kernel
INFO: [USF-XSim-69] 'elaborate' step finished in '1' seconds
INFO: [USF-XSim-4] XSim::Simulate design
INFO: [USF-XSim-61] Executing 'SIMULATE' step in 'D:/GitHub/Computer-Organization-Project/pipelineCPU/pipelineCPU.sim/sim_1/behav/xsim'
INFO: [USF-XSim-98] *** Running xsim
   with args "tb_pipeline_behav -key {Behavioral:sim_1:Functional:tb_pipeline} -tclbatch {tb_pipeline.tcl} -log {simulate.log}"
INFO: [USF-XSim-8] Loading simulator feature
Vivado Simulator 2017.4
Time resolution is 1 ps
source tb_pipeline.tcl
# set curr_wave [current_wave_config]
# if { [string length $curr_wave] == 0 } {
#   if { [llength [get_objects]] > 0} {
#     add_wave /
#     set_property needs_save false [current_wave_config]
#   } else {
#      send_msg_id Add_Wave-1 WARNING "No top level signals found. Simulator will start without a wave window. If you want to open a wave window go to 'File->New Waveform Configuration' or type 'create_wave_config' in the TCL console."
#   }
# }
# run 1000ns
 Block Memory Generator module loading initial data...
 Block Memory Generator data initialization complete.
Block Memory Generator module tb_pipeline.uut_tm.if_uut.urom.inst.native_mem_module.blk_mem_gen_v8_4_1_inst is using a behavioral model for simulation which will not precisely model memory collision behavior.
Block Memory Generator module tb_pipeline.uut_tm.mem_uut.udram.inst.native_mem_module.blk_mem_gen_v8_4_1_inst is using a behavioral model for simulation which will not precisely model memory collision behavior.
INFO: [USF-XSim-96] XSim completed. Design snapshot 'tb_pipeline_behav' loaded.
INFO: [USF-XSim-97] XSim simulation ran for 1000ns
add_wave {{/tb_pipeline/uut_tm/regs}} {{/tb_pipeline/uut_tm/en_pc}} {{/tb_pipeline/uut_tm/done_input}} {{/tb_pipeline/uut_tm/en_input}} {{/tb_pipeline/uut_tm/en_output}} {{/tb_pipeline/uut_tm/pc}} {{/tb_pipeline/uut_tm/is_nop}} {{/tb_pipeline/uut_tm/u1_inst}} {{/tb_pipeline/uut_tm/v1_inst}} {{/tb_pipeline/uut_tm/u1_pc}} {{/tb_pipeline/uut_tm/v1_pc}} {{/tb_pipeline/uut_tm/u2_rs1_data}} {{/tb_pipeline/uut_tm/u2_rs2_data}} {{/tb_pipeline/uut_tm/u2_imm32}} {{/tb_pipeline/uut_tm/v2_rs1_data}} {{/tb_pipeline/uut_tm/v2_rs2_data}} {{/tb_pipeline/uut_tm/v2_imm32}} {{/tb_pipeline/uut_tm/u2_pc}} {{/tb_pipeline/uut_tm/v2_pc}} {{/tb_pipeline/uut_tm/u2_funct3}} {{/tb_pipeline/uut_tm/u2_funct7}} {{/tb_pipeline/uut_tm/v2_funct3}} {{/tb_pipeline/uut_tm/v2_funct7}} {{/tb_pipeline/uut_tm/u2_rd}} {{/tb_pipeline/uut_tm/v2_rd}} {{/tb_pipeline/uut_tm/u2_branch}} {{/tb_pipeline/uut_tm/u2_zero}} {{/tb_pipeline/uut_tm/u2_alu_src}} {{/tb_pipeline/uut_tm/u2_mem_read}} {{/tb_pipeline/uut_tm/u2_mem_write}} {{/tb_pipeline/uut_tm/u2_mem_to_reg}} {{/tb_pipeline/uut_tm/u2_reg_write}} {{/tb_pipeline/uut_tm/u2_is_jal}} {{/tb_pipeline/uut_tm/u2_is_jalr}} {{/tb_pipeline/uut_tm/u2_is_lui}} {{/tb_pipeline/uut_tm/u2_is_auipc}} {{/tb_pipeline/uut_tm/u2_alu_op}} {{/tb_pipeline/uut_tm/v2_branch}} {{/tb_pipeline/uut_tm/v2_zero}} {{/tb_pipeline/uut_tm/v2_alu_src}} {{/tb_pipeline/uut_tm/v2_mem_read}} {{/tb_pipeline/uut_tm/v2_mem_write}} {{/tb_pipeline/uut_tm/v2_mem_to_reg}} {{/tb_pipeline/uut_tm/v2_reg_write}} {{/tb_pipeline/uut_tm/v2_is_jal}} {{/tb_pipeline/uut_tm/v2_is_jalr}} {{/tb_pipeline/uut_tm/v2_is_lui}} {{/tb_pipeline/uut_tm/v2_is_auipc}} {{/tb_pipeline/uut_tm/v2_alu_op}} {{/tb_pipeline/uut_tm/u3_alu_result}} {{/tb_pipeline/uut_tm/u3_zero}} {{/tb_pipeline/uut_tm/v3_alu_result}} {{/tb_pipeline/uut_tm/v3_zero}} {{/tb_pipeline/uut_tm/u3_pc}} {{/tb_pipeline/uut_tm/v3_pc}} {{/tb_pipeline/uut_tm/u3_rd}} {{/tb_pipeline/uut_tm/v3_rd}} {{/tb_pipeline/uut_tm/u3_mem_read}} {{/tb_pipeline/uut_tm/v3_mem_read}} {{/tb_pipeline/uut_tm/u3_mem_write}} {{/tb_pipeline/uut_tm/v3_mem_write}} {{/tb_pipeline/uut_tm/u3_rs2_data}} {{/tb_pipeline/uut_tm/v3_rs2_data}} {{/tb_pipeline/uut_tm/u3_mem_to_reg}} {{/tb_pipeline/uut_tm/u3_reg_write}} {{/tb_pipeline/uut_tm/u3_funct3}} {{/tb_pipeline/uut_tm/u3_is_jal}} {{/tb_pipeline/uut_tm/u3_is_jalr}} {{/tb_pipeline/uut_tm/v3_mem_to_reg}} {{/tb_pipeline/uut_tm/v3_reg_write}} {{/tb_pipeline/uut_tm/v3_funct3}} {{/tb_pipeline/uut_tm/v3_is_jal}} {{/tb_pipeline/uut_tm/v3_is_jalr}} {{/tb_pipeline/uut_tm/u4_mem_read_data}} {{/tb_pipeline/uut_tm/v4_mem_read_data}} {{/tb_pipeline/uut_tm/u4_pc}} {{/tb_pipeline/uut_tm/v4_pc}} {{/tb_pipeline/uut_tm/u4_rd}} {{/tb_pipeline/uut_tm/v4_rd}} {{/tb_pipeline/uut_tm/u4_mem_to_reg}} {{/tb_pipeline/uut_tm/u4_reg_write}} {{/tb_pipeline/uut_tm/u4_alu_result}} {{/tb_pipeline/uut_tm/u4_input_data}} {{/tb_pipeline/uut_tm/u4_funct3}} {{/tb_pipeline/uut_tm/u4_is_jal}} {{/tb_pipeline/uut_tm/u4_is_jalr}} {{/tb_pipeline/uut_tm/v4_mem_to_reg}} {{/tb_pipeline/uut_tm/v4_reg_write}} {{/tb_pipeline/uut_tm/v4_alu_result}} {{/tb_pipeline/uut_tm/v4_input_data}} {{/tb_pipeline/uut_tm/v4_funct3}} {{/tb_pipeline/uut_tm/v4_is_jal}} {{/tb_pipeline/uut_tm/v4_is_jalr}} {{/tb_pipeline/uut_tm/nop_inst}} 
save_wave_config {D:/GitHub/Computer-Organization-Project/pipelineCPU/tb_pipeline_behav.wcfg}
add_files -fileset sim_1 -norecurse D:/GitHub/Computer-Organization-Project/pipelineCPU/tb_pipeline_behav.wcfg
set_property xsim.view D:/GitHub/Computer-Organization-Project/pipelineCPU/tb_pipeline_behav.wcfg [get_filesets sim_1]
close_sim
INFO: [Simtcl 6-16] Simulation closed
launch_simulation
INFO: [Vivado 12-5698] Checking validity of IPs in the design for the 'XSim' simulator...
INFO: [Vivado 12-5682] Launching behavioral simulation in 'D:/GitHub/Computer-Organization-Project/pipelineCPU/pipelineCPU.sim/sim_1/behav/xsim'
INFO: [Vivado 12-4795] Using compiled simulation libraries for IPs
INFO: [SIM-utils-51] Simulation object is 'sim_1'
INFO: [USF-XSim-7] Finding pre-compiled libraries...
INFO: [USF-XSim-11] File 'D:/Xilinx/Vivado/2017.4/data/xsim/ip/xsim_ip.ini' copied to run dir:'D:/GitHub/Computer-Organization-Project/pipelineCPU/pipelineCPU.sim/sim_1/behav/xsim'
INFO: [SIM-utils-54] Inspecting design source files for 'tb_pipeline' in fileset 'sim_1'...
INFO: [SIM-utils-43] Exported 'D:/GitHub/Computer-Organization-Project/pipelineCPU/pipelineCPU.sim/sim_1/behav/xsim/test1ROM.coe'
INFO: [SIM-utils-43] Exported 'D:/GitHub/Computer-Organization-Project/pipelineCPU/pipelineCPU.sim/sim_1/behav/xsim/pgrom.mif'
INFO: [USF-XSim-97] Finding global include files...
INFO: [USF-XSim-98] Fetching design files from 'sim_1'...
INFO: [USF-XSim-2] XSim::Compile design
INFO: [USF-XSim-61] Executing 'COMPILE and ANALYZE' step in 'D:/GitHub/Computer-Organization-Project/pipelineCPU/pipelineCPU.sim/sim_1/behav/xsim'
"xvlog --incr --relax -L xil_defaultlib -prj tb_pipeline_vlog.prj"
INFO: [USF-XSim-69] 'compile' step finished in '1' seconds
INFO: [USF-XSim-3] XSim::Elaborate design
INFO: [USF-XSim-61] Executing 'ELABORATE' step in 'D:/GitHub/Computer-Organization-Project/pipelineCPU/pipelineCPU.sim/sim_1/behav/xsim'
Vivado Simulator 2017.4
Copyright 1986-1999, 2001-2016 Xilinx, Inc. All Rights Reserved.
Running: D:/Xilinx/Vivado/2017.4/bin/unwrapped/win64.o/xelab.exe -wto 374ad2d08ccb4635b2dbbca0a3224143 --incr --debug typical --relax --mt 2 -L blk_mem_gen_v8_4_1 -L xil_defaultlib -L unisims_ver -L unimacro_ver -L secureip -L xpm --snapshot tb_pipeline_behav xil_defaultlib.tb_pipeline xil_defaultlib.glbl -log elaborate.log 
Using 2 slave threads.
Starting static elaboration
WARNING: [VRFC 10-278] actual bit length 32 differs from formal bit length 4 for port wea [D:/GitHub/Computer-Organization-Project/pipelineCPU/pipelineCPU.srcs/sources_1/new/MEM.v:68]
WARNING: [VRFC 10-1783] select index 62 into current_contents is out of bounds [/wrk/2017.4/nightly/2017_12_15_2086221/packages/customer/vivado/data/ip/xilinx/blk_mem_gen_v8_4/simulation/blk_mem_gen_v8_4.v:2420]
Completed static elaboration
INFO: [XSIM 43-4323] No Change in HDL. Linking previously generated obj files to create kernel
INFO: [USF-XSim-69] 'elaborate' step finished in '1' seconds
INFO: [USF-XSim-4] XSim::Simulate design
INFO: [USF-XSim-61] Executing 'SIMULATE' step in 'D:/GitHub/Computer-Organization-Project/pipelineCPU/pipelineCPU.sim/sim_1/behav/xsim'
INFO: [USF-XSim-98] *** Running xsim
   with args "tb_pipeline_behav -key {Behavioral:sim_1:Functional:tb_pipeline} -tclbatch {tb_pipeline.tcl} -view {D:/GitHub/Computer-Organization-Project/pipelineCPU/tb_pipeline_behav.wcfg} -log {simulate.log}"
INFO: [USF-XSim-8] Loading simulator feature
Vivado Simulator 2017.4
Time resolution is 1 ps
open_wave_config D:/GitHub/Computer-Organization-Project/pipelineCPU/tb_pipeline_behav.wcfg
source tb_pipeline.tcl
# set curr_wave [current_wave_config]
# if { [string length $curr_wave] == 0 } {
#   if { [llength [get_objects]] > 0} {
#     add_wave /
#     set_property needs_save false [current_wave_config]
#   } else {
#      send_msg_id Add_Wave-1 WARNING "No top level signals found. Simulator will start without a wave window. If you want to open a wave window go to 'File->New Waveform Configuration' or type 'create_wave_config' in the TCL console."
#   }
# }
# run 1000ns
 Block Memory Generator module loading initial data...
 Block Memory Generator data initialization complete.
Block Memory Generator module tb_pipeline.uut_tm.if_uut.urom.inst.native_mem_module.blk_mem_gen_v8_4_1_inst is using a behavioral model for simulation which will not precisely model memory collision behavior.
Block Memory Generator module tb_pipeline.uut_tm.mem_uut.udram.inst.native_mem_module.blk_mem_gen_v8_4_1_inst is using a behavioral model for simulation which will not precisely model memory collision behavior.
INFO: [USF-XSim-96] XSim completed. Design snapshot 'tb_pipeline_behav' loaded.
INFO: [USF-XSim-97] XSim simulation ran for 1000ns
current_project CPU
current_project pipelineCPU
close_sim
INFO: [Simtcl 6-16] Simulation closed
launch_simulation
INFO: [Vivado 12-5698] Checking validity of IPs in the design for the 'XSim' simulator...
INFO: [Vivado 12-5682] Launching behavioral simulation in 'D:/GitHub/Computer-Organization-Project/pipelineCPU/pipelineCPU.sim/sim_1/behav/xsim'
INFO: [Vivado 12-4795] Using compiled simulation libraries for IPs
INFO: [SIM-utils-51] Simulation object is 'sim_1'
INFO: [USF-XSim-7] Finding pre-compiled libraries...
INFO: [USF-XSim-11] File 'D:/Xilinx/Vivado/2017.4/data/xsim/ip/xsim_ip.ini' copied to run dir:'D:/GitHub/Computer-Organization-Project/pipelineCPU/pipelineCPU.sim/sim_1/behav/xsim'
INFO: [SIM-utils-54] Inspecting design source files for 'tb_pipeline' in fileset 'sim_1'...
INFO: [SIM-utils-43] Exported 'D:/GitHub/Computer-Organization-Project/pipelineCPU/pipelineCPU.sim/sim_1/behav/xsim/test1ROM.coe'
INFO: [SIM-utils-43] Exported 'D:/GitHub/Computer-Organization-Project/pipelineCPU/pipelineCPU.sim/sim_1/behav/xsim/pgrom.mif'
INFO: [USF-XSim-97] Finding global include files...
INFO: [USF-XSim-98] Fetching design files from 'sim_1'...
INFO: [USF-XSim-2] XSim::Compile design
INFO: [USF-XSim-61] Executing 'COMPILE and ANALYZE' step in 'D:/GitHub/Computer-Organization-Project/pipelineCPU/pipelineCPU.sim/sim_1/behav/xsim'
"xvlog --incr --relax -L xil_defaultlib -prj tb_pipeline_vlog.prj"
INFO: [VRFC 10-2263] Analyzing SystemVerilog file "D:/GitHub/Computer-Organization-Project/pipelineCPU/pipelineCPU.srcs/sources_1/new/ID.v" into library xil_defaultlib
INFO: [VRFC 10-311] analyzing module ID
INFO: [VRFC 10-2263] Analyzing SystemVerilog file "D:/GitHub/Computer-Organization-Project/pipelineCPU/pipelineCPU.srcs/sources_1/new/WB.v" into library xil_defaultlib
INFO: [VRFC 10-311] analyzing module WB
INFO: [VRFC 10-2263] Analyzing SystemVerilog file "D:/GitHub/Computer-Organization-Project/pipelineCPU/pipelineCPU.srcs/sources_1/new/top_module.v" into library xil_defaultlib
INFO: [VRFC 10-311] analyzing module top_module
INFO: [USF-XSim-69] 'compile' step finished in '1' seconds
INFO: [USF-XSim-3] XSim::Elaborate design
INFO: [USF-XSim-61] Executing 'ELABORATE' step in 'D:/GitHub/Computer-Organization-Project/pipelineCPU/pipelineCPU.sim/sim_1/behav/xsim'
Vivado Simulator 2017.4
Copyright 1986-1999, 2001-2016 Xilinx, Inc. All Rights Reserved.
Running: D:/Xilinx/Vivado/2017.4/bin/unwrapped/win64.o/xelab.exe -wto 374ad2d08ccb4635b2dbbca0a3224143 --incr --debug typical --relax --mt 2 -L blk_mem_gen_v8_4_1 -L xil_defaultlib -L unisims_ver -L unimacro_ver -L secureip -L xpm --snapshot tb_pipeline_behav xil_defaultlib.tb_pipeline xil_defaultlib.glbl -log elaborate.log 
Using 2 slave threads.
Starting static elaboration
WARNING: [VRFC 10-278] actual bit length 32 differs from formal bit length 4 for port wea [D:/GitHub/Computer-Organization-Project/pipelineCPU/pipelineCPU.srcs/sources_1/new/MEM.v:68]
WARNING: [VRFC 10-1783] select index 62 into current_contents is out of bounds [/wrk/2017.4/nightly/2017_12_15_2086221/packages/customer/vivado/data/ip/xilinx/blk_mem_gen_v8_4/simulation/blk_mem_gen_v8_4.v:2420]
Completed static elaboration
Starting simulation data flow analysis
WARNING: [XSIM 43-4100] "D:/GitHub/Computer-Organization-Project/pipelineCPU/pipelineCPU.srcs/sources_1/new/top_module.v" Line 3. Module top_module has a timescale but at least one module in design doesn't have timescale.
WARNING: [XSIM 43-4100] "D:/GitHub/Computer-Organization-Project/pipelineCPU/pipelineCPU.srcs/sources_1/new/HarzardDetection.v" Line 3. Module HarzardDetection has a timescale but at least one module in design doesn't have timescale.
WARNING: [XSIM 43-4100] "D:/GitHub/Computer-Organization-Project/pipelineCPU/pipelineCPU.srcs/sources_1/new/IF.v" Line 23. Module IF has a timescale but at least one module in design doesn't have timescale.
WARNING: [XSIM 43-4100] "D:/GitHub/Computer-Organization-Project/pipelineCPU/pipelineCPU.srcs/sources_1/ip/pgrom/sim/pgrom.v" Line 55. Module pgrom has a timescale but at least one module in design doesn't have timescale.
WARNING: [XSIM 43-4100] "/wrk/2017.4/nightly/2017_12_15_2086221/packages/customer/vivado/data/ip/xilinx/blk_mem_gen_v8_4/simulation/blk_mem_gen_v8_4.v" Line 3412. Module blk_mem_gen_v8_4_1(C_FAMILY="artix7",C_XDEVICEFAMILY="artix7",C_ELABORATION_DIR="./",C_AXI_TYPE=1,C_MEM_TYPE=3,C_PRIM_TYPE=1,C_LOAD_INIT_FILE=1,C_INIT_FILE_NAME="pgrom.mif",C_INIT_FILE="pgrom.mem",C_HAS_ENA=0,C_WRITE_DEPTH_A=16384,C_READ_DEPTH_A=16384,C_ADDRA_WIDTH=14,C_INITB_VAL="0",C_HAS_ENB=0,C_WRITE_DEPTH_B=16384,C_READ_DEPTH_B=16384,C_ADDRB_WIDTH=14,C_SIM_COLLISION_CHECK="ALL",C_COMMON_CLK=0,C_COUNT_36K_BRAM="14",C_COUNT_18K_BRAM="1",C_EST_POWER_SUMMARY="Estimated_Power_for_IP_____:_____12.7204_mW") has a timescale but at least one module in design doesn't have timescale.
WARNING: [XSIM 43-4100] "/wrk/2017.4/nightly/2017_12_15_2086221/packages/customer/vivado/data/ip/xilinx/blk_mem_gen_v8_4/simulation/blk_mem_gen_v8_4.v" Line 1951. Module blk_mem_gen_v8_4_1_mem_module(C_FAMILY="artix7",C_XDEVICEFAMILY="artix7",C_MEM_TYPE=3,C_PRIM_TYPE=1,C_LOAD_INIT_FILE=1,C_INIT_FILE_NAME="pgrom.mif",C_INIT_FILE="pgrom.mem",C_HAS_ENA=0,C_WRITE_DEPTH_A=16384,C_READ_DEPTH_A=16384,C_ADDRA_WIDTH=14,C_INITB_VAL="0",C_HAS_ENB=0,C_WRITE_DEPTH_B=16384,C_READ_DEPTH_B=16384,C_ADDRB_WIDTH=14,C_SIM_COLLISION_CHECK="ALL",C_COMMON_CLK=0) has a timescale but at least one module in design doesn't have timescale.
WARNING: [XSIM 43-4100] "/wrk/2017.4/nightly/2017_12_15_2086221/packages/customer/vivado/data/ip/xilinx/blk_mem_gen_v8_4/simulation/blk_mem_gen_v8_4.v" Line 1563. Module blk_mem_gen_v8_4_1_output_stage(C_FAMILY="artix7",C_XDEVICEFAMILY="artix7",C_ADDRB_WIDTH=14,NUM_STAGES=0) has a timescale but at least one module in design doesn't have timescale.
WARNING: [XSIM 43-4100] "/wrk/2017.4/nightly/2017_12_15_2086221/packages/customer/vivado/data/ip/xilinx/blk_mem_gen_v8_4/simulation/blk_mem_gen_v8_4.v" Line 1563. Module blk_mem_gen_v8_4_1_output_stage(C_FAMILY="artix7",C_XDEVICEFAMILY="artix7",C_ADDRB_WIDTH=14,NUM_STAGES=0) has a timescale but at least one module in design doesn't have timescale.
WARNING: [XSIM 43-4100] "/wrk/2017.4/nightly/2017_12_15_2086221/packages/customer/vivado/data/ip/xilinx/blk_mem_gen_v8_4/simulation/blk_mem_gen_v8_4.v" Line 1859. Module blk_mem_gen_v8_4_1_softecc_output_reg_stage(C_ADDRB_WIDTH=14) has a timescale but at least one module in design doesn't have timescale.
WARNING: [XSIM 43-4100] "D:/GitHub/Computer-Organization-Project/pipelineCPU/pipelineCPU.srcs/sources_1/new/ID.v" Line 23. Module ID has a timescale but at least one module in design doesn't have timescale.
WARNING: [XSIM 43-4100] "D:/GitHub/Computer-Organization-Project/pipelineCPU/pipelineCPU.srcs/sources_1/new/EXE.v" Line 23. Module EXE has a timescale but at least one module in design doesn't have timescale.
WARNING: [XSIM 43-4100] "D:/GitHub/Computer-Organization-Project/pipelineCPU/pipelineCPU.srcs/sources_1/new/MEM.v" Line 23. Module MEM has a timescale but at least one module in design doesn't have timescale.
WARNING: [XSIM 43-4100] "D:/GitHub/Computer-Organization-Project/pipelineCPU/pipelineCPU.srcs/sources_1/ip/pgram/sim/pgram.v" Line 55. Module pgram has a timescale but at least one module in design doesn't have timescale.
WARNING: [XSIM 43-4100] "/wrk/2017.4/nightly/2017_12_15_2086221/packages/customer/vivado/data/ip/xilinx/blk_mem_gen_v8_4/simulation/blk_mem_gen_v8_4.v" Line 3412. Module blk_mem_gen_v8_4_1(C_FAMILY="artix7",C_XDEVICEFAMILY="artix7",C_ELABORATION_DIR="./",C_AXI_TYPE=1,C_MEM_TYPE=0,C_BYTE_SIZE=8,C_PRIM_TYPE=1,C_INIT_FILE_NAME="no_coe_file_loaded",C_INIT_FILE="pgram.mem",C_HAS_ENA=0,C_USE_BYTE_WEA=1,C_WEA_WIDTH=4,C_WRITE_DEPTH_A=16384,C_READ_DEPTH_A=16384,C_ADDRA_WIDTH=14,C_INITB_VAL="0",C_HAS_ENB=0,C_USE_BYTE_WEB=1,C_WEB_WIDTH=4,C_WRITE_DEPTH_B=16384,C_READ_DEPTH_B=16384,C_ADDRB_WIDTH=14,C_SIM_COLLISION_CHECK="ALL",C_COMMON_CLK=0,C_COUNT_36K_BRAM="16",C_COUNT_18K_BRAM="0",C_EST_POWER_SUMMARY="Estimated_Power_for_IP_____:_____10.194_mW") has a timescale but at least one module in design doesn't have timescale.
WARNING: [XSIM 43-4100] "/wrk/2017.4/nightly/2017_12_15_2086221/packages/customer/vivado/data/ip/xilinx/blk_mem_gen_v8_4/simulation/blk_mem_gen_v8_4.v" Line 1951. Module blk_mem_gen_v8_4_1_mem_module(C_FAMILY="artix7",C_XDEVICEFAMILY="artix7",C_MEM_TYPE=0,C_BYTE_SIZE=8,C_PRIM_TYPE=1,C_INIT_FILE_NAME="no_coe_file_loaded",C_INIT_FILE="pgram.mem",C_HAS_ENA=0,C_USE_BYTE_WEA=1,C_WEA_WIDTH=4,C_WRITE_DEPTH_A=16384,C_READ_DEPTH_A=16384,C_ADDRA_WIDTH=14,C_INITB_VAL="0",C_HAS_ENB=0,C_USE_BYTE_WEB=1,C_WEB_WIDTH=4,C_WRITE_DEPTH_B=16384,C_READ_DEPTH_B=16384,C_ADDRB_WIDTH=14,C_SIM_COLLISION_CHECK="ALL",C_COMMON_CLK=0) has a timescale but at least one module in design doesn't have timescale.
WARNING: [XSIM 43-4100] "/wrk/2017.4/nightly/2017_12_15_2086221/packages/customer/vivado/data/ip/xilinx/blk_mem_gen_v8_4/simulation/blk_mem_gen_v8_4.v" Line 1563. Module blk_mem_gen_v8_4_1_output_stage(C_FAMILY="artix7",C_XDEVICEFAMILY="artix7",C_ADDRB_WIDTH=14,NUM_STAGES=0) has a timescale but at least one module in design doesn't have timescale.
WARNING: [XSIM 43-4100] "/wrk/2017.4/nightly/2017_12_15_2086221/packages/customer/vivado/data/ip/xilinx/blk_mem_gen_v8_4/simulation/blk_mem_gen_v8_4.v" Line 1563. Module blk_mem_gen_v8_4_1_output_stage(C_FAMILY="artix7",C_XDEVICEFAMILY="artix7",C_ADDRB_WIDTH=14,NUM_STAGES=0) has a timescale but at least one module in design doesn't have timescale.
WARNING: [XSIM 43-4100] "/wrk/2017.4/nightly/2017_12_15_2086221/packages/customer/vivado/data/ip/xilinx/blk_mem_gen_v8_4/simulation/blk_mem_gen_v8_4.v" Line 1859. Module blk_mem_gen_v8_4_1_softecc_output_reg_stage(C_ADDRB_WIDTH=14) has a timescale but at least one module in design doesn't have timescale.
WARNING: [XSIM 43-4100] "D:/GitHub/Computer-Organization-Project/pipelineCPU/pipelineCPU.srcs/sources_1/new/WB.v" Line 1. Module WB has a timescale but at least one module in design doesn't have timescale.
WARNING: [XSIM 43-4100] "D:/GitHub/Computer-Organization-Project/pipelineCPU/pipelineCPU.sim/sim_1/behav/xsim/glbl.v" Line 6. Module glbl has a timescale but at least one module in design doesn't have timescale.
Completed simulation data flow analysis
Time Resolution for simulation is 1ps
Compiling module xil_defaultlib.HarzardDetection
Compiling module blk_mem_gen_v8_4_1.blk_mem_gen_v8_4_1_output_stage(...
Compiling module blk_mem_gen_v8_4_1.blk_mem_gen_v8_4_1_softecc_outpu...
Compiling module blk_mem_gen_v8_4_1.blk_mem_gen_v8_4_1_mem_module(C_...
Compiling module blk_mem_gen_v8_4_1.blk_mem_gen_v8_4_1(C_FAMILY="art...
Compiling module xil_defaultlib.pgrom
Compiling module xil_defaultlib.IF
Compiling module xil_defaultlib.ID
Compiling module xil_defaultlib.EXE
Compiling module blk_mem_gen_v8_4_1.blk_mem_gen_v8_4_1_mem_module(C_...
Compiling module blk_mem_gen_v8_4_1.blk_mem_gen_v8_4_1(C_FAMILY="art...
Compiling module xil_defaultlib.pgram
Compiling module xil_defaultlib.MEM
Compiling module xil_defaultlib.WB
Compiling module xil_defaultlib.top_module
Compiling module xil_defaultlib.tb_pipeline
Compiling module xil_defaultlib.glbl
Built simulation snapshot tb_pipeline_behav
INFO: [USF-XSim-69] 'elaborate' step finished in '4' seconds
INFO: [USF-XSim-4] XSim::Simulate design
INFO: [USF-XSim-61] Executing 'SIMULATE' step in 'D:/GitHub/Computer-Organization-Project/pipelineCPU/pipelineCPU.sim/sim_1/behav/xsim'
INFO: [USF-XSim-98] *** Running xsim
   with args "tb_pipeline_behav -key {Behavioral:sim_1:Functional:tb_pipeline} -tclbatch {tb_pipeline.tcl} -view {D:/GitHub/Computer-Organization-Project/pipelineCPU/tb_pipeline_behav.wcfg} -log {simulate.log}"
INFO: [USF-XSim-8] Loading simulator feature
Vivado Simulator 2017.4
Time resolution is 1 ps
open_wave_config D:/GitHub/Computer-Organization-Project/pipelineCPU/tb_pipeline_behav.wcfg
WARNING: Simulation object /tb_pipeline/uut_tm/u2_zero was not found in the design.
WARNING: Simulation object /tb_pipeline/uut_tm/v2_zero was not found in the design.
source tb_pipeline.tcl
# set curr_wave [current_wave_config]
# if { [string length $curr_wave] == 0 } {
#   if { [llength [get_objects]] > 0} {
#     add_wave /
#     set_property needs_save false [current_wave_config]
#   } else {
#      send_msg_id Add_Wave-1 WARNING "No top level signals found. Simulator will start without a wave window. If you want to open a wave window go to 'File->New Waveform Configuration' or type 'create_wave_config' in the TCL console."
#   }
# }
# run 1000ns
 Block Memory Generator module loading initial data...
 Block Memory Generator data initialization complete.
Block Memory Generator module tb_pipeline.uut_tm.if_uut.urom.inst.native_mem_module.blk_mem_gen_v8_4_1_inst is using a behavioral model for simulation which will not precisely model memory collision behavior.
Block Memory Generator module tb_pipeline.uut_tm.mem_uut.udram.inst.native_mem_module.blk_mem_gen_v8_4_1_inst is using a behavioral model for simulation which will not precisely model memory collision behavior.
INFO: [USF-XSim-96] XSim completed. Design snapshot 'tb_pipeline_behav' loaded.
INFO: [USF-XSim-97] XSim simulation ran for 1000ns
launch_simulation: Time (s): cpu = 00:00:02 ; elapsed = 00:00:07 . Memory (MB): peak = 1350.160 ; gain = 0.000
reset_run synth_1
WARNING: [Vivado 12-1017] Problems encountered:
1. Failed to delete one or more files in run directory D:/GitHub/Computer-Organization-Project/pipelineCPU/pipelineCPU.runs/synth_1

launch_runs synth_1 -jobs 4
[Thu May 15 00:11:20 2025] Launched synth_1...
Run output will be captured here: D:/GitHub/Computer-Organization-Project/pipelineCPU/pipelineCPU.runs/synth_1/runme.log
current_project CPU
current_project pipelineCPU
close_sim
INFO: [Simtcl 6-16] Simulation closed
launch_simulation
INFO: [Vivado 12-5698] Checking validity of IPs in the design for the 'XSim' simulator...
INFO: [Vivado 12-5682] Launching behavioral simulation in 'D:/GitHub/Computer-Organization-Project/pipelineCPU/pipelineCPU.sim/sim_1/behav/xsim'
INFO: [Vivado 12-4795] Using compiled simulation libraries for IPs
INFO: [SIM-utils-51] Simulation object is 'sim_1'
INFO: [USF-XSim-7] Finding pre-compiled libraries...
INFO: [USF-XSim-11] File 'D:/Xilinx/Vivado/2017.4/data/xsim/ip/xsim_ip.ini' copied to run dir:'D:/GitHub/Computer-Organization-Project/pipelineCPU/pipelineCPU.sim/sim_1/behav/xsim'
INFO: [SIM-utils-54] Inspecting design source files for 'tb_pipeline' in fileset 'sim_1'...
INFO: [SIM-utils-43] Exported 'D:/GitHub/Computer-Organization-Project/pipelineCPU/pipelineCPU.sim/sim_1/behav/xsim/test1ROM.coe'
INFO: [SIM-utils-43] Exported 'D:/GitHub/Computer-Organization-Project/pipelineCPU/pipelineCPU.sim/sim_1/behav/xsim/pgrom.mif'
INFO: [USF-XSim-97] Finding global include files...
INFO: [USF-XSim-98] Fetching design files from 'sim_1'...
INFO: [USF-XSim-2] XSim::Compile design
INFO: [USF-XSim-61] Executing 'COMPILE and ANALYZE' step in 'D:/GitHub/Computer-Organization-Project/pipelineCPU/pipelineCPU.sim/sim_1/behav/xsim'
"xvlog --incr --relax -L xil_defaultlib -prj tb_pipeline_vlog.prj"
INFO: [VRFC 10-2263] Analyzing SystemVerilog file "D:/GitHub/Computer-Organization-Project/pipelineCPU/pipelineCPU.srcs/sources_1/new/ID.v" into library xil_defaultlib
INFO: [VRFC 10-311] analyzing module ID
INFO: [VRFC 10-2263] Analyzing SystemVerilog file "D:/GitHub/Computer-Organization-Project/pipelineCPU/pipelineCPU.srcs/sources_1/new/WB.v" into library xil_defaultlib
INFO: [VRFC 10-311] analyzing module WB
INFO: [VRFC 10-2263] Analyzing SystemVerilog file "D:/GitHub/Computer-Organization-Project/pipelineCPU/pipelineCPU.srcs/sources_1/new/top_module.v" into library xil_defaultlib
INFO: [VRFC 10-311] analyzing module top_module
INFO: [USF-XSim-69] 'compile' step finished in '1' seconds
INFO: [USF-XSim-3] XSim::Elaborate design
INFO: [USF-XSim-61] Executing 'ELABORATE' step in 'D:/GitHub/Computer-Organization-Project/pipelineCPU/pipelineCPU.sim/sim_1/behav/xsim'
Vivado Simulator 2017.4
Copyright 1986-1999, 2001-2016 Xilinx, Inc. All Rights Reserved.
Running: D:/Xilinx/Vivado/2017.4/bin/unwrapped/win64.o/xelab.exe -wto 374ad2d08ccb4635b2dbbca0a3224143 --incr --debug typical --relax --mt 2 -L blk_mem_gen_v8_4_1 -L xil_defaultlib -L unisims_ver -L unimacro_ver -L secureip -L xpm --snapshot tb_pipeline_behav xil_defaultlib.tb_pipeline xil_defaultlib.glbl -log elaborate.log 
Using 2 slave threads.
Starting static elaboration
WARNING: [VRFC 10-278] actual bit length 32 differs from formal bit length 4 for port wea [D:/GitHub/Computer-Organization-Project/pipelineCPU/pipelineCPU.srcs/sources_1/new/MEM.v:68]
WARNING: [VRFC 10-1783] select index 62 into current_contents is out of bounds [/wrk/2017.4/nightly/2017_12_15_2086221/packages/customer/vivado/data/ip/xilinx/blk_mem_gen_v8_4/simulation/blk_mem_gen_v8_4.v:2420]
Completed static elaboration
Starting simulation data flow analysis
WARNING: [XSIM 43-4100] "D:/GitHub/Computer-Organization-Project/pipelineCPU/pipelineCPU.srcs/sources_1/new/top_module.v" Line 3. Module top_module has a timescale but at least one module in design doesn't have timescale.
WARNING: [XSIM 43-4100] "D:/GitHub/Computer-Organization-Project/pipelineCPU/pipelineCPU.srcs/sources_1/new/HarzardDetection.v" Line 3. Module HarzardDetection has a timescale but at least one module in design doesn't have timescale.
WARNING: [XSIM 43-4100] "D:/GitHub/Computer-Organization-Project/pipelineCPU/pipelineCPU.srcs/sources_1/new/IF.v" Line 23. Module IF has a timescale but at least one module in design doesn't have timescale.
WARNING: [XSIM 43-4100] "D:/GitHub/Computer-Organization-Project/pipelineCPU/pipelineCPU.srcs/sources_1/ip/pgrom/sim/pgrom.v" Line 55. Module pgrom has a timescale but at least one module in design doesn't have timescale.
WARNING: [XSIM 43-4100] "/wrk/2017.4/nightly/2017_12_15_2086221/packages/customer/vivado/data/ip/xilinx/blk_mem_gen_v8_4/simulation/blk_mem_gen_v8_4.v" Line 3412. Module blk_mem_gen_v8_4_1(C_FAMILY="artix7",C_XDEVICEFAMILY="artix7",C_ELABORATION_DIR="./",C_AXI_TYPE=1,C_MEM_TYPE=3,C_PRIM_TYPE=1,C_LOAD_INIT_FILE=1,C_INIT_FILE_NAME="pgrom.mif",C_INIT_FILE="pgrom.mem",C_HAS_ENA=0,C_WRITE_DEPTH_A=16384,C_READ_DEPTH_A=16384,C_ADDRA_WIDTH=14,C_INITB_VAL="0",C_HAS_ENB=0,C_WRITE_DEPTH_B=16384,C_READ_DEPTH_B=16384,C_ADDRB_WIDTH=14,C_SIM_COLLISION_CHECK="ALL",C_COMMON_CLK=0,C_COUNT_36K_BRAM="14",C_COUNT_18K_BRAM="1",C_EST_POWER_SUMMARY="Estimated_Power_for_IP_____:_____12.7204_mW") has a timescale but at least one module in design doesn't have timescale.
WARNING: [XSIM 43-4100] "/wrk/2017.4/nightly/2017_12_15_2086221/packages/customer/vivado/data/ip/xilinx/blk_mem_gen_v8_4/simulation/blk_mem_gen_v8_4.v" Line 1951. Module blk_mem_gen_v8_4_1_mem_module(C_FAMILY="artix7",C_XDEVICEFAMILY="artix7",C_MEM_TYPE=3,C_PRIM_TYPE=1,C_LOAD_INIT_FILE=1,C_INIT_FILE_NAME="pgrom.mif",C_INIT_FILE="pgrom.mem",C_HAS_ENA=0,C_WRITE_DEPTH_A=16384,C_READ_DEPTH_A=16384,C_ADDRA_WIDTH=14,C_INITB_VAL="0",C_HAS_ENB=0,C_WRITE_DEPTH_B=16384,C_READ_DEPTH_B=16384,C_ADDRB_WIDTH=14,C_SIM_COLLISION_CHECK="ALL",C_COMMON_CLK=0) has a timescale but at least one module in design doesn't have timescale.
WARNING: [XSIM 43-4100] "/wrk/2017.4/nightly/2017_12_15_2086221/packages/customer/vivado/data/ip/xilinx/blk_mem_gen_v8_4/simulation/blk_mem_gen_v8_4.v" Line 1563. Module blk_mem_gen_v8_4_1_output_stage(C_FAMILY="artix7",C_XDEVICEFAMILY="artix7",C_ADDRB_WIDTH=14,NUM_STAGES=0) has a timescale but at least one module in design doesn't have timescale.
WARNING: [XSIM 43-4100] "/wrk/2017.4/nightly/2017_12_15_2086221/packages/customer/vivado/data/ip/xilinx/blk_mem_gen_v8_4/simulation/blk_mem_gen_v8_4.v" Line 1563. Module blk_mem_gen_v8_4_1_output_stage(C_FAMILY="artix7",C_XDEVICEFAMILY="artix7",C_ADDRB_WIDTH=14,NUM_STAGES=0) has a timescale but at least one module in design doesn't have timescale.
WARNING: [XSIM 43-4100] "/wrk/2017.4/nightly/2017_12_15_2086221/packages/customer/vivado/data/ip/xilinx/blk_mem_gen_v8_4/simulation/blk_mem_gen_v8_4.v" Line 1859. Module blk_mem_gen_v8_4_1_softecc_output_reg_stage(C_ADDRB_WIDTH=14) has a timescale but at least one module in design doesn't have timescale.
WARNING: [XSIM 43-4100] "D:/GitHub/Computer-Organization-Project/pipelineCPU/pipelineCPU.srcs/sources_1/new/ID.v" Line 23. Module ID has a timescale but at least one module in design doesn't have timescale.
WARNING: [XSIM 43-4100] "D:/GitHub/Computer-Organization-Project/pipelineCPU/pipelineCPU.srcs/sources_1/new/EXE.v" Line 23. Module EXE has a timescale but at least one module in design doesn't have timescale.
WARNING: [XSIM 43-4100] "D:/GitHub/Computer-Organization-Project/pipelineCPU/pipelineCPU.srcs/sources_1/new/MEM.v" Line 23. Module MEM has a timescale but at least one module in design doesn't have timescale.
WARNING: [XSIM 43-4100] "D:/GitHub/Computer-Organization-Project/pipelineCPU/pipelineCPU.srcs/sources_1/ip/pgram/sim/pgram.v" Line 55. Module pgram has a timescale but at least one module in design doesn't have timescale.
WARNING: [XSIM 43-4100] "/wrk/2017.4/nightly/2017_12_15_2086221/packages/customer/vivado/data/ip/xilinx/blk_mem_gen_v8_4/simulation/blk_mem_gen_v8_4.v" Line 3412. Module blk_mem_gen_v8_4_1(C_FAMILY="artix7",C_XDEVICEFAMILY="artix7",C_ELABORATION_DIR="./",C_AXI_TYPE=1,C_MEM_TYPE=0,C_BYTE_SIZE=8,C_PRIM_TYPE=1,C_INIT_FILE_NAME="no_coe_file_loaded",C_INIT_FILE="pgram.mem",C_HAS_ENA=0,C_USE_BYTE_WEA=1,C_WEA_WIDTH=4,C_WRITE_DEPTH_A=16384,C_READ_DEPTH_A=16384,C_ADDRA_WIDTH=14,C_INITB_VAL="0",C_HAS_ENB=0,C_USE_BYTE_WEB=1,C_WEB_WIDTH=4,C_WRITE_DEPTH_B=16384,C_READ_DEPTH_B=16384,C_ADDRB_WIDTH=14,C_SIM_COLLISION_CHECK="ALL",C_COMMON_CLK=0,C_COUNT_36K_BRAM="16",C_COUNT_18K_BRAM="0",C_EST_POWER_SUMMARY="Estimated_Power_for_IP_____:_____10.194_mW") has a timescale but at least one module in design doesn't have timescale.
WARNING: [XSIM 43-4100] "/wrk/2017.4/nightly/2017_12_15_2086221/packages/customer/vivado/data/ip/xilinx/blk_mem_gen_v8_4/simulation/blk_mem_gen_v8_4.v" Line 1951. Module blk_mem_gen_v8_4_1_mem_module(C_FAMILY="artix7",C_XDEVICEFAMILY="artix7",C_MEM_TYPE=0,C_BYTE_SIZE=8,C_PRIM_TYPE=1,C_INIT_FILE_NAME="no_coe_file_loaded",C_INIT_FILE="pgram.mem",C_HAS_ENA=0,C_USE_BYTE_WEA=1,C_WEA_WIDTH=4,C_WRITE_DEPTH_A=16384,C_READ_DEPTH_A=16384,C_ADDRA_WIDTH=14,C_INITB_VAL="0",C_HAS_ENB=0,C_USE_BYTE_WEB=1,C_WEB_WIDTH=4,C_WRITE_DEPTH_B=16384,C_READ_DEPTH_B=16384,C_ADDRB_WIDTH=14,C_SIM_COLLISION_CHECK="ALL",C_COMMON_CLK=0) has a timescale but at least one module in design doesn't have timescale.
WARNING: [XSIM 43-4100] "/wrk/2017.4/nightly/2017_12_15_2086221/packages/customer/vivado/data/ip/xilinx/blk_mem_gen_v8_4/simulation/blk_mem_gen_v8_4.v" Line 1563. Module blk_mem_gen_v8_4_1_output_stage(C_FAMILY="artix7",C_XDEVICEFAMILY="artix7",C_ADDRB_WIDTH=14,NUM_STAGES=0) has a timescale but at least one module in design doesn't have timescale.
WARNING: [XSIM 43-4100] "/wrk/2017.4/nightly/2017_12_15_2086221/packages/customer/vivado/data/ip/xilinx/blk_mem_gen_v8_4/simulation/blk_mem_gen_v8_4.v" Line 1563. Module blk_mem_gen_v8_4_1_output_stage(C_FAMILY="artix7",C_XDEVICEFAMILY="artix7",C_ADDRB_WIDTH=14,NUM_STAGES=0) has a timescale but at least one module in design doesn't have timescale.
WARNING: [XSIM 43-4100] "/wrk/2017.4/nightly/2017_12_15_2086221/packages/customer/vivado/data/ip/xilinx/blk_mem_gen_v8_4/simulation/blk_mem_gen_v8_4.v" Line 1859. Module blk_mem_gen_v8_4_1_softecc_output_reg_stage(C_ADDRB_WIDTH=14) has a timescale but at least one module in design doesn't have timescale.
WARNING: [XSIM 43-4100] "D:/GitHub/Computer-Organization-Project/pipelineCPU/pipelineCPU.srcs/sources_1/new/WB.v" Line 1. Module WB has a timescale but at least one module in design doesn't have timescale.
WARNING: [XSIM 43-4100] "D:/GitHub/Computer-Organization-Project/pipelineCPU/pipelineCPU.sim/sim_1/behav/xsim/glbl.v" Line 6. Module glbl has a timescale but at least one module in design doesn't have timescale.
Completed simulation data flow analysis
Time Resolution for simulation is 1ps
Compiling module xil_defaultlib.HarzardDetection
Compiling module blk_mem_gen_v8_4_1.blk_mem_gen_v8_4_1_output_stage(...
Compiling module blk_mem_gen_v8_4_1.blk_mem_gen_v8_4_1_softecc_outpu...
Compiling module blk_mem_gen_v8_4_1.blk_mem_gen_v8_4_1_mem_module(C_...
Compiling module blk_mem_gen_v8_4_1.blk_mem_gen_v8_4_1(C_FAMILY="art...
Compiling module xil_defaultlib.pgrom
Compiling module xil_defaultlib.IF
Compiling module xil_defaultlib.ID
Compiling module xil_defaultlib.EXE
Compiling module blk_mem_gen_v8_4_1.blk_mem_gen_v8_4_1_mem_module(C_...
Compiling module blk_mem_gen_v8_4_1.blk_mem_gen_v8_4_1(C_FAMILY="art...
Compiling module xil_defaultlib.pgram
Compiling module xil_defaultlib.MEM
Compiling module xil_defaultlib.WB
Compiling module xil_defaultlib.top_module
Compiling module xil_defaultlib.tb_pipeline
Compiling module xil_defaultlib.glbl
Built simulation snapshot tb_pipeline_behav
INFO: [USF-XSim-69] 'elaborate' step finished in '3' seconds
INFO: [USF-XSim-4] XSim::Simulate design
INFO: [USF-XSim-61] Executing 'SIMULATE' step in 'D:/GitHub/Computer-Organization-Project/pipelineCPU/pipelineCPU.sim/sim_1/behav/xsim'
INFO: [USF-XSim-98] *** Running xsim
   with args "tb_pipeline_behav -key {Behavioral:sim_1:Functional:tb_pipeline} -tclbatch {tb_pipeline.tcl} -view {D:/GitHub/Computer-Organization-Project/pipelineCPU/tb_pipeline_behav.wcfg} -log {simulate.log}"
INFO: [USF-XSim-8] Loading simulator feature
Vivado Simulator 2017.4
Time resolution is 1 ps
open_wave_config D:/GitHub/Computer-Organization-Project/pipelineCPU/tb_pipeline_behav.wcfg
WARNING: Simulation object /tb_pipeline/uut_tm/u2_zero was not found in the design.
WARNING: Simulation object /tb_pipeline/uut_tm/v2_zero was not found in the design.
source tb_pipeline.tcl
# set curr_wave [current_wave_config]
# if { [string length $curr_wave] == 0 } {
#   if { [llength [get_objects]] > 0} {
#     add_wave /
#     set_property needs_save false [current_wave_config]
#   } else {
#      send_msg_id Add_Wave-1 WARNING "No top level signals found. Simulator will start without a wave window. If you want to open a wave window go to 'File->New Waveform Configuration' or type 'create_wave_config' in the TCL console."
#   }
# }
# run 1000ns
 Block Memory Generator module loading initial data...
 Block Memory Generator data initialization complete.
Block Memory Generator module tb_pipeline.uut_tm.if_uut.urom.inst.native_mem_module.blk_mem_gen_v8_4_1_inst is using a behavioral model for simulation which will not precisely model memory collision behavior.
Block Memory Generator module tb_pipeline.uut_tm.mem_uut.udram.inst.native_mem_module.blk_mem_gen_v8_4_1_inst is using a behavioral model for simulation which will not precisely model memory collision behavior.
INFO: [USF-XSim-96] XSim completed. Design snapshot 'tb_pipeline_behav' loaded.
INFO: [USF-XSim-97] XSim simulation ran for 1000ns
launch_simulation: Time (s): cpu = 00:00:02 ; elapsed = 00:00:07 . Memory (MB): peak = 1389.625 ; gain = 38.539
close_sim
INFO: [Simtcl 6-16] Simulation closed
launch_simulation
INFO: [Vivado 12-5698] Checking validity of IPs in the design for the 'XSim' simulator...
INFO: [Vivado 12-5682] Launching behavioral simulation in 'D:/GitHub/Computer-Organization-Project/pipelineCPU/pipelineCPU.sim/sim_1/behav/xsim'
INFO: [Vivado 12-4795] Using compiled simulation libraries for IPs
INFO: [SIM-utils-51] Simulation object is 'sim_1'
INFO: [USF-XSim-7] Finding pre-compiled libraries...
INFO: [USF-XSim-11] File 'D:/Xilinx/Vivado/2017.4/data/xsim/ip/xsim_ip.ini' copied to run dir:'D:/GitHub/Computer-Organization-Project/pipelineCPU/pipelineCPU.sim/sim_1/behav/xsim'
INFO: [SIM-utils-54] Inspecting design source files for 'tb_pipeline' in fileset 'sim_1'...
INFO: [SIM-utils-43] Exported 'D:/GitHub/Computer-Organization-Project/pipelineCPU/pipelineCPU.sim/sim_1/behav/xsim/test1ROM.coe'
INFO: [SIM-utils-43] Exported 'D:/GitHub/Computer-Organization-Project/pipelineCPU/pipelineCPU.sim/sim_1/behav/xsim/pgrom.mif'
INFO: [USF-XSim-97] Finding global include files...
INFO: [USF-XSim-98] Fetching design files from 'sim_1'...
INFO: [USF-XSim-2] XSim::Compile design
INFO: [USF-XSim-61] Executing 'COMPILE and ANALYZE' step in 'D:/GitHub/Computer-Organization-Project/pipelineCPU/pipelineCPU.sim/sim_1/behav/xsim'
"xvlog --incr --relax -L xil_defaultlib -prj tb_pipeline_vlog.prj"
INFO: [VRFC 10-2263] Analyzing SystemVerilog file "D:/GitHub/Computer-Organization-Project/pipelineCPU/pipelineCPU.srcs/sources_1/new/ID.v" into library xil_defaultlib
INFO: [VRFC 10-311] analyzing module ID
INFO: [VRFC 10-2263] Analyzing SystemVerilog file "D:/GitHub/Computer-Organization-Project/pipelineCPU/pipelineCPU.srcs/sources_1/new/WB.v" into library xil_defaultlib
INFO: [VRFC 10-311] analyzing module WB
INFO: [VRFC 10-2263] Analyzing SystemVerilog file "D:/GitHub/Computer-Organization-Project/pipelineCPU/pipelineCPU.srcs/sources_1/new/top_module.v" into library xil_defaultlib
INFO: [VRFC 10-311] analyzing module top_module
INFO: [USF-XSim-69] 'compile' step finished in '1' seconds
INFO: [USF-XSim-3] XSim::Elaborate design
INFO: [USF-XSim-61] Executing 'ELABORATE' step in 'D:/GitHub/Computer-Organization-Project/pipelineCPU/pipelineCPU.sim/sim_1/behav/xsim'
Vivado Simulator 2017.4
Copyright 1986-1999, 2001-2016 Xilinx, Inc. All Rights Reserved.
Running: D:/Xilinx/Vivado/2017.4/bin/unwrapped/win64.o/xelab.exe -wto 374ad2d08ccb4635b2dbbca0a3224143 --incr --debug typical --relax --mt 2 -L blk_mem_gen_v8_4_1 -L xil_defaultlib -L unisims_ver -L unimacro_ver -L secureip -L xpm --snapshot tb_pipeline_behav xil_defaultlib.tb_pipeline xil_defaultlib.glbl -log elaborate.log 
Using 2 slave threads.
Starting static elaboration
WARNING: [VRFC 10-278] actual bit length 32 differs from formal bit length 4 for port wea [D:/GitHub/Computer-Organization-Project/pipelineCPU/pipelineCPU.srcs/sources_1/new/MEM.v:68]
WARNING: [VRFC 10-1783] select index 62 into current_contents is out of bounds [/wrk/2017.4/nightly/2017_12_15_2086221/packages/customer/vivado/data/ip/xilinx/blk_mem_gen_v8_4/simulation/blk_mem_gen_v8_4.v:2420]
Completed static elaboration
Starting simulation data flow analysis
WARNING: [XSIM 43-4100] "D:/GitHub/Computer-Organization-Project/pipelineCPU/pipelineCPU.srcs/sources_1/new/top_module.v" Line 3. Module top_module has a timescale but at least one module in design doesn't have timescale.
WARNING: [XSIM 43-4100] "D:/GitHub/Computer-Organization-Project/pipelineCPU/pipelineCPU.srcs/sources_1/new/HarzardDetection.v" Line 3. Module HarzardDetection has a timescale but at least one module in design doesn't have timescale.
WARNING: [XSIM 43-4100] "D:/GitHub/Computer-Organization-Project/pipelineCPU/pipelineCPU.srcs/sources_1/new/IF.v" Line 23. Module IF has a timescale but at least one module in design doesn't have timescale.
WARNING: [XSIM 43-4100] "D:/GitHub/Computer-Organization-Project/pipelineCPU/pipelineCPU.srcs/sources_1/ip/pgrom/sim/pgrom.v" Line 55. Module pgrom has a timescale but at least one module in design doesn't have timescale.
WARNING: [XSIM 43-4100] "/wrk/2017.4/nightly/2017_12_15_2086221/packages/customer/vivado/data/ip/xilinx/blk_mem_gen_v8_4/simulation/blk_mem_gen_v8_4.v" Line 3412. Module blk_mem_gen_v8_4_1(C_FAMILY="artix7",C_XDEVICEFAMILY="artix7",C_ELABORATION_DIR="./",C_AXI_TYPE=1,C_MEM_TYPE=3,C_PRIM_TYPE=1,C_LOAD_INIT_FILE=1,C_INIT_FILE_NAME="pgrom.mif",C_INIT_FILE="pgrom.mem",C_HAS_ENA=0,C_WRITE_DEPTH_A=16384,C_READ_DEPTH_A=16384,C_ADDRA_WIDTH=14,C_INITB_VAL="0",C_HAS_ENB=0,C_WRITE_DEPTH_B=16384,C_READ_DEPTH_B=16384,C_ADDRB_WIDTH=14,C_SIM_COLLISION_CHECK="ALL",C_COMMON_CLK=0,C_COUNT_36K_BRAM="14",C_COUNT_18K_BRAM="1",C_EST_POWER_SUMMARY="Estimated_Power_for_IP_____:_____12.7204_mW") has a timescale but at least one module in design doesn't have timescale.
WARNING: [XSIM 43-4100] "/wrk/2017.4/nightly/2017_12_15_2086221/packages/customer/vivado/data/ip/xilinx/blk_mem_gen_v8_4/simulation/blk_mem_gen_v8_4.v" Line 1951. Module blk_mem_gen_v8_4_1_mem_module(C_FAMILY="artix7",C_XDEVICEFAMILY="artix7",C_MEM_TYPE=3,C_PRIM_TYPE=1,C_LOAD_INIT_FILE=1,C_INIT_FILE_NAME="pgrom.mif",C_INIT_FILE="pgrom.mem",C_HAS_ENA=0,C_WRITE_DEPTH_A=16384,C_READ_DEPTH_A=16384,C_ADDRA_WIDTH=14,C_INITB_VAL="0",C_HAS_ENB=0,C_WRITE_DEPTH_B=16384,C_READ_DEPTH_B=16384,C_ADDRB_WIDTH=14,C_SIM_COLLISION_CHECK="ALL",C_COMMON_CLK=0) has a timescale but at least one module in design doesn't have timescale.
WARNING: [XSIM 43-4100] "/wrk/2017.4/nightly/2017_12_15_2086221/packages/customer/vivado/data/ip/xilinx/blk_mem_gen_v8_4/simulation/blk_mem_gen_v8_4.v" Line 1563. Module blk_mem_gen_v8_4_1_output_stage(C_FAMILY="artix7",C_XDEVICEFAMILY="artix7",C_ADDRB_WIDTH=14,NUM_STAGES=0) has a timescale but at least one module in design doesn't have timescale.
WARNING: [XSIM 43-4100] "/wrk/2017.4/nightly/2017_12_15_2086221/packages/customer/vivado/data/ip/xilinx/blk_mem_gen_v8_4/simulation/blk_mem_gen_v8_4.v" Line 1563. Module blk_mem_gen_v8_4_1_output_stage(C_FAMILY="artix7",C_XDEVICEFAMILY="artix7",C_ADDRB_WIDTH=14,NUM_STAGES=0) has a timescale but at least one module in design doesn't have timescale.
WARNING: [XSIM 43-4100] "/wrk/2017.4/nightly/2017_12_15_2086221/packages/customer/vivado/data/ip/xilinx/blk_mem_gen_v8_4/simulation/blk_mem_gen_v8_4.v" Line 1859. Module blk_mem_gen_v8_4_1_softecc_output_reg_stage(C_ADDRB_WIDTH=14) has a timescale but at least one module in design doesn't have timescale.
WARNING: [XSIM 43-4100] "D:/GitHub/Computer-Organization-Project/pipelineCPU/pipelineCPU.srcs/sources_1/new/ID.v" Line 23. Module ID has a timescale but at least one module in design doesn't have timescale.
WARNING: [XSIM 43-4100] "D:/GitHub/Computer-Organization-Project/pipelineCPU/pipelineCPU.srcs/sources_1/new/EXE.v" Line 23. Module EXE has a timescale but at least one module in design doesn't have timescale.
WARNING: [XSIM 43-4100] "D:/GitHub/Computer-Organization-Project/pipelineCPU/pipelineCPU.srcs/sources_1/new/MEM.v" Line 23. Module MEM has a timescale but at least one module in design doesn't have timescale.
WARNING: [XSIM 43-4100] "D:/GitHub/Computer-Organization-Project/pipelineCPU/pipelineCPU.srcs/sources_1/ip/pgram/sim/pgram.v" Line 55. Module pgram has a timescale but at least one module in design doesn't have timescale.
WARNING: [XSIM 43-4100] "/wrk/2017.4/nightly/2017_12_15_2086221/packages/customer/vivado/data/ip/xilinx/blk_mem_gen_v8_4/simulation/blk_mem_gen_v8_4.v" Line 3412. Module blk_mem_gen_v8_4_1(C_FAMILY="artix7",C_XDEVICEFAMILY="artix7",C_ELABORATION_DIR="./",C_AXI_TYPE=1,C_MEM_TYPE=0,C_BYTE_SIZE=8,C_PRIM_TYPE=1,C_INIT_FILE_NAME="no_coe_file_loaded",C_INIT_FILE="pgram.mem",C_HAS_ENA=0,C_USE_BYTE_WEA=1,C_WEA_WIDTH=4,C_WRITE_DEPTH_A=16384,C_READ_DEPTH_A=16384,C_ADDRA_WIDTH=14,C_INITB_VAL="0",C_HAS_ENB=0,C_USE_BYTE_WEB=1,C_WEB_WIDTH=4,C_WRITE_DEPTH_B=16384,C_READ_DEPTH_B=16384,C_ADDRB_WIDTH=14,C_SIM_COLLISION_CHECK="ALL",C_COMMON_CLK=0,C_COUNT_36K_BRAM="16",C_COUNT_18K_BRAM="0",C_EST_POWER_SUMMARY="Estimated_Power_for_IP_____:_____10.194_mW") has a timescale but at least one module in design doesn't have timescale.
WARNING: [XSIM 43-4100] "/wrk/2017.4/nightly/2017_12_15_2086221/packages/customer/vivado/data/ip/xilinx/blk_mem_gen_v8_4/simulation/blk_mem_gen_v8_4.v" Line 1951. Module blk_mem_gen_v8_4_1_mem_module(C_FAMILY="artix7",C_XDEVICEFAMILY="artix7",C_MEM_TYPE=0,C_BYTE_SIZE=8,C_PRIM_TYPE=1,C_INIT_FILE_NAME="no_coe_file_loaded",C_INIT_FILE="pgram.mem",C_HAS_ENA=0,C_USE_BYTE_WEA=1,C_WEA_WIDTH=4,C_WRITE_DEPTH_A=16384,C_READ_DEPTH_A=16384,C_ADDRA_WIDTH=14,C_INITB_VAL="0",C_HAS_ENB=0,C_USE_BYTE_WEB=1,C_WEB_WIDTH=4,C_WRITE_DEPTH_B=16384,C_READ_DEPTH_B=16384,C_ADDRB_WIDTH=14,C_SIM_COLLISION_CHECK="ALL",C_COMMON_CLK=0) has a timescale but at least one module in design doesn't have timescale.
WARNING: [XSIM 43-4100] "/wrk/2017.4/nightly/2017_12_15_2086221/packages/customer/vivado/data/ip/xilinx/blk_mem_gen_v8_4/simulation/blk_mem_gen_v8_4.v" Line 1563. Module blk_mem_gen_v8_4_1_output_stage(C_FAMILY="artix7",C_XDEVICEFAMILY="artix7",C_ADDRB_WIDTH=14,NUM_STAGES=0) has a timescale but at least one module in design doesn't have timescale.
WARNING: [XSIM 43-4100] "/wrk/2017.4/nightly/2017_12_15_2086221/packages/customer/vivado/data/ip/xilinx/blk_mem_gen_v8_4/simulation/blk_mem_gen_v8_4.v" Line 1563. Module blk_mem_gen_v8_4_1_output_stage(C_FAMILY="artix7",C_XDEVICEFAMILY="artix7",C_ADDRB_WIDTH=14,NUM_STAGES=0) has a timescale but at least one module in design doesn't have timescale.
WARNING: [XSIM 43-4100] "/wrk/2017.4/nightly/2017_12_15_2086221/packages/customer/vivado/data/ip/xilinx/blk_mem_gen_v8_4/simulation/blk_mem_gen_v8_4.v" Line 1859. Module blk_mem_gen_v8_4_1_softecc_output_reg_stage(C_ADDRB_WIDTH=14) has a timescale but at least one module in design doesn't have timescale.
WARNING: [XSIM 43-4100] "D:/GitHub/Computer-Organization-Project/pipelineCPU/pipelineCPU.srcs/sources_1/new/WB.v" Line 1. Module WB has a timescale but at least one module in design doesn't have timescale.
WARNING: [XSIM 43-4100] "D:/GitHub/Computer-Organization-Project/pipelineCPU/pipelineCPU.sim/sim_1/behav/xsim/glbl.v" Line 6. Module glbl has a timescale but at least one module in design doesn't have timescale.
Completed simulation data flow analysis
Time Resolution for simulation is 1ps
Compiling module xil_defaultlib.HarzardDetection
Compiling module blk_mem_gen_v8_4_1.blk_mem_gen_v8_4_1_output_stage(...
Compiling module blk_mem_gen_v8_4_1.blk_mem_gen_v8_4_1_softecc_outpu...
Compiling module blk_mem_gen_v8_4_1.blk_mem_gen_v8_4_1_mem_module(C_...
Compiling module blk_mem_gen_v8_4_1.blk_mem_gen_v8_4_1(C_FAMILY="art...
Compiling module xil_defaultlib.pgrom
Compiling module xil_defaultlib.IF
Compiling module xil_defaultlib.ID
Compiling module xil_defaultlib.EXE
Compiling module blk_mem_gen_v8_4_1.blk_mem_gen_v8_4_1_mem_module(C_...
Compiling module blk_mem_gen_v8_4_1.blk_mem_gen_v8_4_1(C_FAMILY="art...
Compiling module xil_defaultlib.pgram
Compiling module xil_defaultlib.MEM
Compiling module xil_defaultlib.WB
Compiling module xil_defaultlib.top_module
Compiling module xil_defaultlib.tb_pipeline
Compiling module xil_defaultlib.glbl
Built simulation snapshot tb_pipeline_behav
INFO: [USF-XSim-69] 'elaborate' step finished in '4' seconds
INFO: [USF-XSim-4] XSim::Simulate design
INFO: [USF-XSim-61] Executing 'SIMULATE' step in 'D:/GitHub/Computer-Organization-Project/pipelineCPU/pipelineCPU.sim/sim_1/behav/xsim'
INFO: [USF-XSim-98] *** Running xsim
   with args "tb_pipeline_behav -key {Behavioral:sim_1:Functional:tb_pipeline} -tclbatch {tb_pipeline.tcl} -view {D:/GitHub/Computer-Organization-Project/pipelineCPU/tb_pipeline_behav.wcfg} -log {simulate.log}"
INFO: [USF-XSim-8] Loading simulator feature
Vivado Simulator 2017.4
Time resolution is 1 ps
open_wave_config D:/GitHub/Computer-Organization-Project/pipelineCPU/tb_pipeline_behav.wcfg
WARNING: Simulation object /tb_pipeline/uut_tm/u2_zero was not found in the design.
WARNING: Simulation object /tb_pipeline/uut_tm/v2_zero was not found in the design.
source tb_pipeline.tcl
# set curr_wave [current_wave_config]
# if { [string length $curr_wave] == 0 } {
#   if { [llength [get_objects]] > 0} {
#     add_wave /
#     set_property needs_save false [current_wave_config]
#   } else {
#      send_msg_id Add_Wave-1 WARNING "No top level signals found. Simulator will start without a wave window. If you want to open a wave window go to 'File->New Waveform Configuration' or type 'create_wave_config' in the TCL console."
#   }
# }
# run 1000ns
 Block Memory Generator module loading initial data...
 Block Memory Generator data initialization complete.
Block Memory Generator module tb_pipeline.uut_tm.if_uut.urom.inst.native_mem_module.blk_mem_gen_v8_4_1_inst is using a behavioral model for simulation which will not precisely model memory collision behavior.
Block Memory Generator module tb_pipeline.uut_tm.mem_uut.udram.inst.native_mem_module.blk_mem_gen_v8_4_1_inst is using a behavioral model for simulation which will not precisely model memory collision behavior.
INFO: [USF-XSim-96] XSim completed. Design snapshot 'tb_pipeline_behav' loaded.
INFO: [USF-XSim-97] XSim simulation ran for 1000ns
launch_simulation: Time (s): cpu = 00:00:02 ; elapsed = 00:00:07 . Memory (MB): peak = 1396.965 ; gain = 0.000
close_sim
INFO: [Simtcl 6-16] Simulation closed
launch_simulation
INFO: [Vivado 12-5698] Checking validity of IPs in the design for the 'XSim' simulator...
INFO: [Vivado 12-5682] Launching behavioral simulation in 'D:/GitHub/Computer-Organization-Project/pipelineCPU/pipelineCPU.sim/sim_1/behav/xsim'
INFO: [Vivado 12-4795] Using compiled simulation libraries for IPs
INFO: [SIM-utils-51] Simulation object is 'sim_1'
INFO: [USF-XSim-7] Finding pre-compiled libraries...
INFO: [USF-XSim-11] File 'D:/Xilinx/Vivado/2017.4/data/xsim/ip/xsim_ip.ini' copied to run dir:'D:/GitHub/Computer-Organization-Project/pipelineCPU/pipelineCPU.sim/sim_1/behav/xsim'
INFO: [SIM-utils-54] Inspecting design source files for 'tb_pipeline' in fileset 'sim_1'...
INFO: [SIM-utils-43] Exported 'D:/GitHub/Computer-Organization-Project/pipelineCPU/pipelineCPU.sim/sim_1/behav/xsim/test1ROM.coe'
INFO: [SIM-utils-43] Exported 'D:/GitHub/Computer-Organization-Project/pipelineCPU/pipelineCPU.sim/sim_1/behav/xsim/pgrom.mif'
INFO: [USF-XSim-97] Finding global include files...
INFO: [USF-XSim-98] Fetching design files from 'sim_1'...
INFO: [USF-XSim-2] XSim::Compile design
INFO: [USF-XSim-61] Executing 'COMPILE and ANALYZE' step in 'D:/GitHub/Computer-Organization-Project/pipelineCPU/pipelineCPU.sim/sim_1/behav/xsim'
"xvlog --incr --relax -L xil_defaultlib -prj tb_pipeline_vlog.prj"
INFO: [VRFC 10-2263] Analyzing SystemVerilog file "D:/GitHub/Computer-Organization-Project/pipelineCPU/pipelineCPU.srcs/sources_1/new/ID.v" into library xil_defaultlib
INFO: [VRFC 10-311] analyzing module ID
INFO: [VRFC 10-2263] Analyzing SystemVerilog file "D:/GitHub/Computer-Organization-Project/pipelineCPU/pipelineCPU.srcs/sources_1/new/WB.v" into library xil_defaultlib
INFO: [VRFC 10-311] analyzing module WB
INFO: [VRFC 10-2263] Analyzing SystemVerilog file "D:/GitHub/Computer-Organization-Project/pipelineCPU/pipelineCPU.srcs/sources_1/new/top_module.v" into library xil_defaultlib
INFO: [VRFC 10-311] analyzing module top_module
INFO: [USF-XSim-69] 'compile' step finished in '1' seconds
INFO: [USF-XSim-3] XSim::Elaborate design
INFO: [USF-XSim-61] Executing 'ELABORATE' step in 'D:/GitHub/Computer-Organization-Project/pipelineCPU/pipelineCPU.sim/sim_1/behav/xsim'
Vivado Simulator 2017.4
Copyright 1986-1999, 2001-2016 Xilinx, Inc. All Rights Reserved.
Running: D:/Xilinx/Vivado/2017.4/bin/unwrapped/win64.o/xelab.exe -wto 374ad2d08ccb4635b2dbbca0a3224143 --incr --debug typical --relax --mt 2 -L blk_mem_gen_v8_4_1 -L xil_defaultlib -L unisims_ver -L unimacro_ver -L secureip -L xpm --snapshot tb_pipeline_behav xil_defaultlib.tb_pipeline xil_defaultlib.glbl -log elaborate.log 
Using 2 slave threads.
Starting static elaboration
WARNING: [VRFC 10-278] actual bit length 32 differs from formal bit length 4 for port wea [D:/GitHub/Computer-Organization-Project/pipelineCPU/pipelineCPU.srcs/sources_1/new/MEM.v:68]
WARNING: [VRFC 10-1783] select index 62 into current_contents is out of bounds [/wrk/2017.4/nightly/2017_12_15_2086221/packages/customer/vivado/data/ip/xilinx/blk_mem_gen_v8_4/simulation/blk_mem_gen_v8_4.v:2420]
Completed static elaboration
Starting simulation data flow analysis
WARNING: [XSIM 43-4100] "D:/GitHub/Computer-Organization-Project/pipelineCPU/pipelineCPU.srcs/sources_1/new/top_module.v" Line 3. Module top_module has a timescale but at least one module in design doesn't have timescale.
WARNING: [XSIM 43-4100] "D:/GitHub/Computer-Organization-Project/pipelineCPU/pipelineCPU.srcs/sources_1/new/HarzardDetection.v" Line 3. Module HarzardDetection has a timescale but at least one module in design doesn't have timescale.
WARNING: [XSIM 43-4100] "D:/GitHub/Computer-Organization-Project/pipelineCPU/pipelineCPU.srcs/sources_1/new/IF.v" Line 23. Module IF has a timescale but at least one module in design doesn't have timescale.
WARNING: [XSIM 43-4100] "D:/GitHub/Computer-Organization-Project/pipelineCPU/pipelineCPU.srcs/sources_1/ip/pgrom/sim/pgrom.v" Line 55. Module pgrom has a timescale but at least one module in design doesn't have timescale.
WARNING: [XSIM 43-4100] "/wrk/2017.4/nightly/2017_12_15_2086221/packages/customer/vivado/data/ip/xilinx/blk_mem_gen_v8_4/simulation/blk_mem_gen_v8_4.v" Line 3412. Module blk_mem_gen_v8_4_1(C_FAMILY="artix7",C_XDEVICEFAMILY="artix7",C_ELABORATION_DIR="./",C_AXI_TYPE=1,C_MEM_TYPE=3,C_PRIM_TYPE=1,C_LOAD_INIT_FILE=1,C_INIT_FILE_NAME="pgrom.mif",C_INIT_FILE="pgrom.mem",C_HAS_ENA=0,C_WRITE_DEPTH_A=16384,C_READ_DEPTH_A=16384,C_ADDRA_WIDTH=14,C_INITB_VAL="0",C_HAS_ENB=0,C_WRITE_DEPTH_B=16384,C_READ_DEPTH_B=16384,C_ADDRB_WIDTH=14,C_SIM_COLLISION_CHECK="ALL",C_COMMON_CLK=0,C_COUNT_36K_BRAM="14",C_COUNT_18K_BRAM="1",C_EST_POWER_SUMMARY="Estimated_Power_for_IP_____:_____12.7204_mW") has a timescale but at least one module in design doesn't have timescale.
WARNING: [XSIM 43-4100] "/wrk/2017.4/nightly/2017_12_15_2086221/packages/customer/vivado/data/ip/xilinx/blk_mem_gen_v8_4/simulation/blk_mem_gen_v8_4.v" Line 1951. Module blk_mem_gen_v8_4_1_mem_module(C_FAMILY="artix7",C_XDEVICEFAMILY="artix7",C_MEM_TYPE=3,C_PRIM_TYPE=1,C_LOAD_INIT_FILE=1,C_INIT_FILE_NAME="pgrom.mif",C_INIT_FILE="pgrom.mem",C_HAS_ENA=0,C_WRITE_DEPTH_A=16384,C_READ_DEPTH_A=16384,C_ADDRA_WIDTH=14,C_INITB_VAL="0",C_HAS_ENB=0,C_WRITE_DEPTH_B=16384,C_READ_DEPTH_B=16384,C_ADDRB_WIDTH=14,C_SIM_COLLISION_CHECK="ALL",C_COMMON_CLK=0) has a timescale but at least one module in design doesn't have timescale.
WARNING: [XSIM 43-4100] "/wrk/2017.4/nightly/2017_12_15_2086221/packages/customer/vivado/data/ip/xilinx/blk_mem_gen_v8_4/simulation/blk_mem_gen_v8_4.v" Line 1563. Module blk_mem_gen_v8_4_1_output_stage(C_FAMILY="artix7",C_XDEVICEFAMILY="artix7",C_ADDRB_WIDTH=14,NUM_STAGES=0) has a timescale but at least one module in design doesn't have timescale.
WARNING: [XSIM 43-4100] "/wrk/2017.4/nightly/2017_12_15_2086221/packages/customer/vivado/data/ip/xilinx/blk_mem_gen_v8_4/simulation/blk_mem_gen_v8_4.v" Line 1563. Module blk_mem_gen_v8_4_1_output_stage(C_FAMILY="artix7",C_XDEVICEFAMILY="artix7",C_ADDRB_WIDTH=14,NUM_STAGES=0) has a timescale but at least one module in design doesn't have timescale.
WARNING: [XSIM 43-4100] "/wrk/2017.4/nightly/2017_12_15_2086221/packages/customer/vivado/data/ip/xilinx/blk_mem_gen_v8_4/simulation/blk_mem_gen_v8_4.v" Line 1859. Module blk_mem_gen_v8_4_1_softecc_output_reg_stage(C_ADDRB_WIDTH=14) has a timescale but at least one module in design doesn't have timescale.
WARNING: [XSIM 43-4100] "D:/GitHub/Computer-Organization-Project/pipelineCPU/pipelineCPU.srcs/sources_1/new/ID.v" Line 23. Module ID has a timescale but at least one module in design doesn't have timescale.
WARNING: [XSIM 43-4100] "D:/GitHub/Computer-Organization-Project/pipelineCPU/pipelineCPU.srcs/sources_1/new/EXE.v" Line 23. Module EXE has a timescale but at least one module in design doesn't have timescale.
WARNING: [XSIM 43-4100] "D:/GitHub/Computer-Organization-Project/pipelineCPU/pipelineCPU.srcs/sources_1/new/MEM.v" Line 23. Module MEM has a timescale but at least one module in design doesn't have timescale.
WARNING: [XSIM 43-4100] "D:/GitHub/Computer-Organization-Project/pipelineCPU/pipelineCPU.srcs/sources_1/ip/pgram/sim/pgram.v" Line 55. Module pgram has a timescale but at least one module in design doesn't have timescale.
WARNING: [XSIM 43-4100] "/wrk/2017.4/nightly/2017_12_15_2086221/packages/customer/vivado/data/ip/xilinx/blk_mem_gen_v8_4/simulation/blk_mem_gen_v8_4.v" Line 3412. Module blk_mem_gen_v8_4_1(C_FAMILY="artix7",C_XDEVICEFAMILY="artix7",C_ELABORATION_DIR="./",C_AXI_TYPE=1,C_MEM_TYPE=0,C_BYTE_SIZE=8,C_PRIM_TYPE=1,C_INIT_FILE_NAME="no_coe_file_loaded",C_INIT_FILE="pgram.mem",C_HAS_ENA=0,C_USE_BYTE_WEA=1,C_WEA_WIDTH=4,C_WRITE_DEPTH_A=16384,C_READ_DEPTH_A=16384,C_ADDRA_WIDTH=14,C_INITB_VAL="0",C_HAS_ENB=0,C_USE_BYTE_WEB=1,C_WEB_WIDTH=4,C_WRITE_DEPTH_B=16384,C_READ_DEPTH_B=16384,C_ADDRB_WIDTH=14,C_SIM_COLLISION_CHECK="ALL",C_COMMON_CLK=0,C_COUNT_36K_BRAM="16",C_COUNT_18K_BRAM="0",C_EST_POWER_SUMMARY="Estimated_Power_for_IP_____:_____10.194_mW") has a timescale but at least one module in design doesn't have timescale.
WARNING: [XSIM 43-4100] "/wrk/2017.4/nightly/2017_12_15_2086221/packages/customer/vivado/data/ip/xilinx/blk_mem_gen_v8_4/simulation/blk_mem_gen_v8_4.v" Line 1951. Module blk_mem_gen_v8_4_1_mem_module(C_FAMILY="artix7",C_XDEVICEFAMILY="artix7",C_MEM_TYPE=0,C_BYTE_SIZE=8,C_PRIM_TYPE=1,C_INIT_FILE_NAME="no_coe_file_loaded",C_INIT_FILE="pgram.mem",C_HAS_ENA=0,C_USE_BYTE_WEA=1,C_WEA_WIDTH=4,C_WRITE_DEPTH_A=16384,C_READ_DEPTH_A=16384,C_ADDRA_WIDTH=14,C_INITB_VAL="0",C_HAS_ENB=0,C_USE_BYTE_WEB=1,C_WEB_WIDTH=4,C_WRITE_DEPTH_B=16384,C_READ_DEPTH_B=16384,C_ADDRB_WIDTH=14,C_SIM_COLLISION_CHECK="ALL",C_COMMON_CLK=0) has a timescale but at least one module in design doesn't have timescale.
WARNING: [XSIM 43-4100] "/wrk/2017.4/nightly/2017_12_15_2086221/packages/customer/vivado/data/ip/xilinx/blk_mem_gen_v8_4/simulation/blk_mem_gen_v8_4.v" Line 1563. Module blk_mem_gen_v8_4_1_output_stage(C_FAMILY="artix7",C_XDEVICEFAMILY="artix7",C_ADDRB_WIDTH=14,NUM_STAGES=0) has a timescale but at least one module in design doesn't have timescale.
WARNING: [XSIM 43-4100] "/wrk/2017.4/nightly/2017_12_15_2086221/packages/customer/vivado/data/ip/xilinx/blk_mem_gen_v8_4/simulation/blk_mem_gen_v8_4.v" Line 1563. Module blk_mem_gen_v8_4_1_output_stage(C_FAMILY="artix7",C_XDEVICEFAMILY="artix7",C_ADDRB_WIDTH=14,NUM_STAGES=0) has a timescale but at least one module in design doesn't have timescale.
WARNING: [XSIM 43-4100] "/wrk/2017.4/nightly/2017_12_15_2086221/packages/customer/vivado/data/ip/xilinx/blk_mem_gen_v8_4/simulation/blk_mem_gen_v8_4.v" Line 1859. Module blk_mem_gen_v8_4_1_softecc_output_reg_stage(C_ADDRB_WIDTH=14) has a timescale but at least one module in design doesn't have timescale.
WARNING: [XSIM 43-4100] "D:/GitHub/Computer-Organization-Project/pipelineCPU/pipelineCPU.srcs/sources_1/new/WB.v" Line 1. Module WB has a timescale but at least one module in design doesn't have timescale.
WARNING: [XSIM 43-4100] "D:/GitHub/Computer-Organization-Project/pipelineCPU/pipelineCPU.sim/sim_1/behav/xsim/glbl.v" Line 6. Module glbl has a timescale but at least one module in design doesn't have timescale.
Completed simulation data flow analysis
Time Resolution for simulation is 1ps
Compiling module xil_defaultlib.HarzardDetection
Compiling module blk_mem_gen_v8_4_1.blk_mem_gen_v8_4_1_output_stage(...
Compiling module blk_mem_gen_v8_4_1.blk_mem_gen_v8_4_1_softecc_outpu...
Compiling module blk_mem_gen_v8_4_1.blk_mem_gen_v8_4_1_mem_module(C_...
Compiling module blk_mem_gen_v8_4_1.blk_mem_gen_v8_4_1(C_FAMILY="art...
Compiling module xil_defaultlib.pgrom
Compiling module xil_defaultlib.IF
Compiling module xil_defaultlib.ID
Compiling module xil_defaultlib.EXE
Compiling module blk_mem_gen_v8_4_1.blk_mem_gen_v8_4_1_mem_module(C_...
Compiling module blk_mem_gen_v8_4_1.blk_mem_gen_v8_4_1(C_FAMILY="art...
Compiling module xil_defaultlib.pgram
Compiling module xil_defaultlib.MEM
Compiling module xil_defaultlib.WB
Compiling module xil_defaultlib.top_module
Compiling module xil_defaultlib.tb_pipeline
Compiling module xil_defaultlib.glbl
Built simulation snapshot tb_pipeline_behav
INFO: [USF-XSim-69] 'elaborate' step finished in '4' seconds
INFO: [USF-XSim-4] XSim::Simulate design
INFO: [USF-XSim-61] Executing 'SIMULATE' step in 'D:/GitHub/Computer-Organization-Project/pipelineCPU/pipelineCPU.sim/sim_1/behav/xsim'
INFO: [USF-XSim-98] *** Running xsim
   with args "tb_pipeline_behav -key {Behavioral:sim_1:Functional:tb_pipeline} -tclbatch {tb_pipeline.tcl} -view {D:/GitHub/Computer-Organization-Project/pipelineCPU/tb_pipeline_behav.wcfg} -log {simulate.log}"
INFO: [USF-XSim-8] Loading simulator feature
Vivado Simulator 2017.4
Time resolution is 1 ps
open_wave_config D:/GitHub/Computer-Organization-Project/pipelineCPU/tb_pipeline_behav.wcfg
WARNING: Simulation object /tb_pipeline/uut_tm/u2_zero was not found in the design.
WARNING: Simulation object /tb_pipeline/uut_tm/v2_zero was not found in the design.
WARNING: Simulation object /tb_pipeline/uut_tm/u4_input_data was not found in the design.
WARNING: Simulation object /tb_pipeline/uut_tm/v4_input_data was not found in the design.
source tb_pipeline.tcl
# set curr_wave [current_wave_config]
# if { [string length $curr_wave] == 0 } {
#   if { [llength [get_objects]] > 0} {
#     add_wave /
#     set_property needs_save false [current_wave_config]
#   } else {
#      send_msg_id Add_Wave-1 WARNING "No top level signals found. Simulator will start without a wave window. If you want to open a wave window go to 'File->New Waveform Configuration' or type 'create_wave_config' in the TCL console."
#   }
# }
# run 1000ns
 Block Memory Generator module loading initial data...
 Block Memory Generator data initialization complete.
Block Memory Generator module tb_pipeline.uut_tm.if_uut.urom.inst.native_mem_module.blk_mem_gen_v8_4_1_inst is using a behavioral model for simulation which will not precisely model memory collision behavior.
Block Memory Generator module tb_pipeline.uut_tm.mem_uut.udram.inst.native_mem_module.blk_mem_gen_v8_4_1_inst is using a behavioral model for simulation which will not precisely model memory collision behavior.
INFO: [USF-XSim-96] XSim completed. Design snapshot 'tb_pipeline_behav' loaded.
INFO: [USF-XSim-97] XSim simulation ran for 1000ns
launch_simulation: Time (s): cpu = 00:00:01 ; elapsed = 00:00:06 . Memory (MB): peak = 1398.152 ; gain = 0.430
update_compile_order -fileset sources_1
update_compile_order -fileset sources_1
reset_run synth_1
WARNING: [Vivado 12-1017] Problems encountered:
1. Failed to delete one or more files in run directory D:/GitHub/Computer-Organization-Project/pipelineCPU/pipelineCPU.runs/synth_1

launch_runs synth_1 -jobs 4
[Thu May 15 00:33:46 2025] Launched synth_1...
Run output will be captured here: D:/GitHub/Computer-Organization-Project/pipelineCPU/pipelineCPU.runs/synth_1/runme.log
open_run synth_1 -name synth_1
Design is defaulting to impl run constrset: constrs_1
Design is defaulting to synth run part: xc7a35tcsg324-1
INFO: [Project 1-454] Reading design checkpoint 'd:/GitHub/Computer-Organization-Project/pipelineCPU/pipelineCPU.srcs/sources_1/ip/pgrom/pgrom.dcp' for cell 'if_uut/urom'
INFO: [Project 1-454] Reading design checkpoint 'd:/GitHub/Computer-Organization-Project/pipelineCPU/pipelineCPU.srcs/sources_1/ip/pgram/pgram.dcp' for cell 'mem_uut/udram'
INFO: [Netlist 29-17] Analyzing 67 Unisim elements for replacement
INFO: [Netlist 29-28] Unisim Transformation completed in 0 CPU seconds
INFO: [Project 1-479] Netlist was created with Vivado 2017.4
INFO: [Project 1-570] Preparing netlist for logic optimization
INFO: [Opt 31-138] Pushed 1 inverter(s) to 62 load pin(s).
INFO: [Project 1-111] Unisim Transformation Summary:
No Unisim elements were transformed.

open_run: Time (s): cpu = 00:00:10 ; elapsed = 00:00:07 . Memory (MB): peak = 1621.023 ; gain = 218.156
file mkdir D:/GitHub/Computer-Organization-Project/pipelineCPU/pipelineCPU.srcs/constrs_1
file mkdir D:/GitHub/Computer-Organization-Project/pipelineCPU/pipelineCPU.srcs/constrs_1/new
close [ open D:/GitHub/Computer-Organization-Project/pipelineCPU/pipelineCPU.srcs/constrs_1/new/pipelineCPU.xdc w ]
add_files -fileset constrs_1 D:/GitHub/Computer-Organization-Project/pipelineCPU/pipelineCPU.srcs/constrs_1/new/pipelineCPU.xdc
set_property target_constrs_file D:/GitHub/Computer-Organization-Project/pipelineCPU/pipelineCPU.srcs/constrs_1/new/pipelineCPU.xdc [current_fileset -constrset]
current_project CPU
current_project pipelineCPU
current_project CPU
current_project pipelineCPU
reset_run synth_1
WARNING: [Vivado 12-1017] Problems encountered:
1. Failed to delete one or more files in run directory D:/GitHub/Computer-Organization-Project/pipelineCPU/pipelineCPU.runs/synth_1

launch_runs synth_1 -jobs 4
[Thu May 15 00:37:14 2025] Launched synth_1...
Run output will be captured here: D:/GitHub/Computer-Organization-Project/pipelineCPU/pipelineCPU.runs/synth_1/runme.log
close_sim
INFO: [Simtcl 6-16] Simulation closed
close_project
exit
INFO: [Common 17-206] Exiting Vivado at Thu May 15 00:51:02 2025...
